prediction_for,predicted_at,lead_minutes,predicted_arrivals,corrected_predicted_arrivals,actual_arrivals,error,abs_error,corrected_error,corrected_abs_error,predicted_wait_min,status,hour,day_of_week,date
2026-08-27 06:30:00+00:00,2026-08-27 06:25:52.103019+00:00,4.1,4.5,6.065996491325778,7,-2.5,2.5,-0.9340035086742224,0.9340035086742224,1.55,OK,6,Thursday,2026-08-27
2026-08-27 06:33:00+00:00,2026-08-27 06:25:52.103019+00:00,7.1,4.3,5.796396647266854,3,1.2999999999999998,1.2999999999999998,2.796396647266854,2.796396647266854,0.0,OK,6,Thursday,2026-08-27
2026-08-27 06:36:00+00:00,2026-08-27 06:34:51.557893+00:00,1.1,5.5,7.4139957116203945,6,-0.5,0.5,1.4139957116203945,1.4139957116203945,0.0,OK,6,Thursday,2026-08-27
2026-08-27 06:39:00+00:00,2026-08-27 06:34:51.557893+00:00,4.1,4.6,6.2007964133552385,7,-2.4000000000000004,2.4000000000000004,-0.7992035866447615,0.7992035866447615,0.0,OK,6,Thursday,2026-08-27
2026-08-27 06:42:00+00:00,2026-08-27 06:34:51.557893+00:00,7.1,5.0,6.739996101473086,7,-2.0,2.0,-0.2600038985269144,0.2600038985269144,0.0,OK,6,Thursday,2026-08-27
2026-08-27 06:45:00+00:00,2026-08-27 06:45:57.760228+00:00,-1.0,4.1,5.5267968032079295,8,-3.9000000000000004,3.9000000000000004,-2.4732031967920705,2.4732031967920705,0.0,OK,6,Thursday,2026-08-27
2026-08-27 06:48:00+00:00,2026-08-27 06:45:57.760228+00:00,2.0,4.0,5.391996881178469,7,-3.0,3.0,-1.6080031188215314,1.6080031188215314,0.0,OK,6,Thursday,2026-08-27
2026-08-27 06:51:00+00:00,2026-08-27 06:45:57.760228+00:00,5.0,3.8,5.122397037119545,15,-11.2,11.2,-9.877602962880456,9.877602962880456,0.0,OK,6,Thursday,2026-08-27
2026-08-27 06:54:00+00:00,2026-08-27 06:55:17.013814+00:00,-1.3,6.8,9.166394698003396,6,0.7999999999999998,0.7999999999999998,3.166394698003396,3.166394698003396,0.0,OK,6,Thursday,2026-08-27
2026-08-27 06:57:00+00:00,2026-08-27 06:55:17.013814+00:00,1.7,6.1,8.222795243797163,7,-0.9000000000000004,0.9000000000000004,1.2227952437971634,1.2227952437971634,0.0,OK,6,Thursday,2026-08-27
2026-08-27 07:00:00+00:00,2026-08-27 06:55:17.013814+00:00,4.7,6.1,8.222795243797163,10,-3.9000000000000004,3.9000000000000004,-1.7772047562028366,1.7772047562028366,0.0,OK,7,Thursday,2026-08-27
2026-08-27 07:03:00+00:00,2026-08-27 06:55:17.013814+00:00,7.7,6.3,8.492395087856089,3,3.3,3.3,5.492395087856089,5.492395087856089,0.0,OK,7,Thursday,2026-08-27
2026-08-27 07:06:00+00:00,2026-08-27 07:05:05.120964+00:00,0.9,6.7,9.031594775973936,9,-2.3,2.3,0.031594775973935896,0.031594775973935896,0.0,OK,7,Thursday,2026-08-27
2026-08-27 07:09:00+00:00,2026-08-27 07:05:05.120964+00:00,3.9,6.6,8.896794853944472,10,-3.4000000000000004,3.4000000000000004,-1.1032051460555277,1.1032051460555277,0.0,OK,7,Thursday,2026-08-27
2026-08-27 07:12:00+00:00,2026-08-27 07:05:05.120964+00:00,6.9,6.5,8.761994931915012,12,-5.5,5.5,-3.2380050680849877,3.2380050680849877,0.0,OK,7,Thursday,2026-08-27
2026-08-27 07:15:00+00:00,2026-08-27 07:15:24.999284+00:00,-0.4,5.8,7.818395477708779,5,0.7999999999999998,0.7999999999999998,2.818395477708779,2.818395477708779,0.0,OK,7,Thursday,2026-08-27
2026-08-27 07:18:00+00:00,2026-08-27 07:15:24.999284+00:00,2.6,5.4,7.279195789590933,1,4.4,4.4,6.279195789590933,6.279195789590933,0.0,OK,7,Thursday,2026-08-27
2026-08-27 07:21:00+00:00,2026-08-27 07:15:24.999284+00:00,5.6,5.4,7.279195789590933,5,0.40000000000000036,0.40000000000000036,2.2791957895909327,2.2791957895909327,0.0,OK,7,Thursday,2026-08-27
2026-08-27 07:24:00+00:00,2026-08-27 07:24:36.669190+00:00,-0.6,4.4,5.931196569296316,8,-3.5999999999999996,3.5999999999999996,-2.068803430703684,2.068803430703684,0.0,OK,7,Thursday,2026-08-27
2026-08-27 07:27:00+00:00,2026-08-27 07:24:36.669190+00:00,2.4,4.4,5.931196569296316,5,-0.5999999999999996,0.5999999999999996,0.9311965692963158,0.9311965692963158,0.0,OK,7,Thursday,2026-08-27
2026-08-27 07:30:00+00:00,2026-08-27 07:24:36.669190+00:00,5.4,4.7,6.335596335384701,7,-2.3,2.3,-0.6644036646152989,0.6644036646152989,0.0,OK,7,Thursday,2026-08-27
2026-08-27 07:33:00+00:00,2026-08-27 07:24:36.669190+00:00,8.4,4.9,6.605196179443625,11,-6.1,6.1,-4.394803820556375,4.394803820556375,0.0,OK,7,Thursday,2026-08-27
2026-08-27 07:36:00+00:00,2026-08-27 07:35:08.183596+00:00,0.9,7.2,9.705594386121243,9,-1.7999999999999998,1.7999999999999998,0.705594386121243,0.705594386121243,0.0,OK,7,Thursday,2026-08-27
2026-08-27 07:39:00+00:00,2026-08-27 07:35:08.183596+00:00,3.9,7.2,9.705594386121243,4,3.2,3.2,5.705594386121243,5.705594386121243,0.0,OK,7,Thursday,2026-08-27
2026-08-27 07:42:00+00:00,2026-08-27 07:35:08.183596+00:00,6.9,7.1,9.570794464091781,8,-0.9000000000000004,0.9000000000000004,1.5707944640917813,1.5707944640917813,0.0,OK,7,Thursday,2026-08-27
2026-08-27 07:45:00+00:00,2026-08-27 07:45:03.474119+00:00,-0.1,5.2,7.009595945532009,5,0.20000000000000018,0.20000000000000018,2.009595945532009,2.009595945532009,0.0,OK,7,Thursday,2026-08-27
2026-08-27 07:48:00+00:00,2026-08-27 07:45:03.474119+00:00,2.9,5.2,7.009595945532009,6,-0.7999999999999998,0.7999999999999998,1.0095959455320092,1.0095959455320092,0.0,OK,7,Thursday,2026-08-27
2026-08-27 07:51:00+00:00,2026-08-27 07:45:03.474119+00:00,5.9,5.4,7.279195789590933,4,1.4000000000000004,1.4000000000000004,3.2791957895909327,3.2791957895909327,0.0,OK,7,Thursday,2026-08-27
2026-08-27 07:54:00+00:00,2026-08-27 07:55:39.906354+00:00,-1.7,5.6,7.548795633649855,9,-3.4000000000000004,3.4000000000000004,-1.4512043663501446,1.4512043663501446,0.0,OK,7,Thursday,2026-08-27
2026-08-27 07:57:00+00:00,2026-08-27 07:55:39.906354+00:00,1.3,5.5,7.4139957116203945,1,4.5,4.5,6.4139957116203945,6.4139957116203945,0.0,OK,7,Thursday,2026-08-27
2026-08-27 08:00:00+00:00,2026-08-27 07:55:39.906354+00:00,4.3,5.6,7.548795633649855,3,2.5999999999999996,2.5999999999999996,4.548795633649855,4.548795633649855,0.0,OK,8,Thursday,2026-08-27
2026-08-27 08:03:00+00:00,2026-08-27 07:55:39.906354+00:00,7.3,5.7,7.683595555679318,8,-2.3,2.3,-0.31640444432068193,0.31640444432068193,0.0,OK,8,Thursday,2026-08-27
2026-08-27 08:06:00+00:00,2026-08-27 08:05:31.785302+00:00,0.5,5.1,6.874796023502547,12,-6.9,6.9,-5.125203976497453,5.125203976497453,0.0,OK,8,Thursday,2026-08-27
2026-08-27 08:09:00+00:00,2026-08-27 08:05:31.785302+00:00,3.5,5.2,7.009595945532009,12,-6.8,6.8,-4.990404054467991,4.990404054467991,0.0,OK,8,Thursday,2026-08-27
2026-08-27 08:12:00+00:00,2026-08-27 08:05:31.785302+00:00,6.5,5.3,7.144395867561471,8,-2.7,2.7,-0.8556041324385291,0.8556041324385291,0.0,OK,8,Thursday,2026-08-27
2026-08-27 08:15:00+00:00,2026-08-27 08:14:38.223218+00:00,0.4,7.3,9.840394308150705,17,-9.7,9.7,-7.159605691849295,7.159605691849295,0.0,OK,8,Thursday,2026-08-27
2026-08-27 08:18:00+00:00,2026-08-27 08:14:38.223218+00:00,3.4,6.9,9.30119462003286,11,-4.1,4.1,-1.6988053799671405,1.6988053799671405,0.0,OK,8,Thursday,2026-08-27
2026-08-27 08:21:00+00:00,2026-08-27 08:14:38.223218+00:00,6.4,6.7,9.031594775973936,11,-4.3,4.3,-1.968405224026064,1.968405224026064,0.0,OK,8,Thursday,2026-08-27
2026-08-27 08:24:00+00:00,2026-08-27 08:25:48.996054+00:00,-1.8,9.0,12.131992982651555,10,-1.0,1.0,2.131992982651555,2.131992982651555,0.0,OK,8,Thursday,2026-08-27
2026-08-27 08:27:00+00:00,2026-08-27 08:25:48.996054+00:00,1.2,8.4,11.323193450474784,7,1.4000000000000004,1.4000000000000004,4.323193450474784,4.323193450474784,0.0,OK,8,Thursday,2026-08-27
2026-08-27 08:30:00+00:00,2026-08-27 08:25:48.996054+00:00,4.2,8.2,11.053593606415859,9,-0.8000000000000007,0.8000000000000007,2.053593606415859,2.053593606415859,0.0,OK,8,Thursday,2026-08-27
2026-08-27 08:33:00+00:00,2026-08-27 08:25:48.996054+00:00,7.2,8.0,10.783993762356937,7,1.0,1.0,3.7839937623569373,3.7839937623569373,0.0,OK,8,Thursday,2026-08-27
2026-08-27 08:36:00+00:00,2026-08-27 08:34:54.393504+00:00,1.1,6.1,8.222795243797163,5,1.0999999999999996,1.0999999999999996,3.2227952437971634,3.2227952437971634,0.0,OK,8,Thursday,2026-08-27
2026-08-27 08:39:00+00:00,2026-08-27 08:34:54.393504+00:00,4.1,5.9,7.953195399738242,7,-1.0999999999999996,1.0999999999999996,0.9531953997382416,0.9531953997382416,0.0,OK,8,Thursday,2026-08-27
2026-08-27 08:42:00+00:00,2026-08-27 08:34:54.393504+00:00,7.1,6.0,8.087995321767703,7,-1.0,1.0,1.0879953217677034,1.0879953217677034,0.0,OK,8,Thursday,2026-08-27
2026-08-27 08:45:00+00:00,2026-08-27 08:44:35.356716+00:00,0.4,7.7,10.379593996268552,9,-1.2999999999999998,1.2999999999999998,1.379593996268552,1.379593996268552,0.0,OK,8,Thursday,2026-08-27
2026-08-27 08:48:00+00:00,2026-08-27 08:44:35.356716+00:00,3.4,7.6,10.24479407423909,12,-4.4,4.4,-1.7552059257609098,1.7552059257609098,0.0,OK,8,Thursday,2026-08-27
2026-08-27 08:51:00+00:00,2026-08-27 08:44:35.356716+00:00,6.4,7.6,10.24479407423909,11,-3.4000000000000004,3.4000000000000004,-0.7552059257609098,0.7552059257609098,0.0,OK,8,Thursday,2026-08-27
2026-08-27 08:54:00+00:00,2026-08-27 08:55:26.967088+00:00,-1.4,8.5,11.457993372504246,5,3.5,3.5,6.457993372504246,6.457993372504246,0.0,OK,8,Thursday,2026-08-27
2026-08-27 08:57:00+00:00,2026-08-27 08:55:26.967088+00:00,1.6,8.3,11.188393528445323,9,-0.6999999999999993,0.6999999999999993,2.1883935284453226,2.1883935284453226,0.0,OK,8,Thursday,2026-08-27
2026-08-27 09:00:00+00:00,2026-08-27 08:55:26.967088+00:00,4.6,8.0,10.783993762356937,8,0.0,0.0,2.7839937623569373,2.7839937623569373,0.0,OK,9,Thursday,2026-08-27
2026-08-27 09:03:00+00:00,2026-08-27 08:55:26.967088+00:00,7.6,7.6,10.24479407423909,9,-1.4000000000000004,1.4000000000000004,1.2447940742390902,1.2447940742390902,0.0,OK,9,Thursday,2026-08-27
2026-08-27 09:06:00+00:00,2026-08-27 09:05:10.168872+00:00,0.8,6.5,8.761994931915012,7,-0.5,0.5,1.7619949319150123,1.7619949319150123,0.0,OK,9,Thursday,2026-08-27
2026-08-27 09:09:00+00:00,2026-08-27 09:05:10.168872+00:00,3.8,6.3,8.492395087856089,14,-7.7,7.7,-5.507604912143911,5.507604912143911,0.0,OK,9,Thursday,2026-08-27
2026-08-27 09:12:00+00:00,2026-08-27 09:05:10.168872+00:00,6.8,6.5,8.761994931915012,7,-0.5,0.5,1.7619949319150123,1.7619949319150123,0.0,OK,9,Thursday,2026-08-27
2026-08-27 09:15:00+00:00,2026-08-27 09:14:52.148929+00:00,0.1,6.9,9.30119462003286,7,-0.09999999999999964,0.09999999999999964,2.3011946200328595,2.3011946200328595,0.0,OK,9,Thursday,2026-08-27
2026-08-27 09:18:00+00:00,2026-08-27 09:14:52.148929+00:00,3.1,6.8,9.166394698003396,7,-0.20000000000000018,0.20000000000000018,2.166394698003396,2.166394698003396,0.0,OK,9,Thursday,2026-08-27
2026-08-27 09:21:00+00:00,2026-08-27 09:14:52.148929+00:00,6.1,7.0,9.43599454206232,11,-4.0,4.0,-1.5640054579376805,1.5640054579376805,0.0,OK,9,Thursday,2026-08-27
2026-08-27 09:24:00+00:00,2026-08-27 09:24:54.704269+00:00,-0.9,7.7,10.379593996268552,15,-7.3,7.3,-4.620406003731448,4.620406003731448,0.0,OK,9,Thursday,2026-08-27
2026-08-27 09:27:00+00:00,2026-08-27 09:24:54.704269+00:00,2.1,7.8,10.514393918298014,12,-4.2,4.2,-1.4856060817019863,1.4856060817019863,0.0,OK,9,Thursday,2026-08-27
2026-08-27 09:30:00+00:00,2026-08-27 09:24:54.704269+00:00,5.1,7.8,10.514393918298014,12,-4.2,4.2,-1.4856060817019863,1.4856060817019863,0.0,OK,9,Thursday,2026-08-27
2026-08-27 09:33:00+00:00,2026-08-27 09:24:54.704269+00:00,8.1,7.8,10.514393918298014,4,3.8,3.8,6.514393918298014,6.514393918298014,0.0,OK,9,Thursday,2026-08-27
2026-08-27 09:36:00+00:00,2026-08-27 09:35:18.720909+00:00,0.7,8.0,10.783993762356937,8,0.0,0.0,2.7839937623569373,2.7839937623569373,0.0,OK,9,Thursday,2026-08-27
2026-08-27 09:39:00+00:00,2026-08-27 09:35:18.720909+00:00,3.7,7.6,10.24479407423909,16,-8.4,8.4,-5.75520592576091,5.75520592576091,0.0,OK,9,Thursday,2026-08-27
2026-08-27 09:42:00+00:00,2026-08-27 09:35:18.720909+00:00,6.7,7.4,9.975194230180167,6,1.4000000000000004,1.4000000000000004,3.9751942301801666,3.9751942301801666,0.0,OK,9,Thursday,2026-08-27
2026-08-27 09:45:00+00:00,2026-08-27 09:45:20.186020+00:00,-0.3,7.4,9.975194230180167,15,-7.6,7.6,-5.024805769819833,5.024805769819833,0.0,OK,9,Thursday,2026-08-27
2026-08-27 09:48:00+00:00,2026-08-27 09:45:20.186020+00:00,2.7,7.1,9.570794464091781,7,0.09999999999999964,0.09999999999999964,2.5707944640917813,2.5707944640917813,0.0,OK,9,Thursday,2026-08-27
2026-08-27 09:51:00+00:00,2026-08-27 09:45:20.186020+00:00,5.7,7.3,9.840394308150705,6,1.2999999999999998,1.2999999999999998,3.840394308150705,3.840394308150705,0.0,OK,9,Thursday,2026-08-27
2026-08-27 09:54:00+00:00,2026-08-27 09:55:12.751290+00:00,-1.2,7.4,9.975194230180167,5,2.4000000000000004,2.4000000000000004,4.975194230180167,4.975194230180167,0.0,OK,9,Thursday,2026-08-27
2026-08-27 09:57:00+00:00,2026-08-27 09:55:12.751290+00:00,1.8,7.3,9.840394308150705,4,3.3,3.3,5.840394308150705,5.840394308150705,0.0,OK,9,Thursday,2026-08-27
2026-08-27 10:00:00+00:00,2026-08-27 09:55:12.751290+00:00,4.8,7.2,9.705594386121243,17,-9.8,9.8,-7.294405613878757,7.294405613878757,0.0,OK,10,Thursday,2026-08-27
2026-08-27 10:03:00+00:00,2026-08-27 09:55:12.751290+00:00,7.8,7.3,9.840394308150705,23,-15.7,15.7,-13.159605691849295,13.159605691849295,0.0,OK,10,Thursday,2026-08-27
2026-08-27 10:06:00+00:00,2026-08-27 10:06:17.816958+00:00,-0.3,6.9,9.30119462003286,13,-6.1,6.1,-3.6988053799671405,3.6988053799671405,0.0,OK,10,Thursday,2026-08-27
2026-08-27 10:09:00+00:00,2026-08-27 10:06:17.816958+00:00,2.7,6.6,8.896794853944472,6,0.5999999999999996,0.5999999999999996,2.8967948539444723,2.8967948539444723,0.0,OK,10,Thursday,2026-08-27
2026-08-27 10:12:00+00:00,2026-08-27 10:06:17.816958+00:00,5.7,6.8,9.166394698003396,6,0.7999999999999998,0.7999999999999998,3.166394698003396,3.166394698003396,0.0,OK,10,Thursday,2026-08-27
2026-08-27 10:15:00+00:00,2026-08-27 10:14:51.347717+00:00,0.1,8.9,11.997193060622093,6,2.9000000000000004,2.9000000000000004,5.997193060622093,5.997193060622093,0.0,OK,10,Thursday,2026-08-27
2026-08-27 10:18:00+00:00,2026-08-27 10:14:51.347717+00:00,3.1,8.5,11.457993372504246,15,-6.5,6.5,-3.542006627495754,3.542006627495754,0.0,OK,10,Thursday,2026-08-27
2026-08-27 10:21:00+00:00,2026-08-27 10:14:51.347717+00:00,6.1,8.1,10.918793684386399,13,-4.9,4.9,-2.081206315613601,2.081206315613601,0.0,OK,10,Thursday,2026-08-27
2026-08-27 10:24:00+00:00,2026-08-27 10:25:23.401099+00:00,-1.4,9.7,13.075592436857786,14,-4.300000000000001,4.300000000000001,-0.9244075631422142,0.9244075631422142,0.0,OK,10,Thursday,2026-08-27
2026-08-27 10:27:00+00:00,2026-08-27 10:25:23.401099+00:00,1.6,9.4,12.671192670769402,6,3.4000000000000004,3.4000000000000004,6.671192670769402,6.671192670769402,0.0,OK,10,Thursday,2026-08-27
2026-08-27 10:30:00+00:00,2026-08-27 10:25:23.401099+00:00,4.6,8.9,11.997193060622093,7,1.9000000000000004,1.9000000000000004,4.997193060622093,4.997193060622093,0.0,OK,10,Thursday,2026-08-27
2026-08-27 10:33:00+00:00,2026-08-27 10:25:23.401099+00:00,7.6,8.9,11.997193060622093,2,6.9,6.9,9.997193060622093,9.997193060622093,0.0,OK,10,Thursday,2026-08-27
2026-08-27 10:36:00+00:00,2026-08-27 10:35:01.435061+00:00,1.0,7.5,10.109994152209628,14,-6.5,6.5,-3.8900058477903716,3.8900058477903716,0.0,OK,10,Thursday,2026-08-27
2026-08-27 10:39:00+00:00,2026-08-27 10:35:01.435061+00:00,4.0,7.3,9.840394308150705,14,-6.7,6.7,-4.159605691849295,4.159605691849295,0.0,OK,10,Thursday,2026-08-27
2026-08-27 10:42:00+00:00,2026-08-27 10:35:01.435061+00:00,7.0,7.1,9.570794464091781,11,-3.9000000000000004,3.9000000000000004,-1.4292055359082187,1.4292055359082187,0.0,OK,10,Thursday,2026-08-27
2026-08-27 10:45:00+00:00,2026-08-27 10:45:36.611502+00:00,-0.6,9.8,13.21039235888725,7,2.8000000000000007,2.8000000000000007,6.210392358887249,6.210392358887249,0.0,OK,10,Thursday,2026-08-27
2026-08-27 10:48:00+00:00,2026-08-27 10:45:36.611502+00:00,2.4,9.5,12.805992592798862,7,2.5,2.5,5.805992592798862,5.805992592798862,0.0,OK,10,Thursday,2026-08-27
2026-08-27 10:51:00+00:00,2026-08-27 10:45:36.611502+00:00,5.4,9.0,12.131992982651555,11,-2.0,2.0,1.1319929826515551,1.1319929826515551,0.0,OK,10,Thursday,2026-08-27
2026-08-27 10:54:00+00:00,2026-08-27 10:56:01.367524+00:00,-2.0,8.0,10.783993762356937,11,-3.0,3.0,-0.2160062376430627,0.2160062376430627,0.0,OK,10,Thursday,2026-08-27
2026-08-27 10:57:00+00:00,2026-08-27 10:56:01.367524+00:00,1.0,7.5,10.109994152209628,5,2.5,2.5,5.109994152209628,5.109994152209628,0.0,OK,10,Thursday,2026-08-27
2026-08-27 11:00:00+00:00,2026-08-27 10:56:01.367524+00:00,4.0,7.0,9.43599454206232,2,5.0,5.0,7.4359945420623195,7.4359945420623195,0.0,OK,11,Thursday,2026-08-27
2026-08-27 11:03:00+00:00,2026-08-27 10:56:01.367524+00:00,7.0,7.0,9.43599454206232,6,1.0,1.0,3.4359945420623195,3.4359945420623195,0.0,OK,11,Thursday,2026-08-27
2026-08-27 11:06:00+00:00,2026-08-27 11:04:52.768553+00:00,1.1,4.9,6.605196179443625,4,0.9000000000000004,0.9000000000000004,2.6051961794436247,2.6051961794436247,0.0,OK,11,Thursday,2026-08-27
2026-08-27 11:09:00+00:00,2026-08-27 11:04:52.768553+00:00,4.1,4.6,6.2007964133552385,10,-5.4,5.4,-3.7992035866447615,3.7992035866447615,0.0,OK,11,Thursday,2026-08-27
2026-08-27 11:12:00+00:00,2026-08-27 11:04:52.768553+00:00,7.1,4.6,6.2007964133552385,11,-6.4,6.4,-4.7992035866447615,4.7992035866447615,0.0,OK,11,Thursday,2026-08-27
2026-08-27 11:15:00+00:00,2026-08-27 11:14:42.652496+00:00,0.3,5.3,7.144395867561471,2,3.3,3.3,5.144395867561471,5.144395867561471,0.0,OK,11,Thursday,2026-08-27
2026-08-27 11:18:00+00:00,2026-08-27 11:14:42.652496+00:00,3.3,4.9,6.605196179443625,2,2.9000000000000004,2.9000000000000004,4.605196179443625,4.605196179443625,0.0,OK,11,Thursday,2026-08-27
2026-08-27 11:21:00+00:00,2026-08-27 11:14:42.652496+00:00,6.3,4.8,6.470396257414162,5,-0.20000000000000018,0.20000000000000018,1.470396257414162,1.470396257414162,0.0,OK,11,Thursday,2026-08-27
2026-08-27 11:24:00+00:00,2026-08-27 11:24:30.682042+00:00,-0.5,4.2,5.661596725237392,4,0.20000000000000018,0.20000000000000018,1.6615967252373922,1.6615967252373922,0.0,OK,11,Thursday,2026-08-27
2026-08-27 11:27:00+00:00,2026-08-27 11:24:30.682042+00:00,2.5,4.4,5.931196569296316,1,3.4000000000000004,3.4000000000000004,4.931196569296316,4.931196569296316,0.0,OK,11,Thursday,2026-08-27
2026-08-27 11:30:00+00:00,2026-08-27 11:24:30.682042+00:00,5.5,4.5,6.065996491325778,5,-0.5,0.5,1.0659964913257776,1.0659964913257776,0.0,OK,11,Thursday,2026-08-27
2026-08-27 11:33:00+00:00,2026-08-27 11:24:30.682042+00:00,8.5,4.7,6.335596335384701,4,0.7000000000000002,0.7000000000000002,2.335596335384701,2.335596335384701,0.0,OK,11,Thursday,2026-08-27
2026-08-27 11:36:00+00:00,2026-08-27 11:34:35.626477+00:00,1.4,4.9,6.605196179443625,3,1.9000000000000004,1.9000000000000004,3.6051961794436247,3.6051961794436247,0.0,OK,11,Thursday,2026-08-27
2026-08-27 11:39:00+00:00,2026-08-27 11:34:35.626477+00:00,4.4,4.7,6.335596335384701,9,-4.3,4.3,-2.664403664615299,2.664403664615299,0.0,OK,11,Thursday,2026-08-27
2026-08-27 11:42:00+00:00,2026-08-27 11:34:35.626477+00:00,7.4,4.4,5.931196569296316,9,-4.6,4.6,-3.068803430703684,3.068803430703684,0.0,OK,11,Thursday,2026-08-27
2026-08-27 11:45:00+00:00,2026-08-27 11:45:01.542099+00:00,-0.0,3.8,5.122397037119545,7,-3.2,3.2,-1.877602962880455,1.877602962880455,0.0,OK,11,Thursday,2026-08-27
2026-08-27 11:48:00+00:00,2026-08-27 11:45:01.542099+00:00,3.0,3.9,5.257196959149007,6,-2.1,2.1,-0.7428030408509931,0.7428030408509931,0.0,OK,11,Thursday,2026-08-27
2026-08-27 11:51:00+00:00,2026-08-27 11:45:01.542099+00:00,6.0,4.0,5.391996881178469,4,0.0,0.0,1.3919968811784686,1.3919968811784686,0.0,OK,11,Thursday,2026-08-27
2026-08-27 11:54:00+00:00,2026-08-27 11:54:50.162132+00:00,-0.8,4.4,5.931196569296316,11,-6.6,6.6,-5.068803430703684,5.068803430703684,0.0,OK,11,Thursday,2026-08-27
2026-08-27 11:57:00+00:00,2026-08-27 11:54:50.162132+00:00,2.2,4.1,5.5267968032079295,4,0.09999999999999964,0.09999999999999964,1.5267968032079295,1.5267968032079295,0.0,OK,11,Thursday,2026-08-27
2026-08-27 12:00:00+00:00,2026-08-27 11:54:50.162132+00:00,5.2,4.2,5.661596725237392,5,-0.7999999999999998,0.7999999999999998,0.6615967252373922,0.6615967252373922,0.0,OK,12,Thursday,2026-08-27
2026-08-27 12:03:00+00:00,2026-08-27 11:54:50.162132+00:00,8.2,4.3,5.796396647266854,4,0.2999999999999998,0.2999999999999998,1.796396647266854,1.796396647266854,0.0,OK,12,Thursday,2026-08-27
2026-08-27 12:06:00+00:00,2026-08-27 12:04:33.239786+00:00,1.4,4.5,6.065996491325778,2,2.5,2.5,4.065996491325778,4.065996491325778,0.0,OK,12,Thursday,2026-08-27
2026-08-27 12:09:00+00:00,2026-08-27 12:04:33.239786+00:00,4.4,4.6,6.2007964133552385,5,-0.40000000000000036,0.40000000000000036,1.2007964133552385,1.2007964133552385,0.0,OK,12,Thursday,2026-08-27
2026-08-27 12:12:00+00:00,2026-08-27 12:04:33.239786+00:00,7.4,4.7,6.335596335384701,9,-4.3,4.3,-2.664403664615299,2.664403664615299,0.0,OK,12,Thursday,2026-08-27
2026-08-27 12:15:00+00:00,2026-08-27 12:14:48.688905+00:00,0.2,3.4,4.583197349001698,10,-6.6,6.6,-5.416802650998302,5.416802650998302,0.0,OK,12,Thursday,2026-08-27
2026-08-27 12:18:00+00:00,2026-08-27 12:14:48.688905+00:00,3.2,3.3,4.448397426972236,5,-1.7000000000000002,1.7000000000000002,-0.5516025730277638,0.5516025730277638,0.0,OK,12,Thursday,2026-08-27
2026-08-27 12:21:00+00:00,2026-08-27 12:14:48.688905+00:00,6.2,3.3,4.448397426972236,8,-4.7,4.7,-3.551602573027764,3.551602573027764,0.0,OK,12,Thursday,2026-08-27
2026-08-27 12:24:00+00:00,2026-08-27 12:25:14.998693+00:00,-1.2,5.0,6.739996101473086,11,-6.0,6.0,-4.260003898526914,4.260003898526914,0.0,OK,12,Thursday,2026-08-27
2026-08-27 12:27:00+00:00,2026-08-27 12:25:14.998693+00:00,1.8,5.0,6.739996101473086,12,-7.0,7.0,-5.260003898526914,5.260003898526914,0.0,OK,12,Thursday,2026-08-27
2026-08-27 12:30:00+00:00,2026-08-27 12:25:14.998693+00:00,4.8,5.0,6.739996101473086,13,-8.0,8.0,-6.260003898526914,6.260003898526914,0.0,OK,12,Thursday,2026-08-27
2026-08-27 12:33:00+00:00,2026-08-27 12:25:14.998693+00:00,7.8,5.0,6.739996101473086,9,-4.0,4.0,-2.2600038985269144,2.2600038985269144,0.0,OK,12,Thursday,2026-08-27
2026-08-27 12:36:00+00:00,2026-08-27 12:34:25.964983+00:00,1.6,8.1,10.918793684386399,13,-4.9,4.9,-2.081206315613601,2.081206315613601,0.0,OK,12,Thursday,2026-08-27
2026-08-27 12:39:00+00:00,2026-08-27 12:34:25.964983+00:00,4.6,7.5,10.109994152209628,11,-3.5,3.5,-0.8900058477903716,0.8900058477903716,0.0,OK,12,Thursday,2026-08-27
2026-08-27 12:42:00+00:00,2026-08-27 12:34:25.964983+00:00,7.6,7.0,9.43599454206232,2,5.0,5.0,7.4359945420623195,7.4359945420623195,0.0,OK,12,Thursday,2026-08-27
2026-08-27 12:45:00+00:00,2026-08-27 12:44:36.851306+00:00,0.4,8.5,11.457993372504246,8,0.5,0.5,3.457993372504246,3.457993372504246,0.0,OK,12,Thursday,2026-08-27
2026-08-27 12:48:00+00:00,2026-08-27 12:44:36.851306+00:00,3.4,8.0,10.783993762356937,9,-1.0,1.0,1.7839937623569373,1.7839937623569373,0.0,OK,12,Thursday,2026-08-27
2026-08-27 12:51:00+00:00,2026-08-27 12:44:36.851306+00:00,6.4,7.7,10.379593996268552,7,0.7000000000000002,0.7000000000000002,3.379593996268552,3.379593996268552,0.0,OK,12,Thursday,2026-08-27
2026-08-27 12:54:00+00:00,2026-08-27 12:54:26.712429+00:00,-0.4,6.1,8.222795243797163,14,-7.9,7.9,-5.777204756202837,5.777204756202837,0.0,OK,12,Thursday,2026-08-27
2026-08-27 12:57:00+00:00,2026-08-27 12:54:26.712429+00:00,2.6,6.2,8.357595165826627,7,-0.7999999999999998,0.7999999999999998,1.357595165826627,1.357595165826627,0.0,OK,12,Thursday,2026-08-27
2026-08-27 13:00:00+00:00,2026-08-27 12:54:26.712429+00:00,5.6,6.4,8.62719500988555,5,1.4000000000000004,1.4000000000000004,3.6271950098855505,3.6271950098855505,0.0,OK,13,Thursday,2026-08-27
2026-08-27 13:03:00+00:00,2026-08-27 12:54:26.712429+00:00,8.6,6.5,8.761994931915012,5,1.5,1.5,3.7619949319150123,3.7619949319150123,0.0,OK,13,Thursday,2026-08-27
2026-08-27 13:06:00+00:00,2026-08-27 13:04:29.400113+00:00,1.5,5.2,7.009595945532009,8,-2.8,2.8,-0.9904040544679908,0.9904040544679908,0.0,OK,13,Thursday,2026-08-27
2026-08-27 13:09:00+00:00,2026-08-27 13:04:29.400113+00:00,4.5,5.2,7.009595945532009,8,-2.8,2.8,-0.9904040544679908,0.9904040544679908,0.0,OK,13,Thursday,2026-08-27
2026-08-27 13:12:00+00:00,2026-08-27 13:04:29.400113+00:00,7.5,5.3,7.144395867561471,5,0.2999999999999998,0.2999999999999998,2.144395867561471,2.144395867561471,0.0,OK,13,Thursday,2026-08-27
2026-08-27 13:15:00+00:00,2026-08-27 13:14:08.607749+00:00,0.9,5.1,6.874796023502547,6,-0.9000000000000004,0.9000000000000004,0.8747960235025474,0.8747960235025474,0.0,OK,13,Thursday,2026-08-27
2026-08-27 13:18:00+00:00,2026-08-27 13:14:08.607749+00:00,3.9,5.0,6.739996101473086,5,0.0,0.0,1.7399961014730856,1.7399961014730856,0.0,OK,13,Thursday,2026-08-27
2026-08-27 13:21:00+00:00,2026-08-27 13:14:08.607749+00:00,6.9,5.0,6.739996101473086,10,-5.0,5.0,-3.2600038985269144,3.2600038985269144,0.0,OK,13,Thursday,2026-08-27
2026-08-27 13:24:00+00:00,2026-08-27 13:24:18.954582+00:00,-0.3,4.7,6.335596335384701,6,-1.2999999999999998,1.2999999999999998,0.3355963353847011,0.3355963353847011,0.0,OK,13,Thursday,2026-08-27
2026-08-27 13:27:00+00:00,2026-08-27 13:24:18.954582+00:00,2.7,4.7,6.335596335384701,1,3.7,3.7,5.335596335384701,5.335596335384701,0.0,OK,13,Thursday,2026-08-27
2026-08-27 13:30:00+00:00,2026-08-27 13:24:18.954582+00:00,5.7,4.3,5.796396647266854,3,1.2999999999999998,1.2999999999999998,2.796396647266854,2.796396647266854,0.0,OK,13,Thursday,2026-08-27
2026-08-27 13:33:00+00:00,2026-08-27 13:24:18.954582+00:00,8.7,4.2,5.661596725237392,4,0.20000000000000018,0.20000000000000018,1.6615967252373922,1.6615967252373922,0.0,OK,13,Thursday,2026-08-27
2026-08-27 13:36:00+00:00,2026-08-27 13:34:09.083944+00:00,1.8,3.8,5.122397037119545,8,-4.2,4.2,-2.877602962880455,2.877602962880455,0.0,OK,13,Thursday,2026-08-27
2026-08-27 13:39:00+00:00,2026-08-27 13:34:09.083944+00:00,4.8,3.7,4.987597115090083,4,-0.2999999999999998,0.2999999999999998,0.9875971150900833,0.9875971150900833,0.0,OK,13,Thursday,2026-08-27
2026-08-27 13:42:00+00:00,2026-08-27 13:34:09.083944+00:00,7.8,3.8,5.122397037119545,9,-5.2,5.2,-3.877602962880455,3.877602962880455,0.0,OK,13,Thursday,2026-08-27
2026-08-27 13:45:00+00:00,2026-08-27 13:44:17.232627+00:00,0.7,4.7,6.335596335384701,13,-8.3,8.3,-6.664403664615299,6.664403664615299,0.0,OK,13,Thursday,2026-08-27
2026-08-27 13:48:00+00:00,2026-08-27 13:44:17.232627+00:00,3.7,4.8,6.470396257414162,7,-2.2,2.2,-0.529603742585838,0.529603742585838,0.0,OK,13,Thursday,2026-08-27
2026-08-27 13:51:00+00:00,2026-08-27 13:44:17.232627+00:00,6.7,4.9,6.605196179443625,2,2.9000000000000004,2.9000000000000004,4.605196179443625,4.605196179443625,0.0,OK,13,Thursday,2026-08-27
2026-08-27 13:54:00+00:00,2026-08-27 13:54:24.509052+00:00,-0.4,4.4,5.931196569296316,7,-2.5999999999999996,2.5999999999999996,-1.0688034307036842,1.0688034307036842,0.0,OK,13,Thursday,2026-08-27
2026-08-27 13:57:00+00:00,2026-08-27 13:54:24.509052+00:00,2.6,4.4,5.931196569296316,5,-0.5999999999999996,0.5999999999999996,0.9311965692963158,0.9311965692963158,0.0,OK,13,Thursday,2026-08-27
2026-08-27 14:00:00+00:00,2026-08-27 13:54:24.509052+00:00,5.6,4.4,5.931196569296316,6,-1.5999999999999996,1.5999999999999996,-0.06880343070368422,0.06880343070368422,0.0,OK,14,Thursday,2026-08-27
2026-08-27 14:03:00+00:00,2026-08-27 13:54:24.509052+00:00,8.6,4.5,6.065996491325778,5,-0.5,0.5,1.0659964913257776,1.0659964913257776,0.0,OK,14,Thursday,2026-08-27
2026-08-27 14:06:00+00:00,2026-08-27 14:04:29.314477+00:00,1.5,5.7,7.683595555679318,5,0.7000000000000002,0.7000000000000002,2.683595555679318,2.683595555679318,0.0,OK,14,Thursday,2026-08-27
2026-08-27 14:09:00+00:00,2026-08-27 14:04:29.314477+00:00,4.5,5.9,7.953195399738242,7,-1.0999999999999996,1.0999999999999996,0.9531953997382416,0.9531953997382416,0.0,OK,14,Thursday,2026-08-27
2026-08-27 14:12:00+00:00,2026-08-27 14:04:29.314477+00:00,7.5,5.9,7.953195399738242,3,2.9000000000000004,2.9000000000000004,4.953195399738242,4.953195399738242,0.0,OK,14,Thursday,2026-08-27
2026-08-27 14:15:00+00:00,2026-08-27 14:14:35.076600+00:00,0.4,5.9,7.953195399738242,9,-3.0999999999999996,3.0999999999999996,-1.0468046002617584,1.0468046002617584,0.0,OK,14,Thursday,2026-08-27
2026-08-27 14:18:00+00:00,2026-08-27 14:14:35.076600+00:00,3.4,5.7,7.683595555679318,7,-1.2999999999999998,1.2999999999999998,0.6835955556793181,0.6835955556793181,0.0,OK,14,Thursday,2026-08-27
2026-08-27 14:21:00+00:00,2026-08-27 14:14:35.076600+00:00,6.4,5.7,7.683595555679318,12,-6.3,6.3,-4.316404444320682,4.316404444320682,0.0,OK,14,Thursday,2026-08-27
2026-08-27 14:24:00+00:00,2026-08-27 14:24:52.226237+00:00,-0.9,6.1,8.222795243797163,3,3.0999999999999996,3.0999999999999996,5.222795243797163,5.222795243797163,0.0,OK,14,Thursday,2026-08-27
2026-08-27 14:27:00+00:00,2026-08-27 14:24:52.226237+00:00,2.1,5.8,7.818395477708779,4,1.7999999999999998,1.7999999999999998,3.818395477708779,3.818395477708779,0.0,OK,14,Thursday,2026-08-27
2026-08-27 14:30:00+00:00,2026-08-27 14:24:52.226237+00:00,5.1,5.9,7.953195399738242,4,1.9000000000000004,1.9000000000000004,3.9531953997382416,3.9531953997382416,0.0,OK,14,Thursday,2026-08-27
2026-08-27 14:33:00+00:00,2026-08-27 14:24:52.226237+00:00,8.1,5.9,7.953195399738242,11,-5.1,5.1,-3.0468046002617584,3.0468046002617584,0.0,OK,14,Thursday,2026-08-27
2026-08-27 14:36:00+00:00,2026-08-27 14:34:46.326266+00:00,1.2,4.4,5.931196569296316,11,-6.6,6.6,-5.068803430703684,5.068803430703684,0.0,OK,14,Thursday,2026-08-27
2026-08-27 14:39:00+00:00,2026-08-27 14:34:46.326266+00:00,4.2,4.6,6.2007964133552385,9,-4.4,4.4,-2.7992035866447615,2.7992035866447615,0.0,OK,14,Thursday,2026-08-27
2026-08-27 14:42:00+00:00,2026-08-27 14:34:46.326266+00:00,7.2,4.9,6.605196179443625,12,-7.1,7.1,-5.394803820556375,5.394803820556375,0.0,OK,14,Thursday,2026-08-27
2026-08-27 14:45:00+00:00,2026-08-27 14:45:20.946285+00:00,-0.3,6.0,8.087995321767703,6,0.0,0.0,2.0879953217677034,2.0879953217677034,0.0,OK,14,Thursday,2026-08-27
2026-08-27 14:48:00+00:00,2026-08-27 14:45:20.946285+00:00,2.7,5.8,7.818395477708779,10,-4.2,4.2,-2.181604522291221,2.181604522291221,0.0,OK,14,Thursday,2026-08-27
2026-08-27 14:51:00+00:00,2026-08-27 14:45:20.946285+00:00,5.7,5.6,7.548795633649855,8,-2.4000000000000004,2.4000000000000004,-0.4512043663501446,0.4512043663501446,0.0,OK,14,Thursday,2026-08-27
2026-08-27 14:54:00+00:00,2026-08-27 14:54:27.951686+00:00,-0.5,6.0,8.087995321767703,3,3.0,3.0,5.087995321767703,5.087995321767703,0.0,OK,14,Thursday,2026-08-27
2026-08-27 14:57:00+00:00,2026-08-27 14:54:27.951686+00:00,2.5,6.0,8.087995321767703,10,-4.0,4.0,-1.9120046782322966,1.9120046782322966,0.0,OK,14,Thursday,2026-08-27
2026-08-27 15:00:00+00:00,2026-08-27 14:54:27.951686+00:00,5.5,6.2,8.357595165826627,6,0.20000000000000018,0.20000000000000018,2.357595165826627,2.357595165826627,0.0,OK,15,Thursday,2026-08-27
2026-08-27 15:03:00+00:00,2026-08-27 14:54:27.951686+00:00,8.5,6.4,8.62719500988555,13,-6.6,6.6,-4.3728049901144495,4.3728049901144495,0.0,OK,15,Thursday,2026-08-27
2026-08-27 15:06:00+00:00,2026-08-27 15:04:48.230155+00:00,1.2,6.5,8.761994931915012,8,-1.5,1.5,0.7619949319150123,0.7619949319150123,0.0,OK,15,Thursday,2026-08-27
2026-08-27 15:09:00+00:00,2026-08-27 15:04:48.230155+00:00,4.2,6.6,8.896794853944472,8,-1.4000000000000004,1.4000000000000004,0.8967948539444723,0.8967948539444723,0.0,OK,15,Thursday,2026-08-27
2026-08-27 15:12:00+00:00,2026-08-27 15:04:48.230155+00:00,7.2,6.8,9.166394698003396,14,-7.2,7.2,-4.833605301996604,4.833605301996604,0.0,OK,15,Thursday,2026-08-27
2026-08-27 15:15:00+00:00,2026-08-27 15:15:09.250049+00:00,-0.2,5.7,7.683595555679318,13,-7.3,7.3,-5.316404444320682,5.316404444320682,0.0,OK,15,Thursday,2026-08-27
2026-08-27 15:18:00+00:00,2026-08-27 15:15:09.250049+00:00,2.8,5.4,7.279195789590933,14,-8.6,8.6,-6.720804210409067,6.720804210409067,0.0,OK,15,Thursday,2026-08-27
2026-08-27 15:21:00+00:00,2026-08-27 15:15:09.250049+00:00,5.8,5.3,7.144395867561471,12,-6.7,6.7,-4.855604132438529,4.855604132438529,0.0,OK,15,Thursday,2026-08-27
2026-08-27 15:24:00+00:00,2026-08-27 15:24:45.197031+00:00,-0.8,9.3,12.53639274873994,16,-6.699999999999999,6.699999999999999,-3.4636072512600595,3.4636072512600595,0.0,OK,15,Thursday,2026-08-27
2026-08-27 15:27:00+00:00,2026-08-27 15:24:45.197031+00:00,2.2,8.8,11.862393138592632,15,-6.199999999999999,6.199999999999999,-3.1376068614073684,3.1376068614073684,0.0,OK,15,Thursday,2026-08-27
2026-08-27 15:30:00+00:00,2026-08-27 15:24:45.197031+00:00,5.2,8.5,11.457993372504246,19,-10.5,10.5,-7.542006627495754,7.542006627495754,0.0,OK,15,Thursday,2026-08-27
2026-08-27 15:33:00+00:00,2026-08-27 15:24:45.197031+00:00,8.2,8.4,11.323193450474784,17,-8.6,8.6,-5.676806549525216,5.676806549525216,0.0,OK,15,Thursday,2026-08-27
2026-08-27 15:36:00+00:00,2026-08-27 15:35:12.446782+00:00,0.8,12.3,16.580390409623792,9,3.3000000000000007,3.3000000000000007,7.580390409623792,7.580390409623792,0.0,OK,15,Thursday,2026-08-27
2026-08-27 15:39:00+00:00,2026-08-27 15:35:12.446782+00:00,3.8,12.3,16.580390409623792,17,-4.699999999999999,4.699999999999999,-0.4196095903762078,0.4196095903762078,0.0,OK,15,Thursday,2026-08-27
2026-08-27 15:42:00+00:00,2026-08-27 15:35:12.446782+00:00,6.8,11.6,15.636790955417558,26,-14.4,14.4,-10.363209044582442,10.363209044582442,0.0,OK,15,Thursday,2026-08-27
2026-08-27 15:45:00+00:00,2026-08-27 15:43:54.632001+00:00,1.1,8.2,11.053593606415859,12,-3.8000000000000007,3.8000000000000007,-0.9464063935841409,0.9464063935841409,0.0,OK,15,Thursday,2026-08-27
2026-08-27 15:48:00+00:00,2026-08-27 15:43:54.632001+00:00,4.1,8.1,10.918793684386399,14,-5.9,5.9,-3.081206315613601,3.081206315613601,0.0,OK,15,Thursday,2026-08-27
2026-08-27 15:51:00+00:00,2026-08-27 15:43:54.632001+00:00,7.1,8.6,11.592793294533708,12,-3.4000000000000004,3.4000000000000004,-0.407206705466292,0.407206705466292,0.0,OK,15,Thursday,2026-08-27
2026-08-27 15:54:00+00:00,2026-08-27 15:54:31.438922+00:00,-0.5,9.6,12.940792514828324,11,-1.4000000000000004,1.4000000000000004,1.940792514828324,1.940792514828324,0.0,OK,15,Thursday,2026-08-27
2026-08-27 15:57:00+00:00,2026-08-27 15:54:31.438922+00:00,2.5,9.6,12.940792514828324,16,-6.4,6.4,-3.059207485171676,3.059207485171676,0.0,OK,15,Thursday,2026-08-27
2026-08-27 16:00:00+00:00,2026-08-27 15:54:31.438922+00:00,5.5,9.7,13.075592436857786,7,2.6999999999999993,2.6999999999999993,6.075592436857786,6.075592436857786,0.0,OK,16,Thursday,2026-08-27
2026-08-27 16:03:00+00:00,2026-08-27 15:54:31.438922+00:00,8.5,9.6,12.940792514828324,10,-0.40000000000000036,0.40000000000000036,2.940792514828324,2.940792514828324,0.0,OK,16,Thursday,2026-08-27
2026-08-27 16:06:00+00:00,2026-08-27 16:04:59.260873+00:00,1.0,9.4,12.671192670769402,9,0.40000000000000036,0.40000000000000036,3.6711926707694023,3.6711926707694023,0.0,OK,16,Thursday,2026-08-27
2026-08-27 16:09:00+00:00,2026-08-27 16:04:59.260873+00:00,4.0,9.2,12.401592826710477,9,0.1999999999999993,0.1999999999999993,3.401592826710477,3.401592826710477,0.0,OK,16,Thursday,2026-08-27
2026-08-27 16:12:00+00:00,2026-08-27 16:04:59.260873+00:00,7.0,9.4,12.671192670769402,10,-0.5999999999999996,0.5999999999999996,2.6711926707694023,2.6711926707694023,0.0,OK,16,Thursday,2026-08-27
2026-08-27 16:15:00+00:00,2026-08-27 16:14:12.586562+00:00,0.8,7.0,9.43599454206232,17,-10.0,10.0,-7.5640054579376805,7.5640054579376805,0.0,OK,16,Thursday,2026-08-27
2026-08-27 16:18:00+00:00,2026-08-27 16:14:12.586562+00:00,3.8,6.9,9.30119462003286,14,-7.1,7.1,-4.6988053799671405,4.6988053799671405,0.0,OK,16,Thursday,2026-08-27
2026-08-27 16:21:00+00:00,2026-08-27 16:14:12.586562+00:00,6.8,6.8,9.166394698003396,5,1.7999999999999998,1.7999999999999998,4.166394698003396,4.166394698003396,0.0,OK,16,Thursday,2026-08-27
2026-08-27 16:24:00+00:00,2026-08-27 16:24:20.721210+00:00,-0.3,9.0,12.131992982651555,19,-10.0,10.0,-6.868007017348445,6.868007017348445,0.0,OK,16,Thursday,2026-08-27
2026-08-27 16:27:00+00:00,2026-08-27 16:24:20.721210+00:00,2.7,8.4,11.323193450474784,11,-2.5999999999999996,2.5999999999999996,0.3231934504747844,0.3231934504747844,0.0,OK,16,Thursday,2026-08-27
2026-08-27 16:30:00+00:00,2026-08-27 16:24:20.721210+00:00,5.7,7.9,10.649193840327476,9,-1.0999999999999996,1.0999999999999996,1.6491938403274755,1.6491938403274755,0.0,OK,16,Thursday,2026-08-27
2026-08-27 16:33:00+00:00,2026-08-27 16:24:20.721210+00:00,8.7,7.4,9.975194230180167,15,-7.6,7.6,-5.024805769819833,5.024805769819833,0.0,OK,16,Thursday,2026-08-27
2026-08-27 16:36:00+00:00,2026-08-27 16:34:36.852745+00:00,1.4,9.6,12.940792514828324,17,-7.4,7.4,-4.059207485171676,4.059207485171676,0.0,OK,16,Thursday,2026-08-27
2026-08-27 16:39:00+00:00,2026-08-27 16:34:36.852745+00:00,4.4,9.4,12.671192670769402,5,4.4,4.4,7.671192670769402,7.671192670769402,0.0,OK,16,Thursday,2026-08-27
2026-08-27 16:42:00+00:00,2026-08-27 16:34:36.852745+00:00,7.4,9.4,12.671192670769402,12,-2.5999999999999996,2.5999999999999996,0.6711926707694023,0.6711926707694023,0.0,OK,16,Thursday,2026-08-27
2026-08-27 16:45:00+00:00,2026-08-27 16:44:46.248271+00:00,0.2,7.2,9.705594386121243,18,-10.8,10.8,-8.294405613878757,8.294405613878757,0.0,OK,16,Thursday,2026-08-27
2026-08-27 16:48:00+00:00,2026-08-27 16:44:46.248271+00:00,3.2,7.0,9.43599454206232,18,-11.0,11.0,-8.56400545793768,8.56400545793768,0.0,OK,16,Thursday,2026-08-27
2026-08-27 16:51:00+00:00,2026-08-27 16:44:46.248271+00:00,6.2,7.2,9.705594386121243,15,-7.8,7.8,-5.294405613878757,5.294405613878757,0.0,OK,16,Thursday,2026-08-27
2026-08-27 16:54:00+00:00,2026-08-27 16:54:34.147325+00:00,-0.6,12.4,16.715190331653254,13,-0.5999999999999996,0.5999999999999996,3.715190331653254,3.715190331653254,0.0,OK,16,Thursday,2026-08-27
2026-08-27 16:57:00+00:00,2026-08-27 16:54:34.147325+00:00,2.4,11.9,16.041190721505945,11,0.9000000000000004,0.9000000000000004,5.041190721505945,5.041190721505945,0.58,OK,16,Thursday,2026-08-27
2026-08-27 17:00:00+00:00,2026-08-27 16:54:34.147325+00:00,5.4,11.6,15.636790955417558,19,-7.4,7.4,-3.363209044582442,3.363209044582442,0.67,OK,17,Thursday,2026-08-27
2026-08-27 17:03:00+00:00,2026-08-27 16:54:34.147325+00:00,8.4,11.2,15.09759126729971,10,1.1999999999999993,1.1999999999999993,5.097591267299711,5.097591267299711,0.0,OK,17,Thursday,2026-08-27
2026-08-27 17:06:00+00:00,2026-08-27 17:05:02.812053+00:00,1.0,12.8,17.2543900197711,11,1.8000000000000007,1.8000000000000007,6.254390019771101,6.254390019771101,0.0,OK,17,Thursday,2026-08-27
2026-08-27 17:09:00+00:00,2026-08-27 17:05:02.812053+00:00,4.0,12.3,16.580390409623792,22,-9.7,9.7,-5.419609590376208,5.419609590376208,0.0,OK,17,Thursday,2026-08-27
2026-08-27 17:12:00+00:00,2026-08-27 17:05:02.812053+00:00,7.0,11.9,16.041190721505945,15,-3.0999999999999996,3.0999999999999996,1.041190721505945,1.041190721505945,0.0,OK,17,Thursday,2026-08-27
2026-08-27 17:15:00+00:00,2026-08-27 17:15:04.923274+00:00,-0.1,8.2,11.053593606415859,13,-4.800000000000001,4.800000000000001,-1.946406393584141,1.946406393584141,0.0,OK,17,Thursday,2026-08-27
2026-08-27 17:18:00+00:00,2026-08-27 17:15:04.923274+00:00,2.9,7.5,10.109994152209628,16,-8.5,8.5,-5.890005847790372,5.890005847790372,0.0,OK,17,Thursday,2026-08-27
2026-08-27 17:21:00+00:00,2026-08-27 17:15:04.923274+00:00,5.9,7.2,9.705594386121243,19,-11.8,11.8,-9.294405613878757,9.294405613878757,0.0,OK,17,Thursday,2026-08-27
2026-08-27 17:24:00+00:00,2026-08-27 17:15:04.923274+00:00,8.9,6.9,9.30119462003286,23,-16.1,16.1,-13.69880537996714,13.69880537996714,0.0,OK,17,Thursday,2026-08-27
2026-08-27 17:27:00+00:00,2026-08-27 17:27:44.539300+00:00,-0.7,11.7,15.77159087744702,15,-3.3000000000000007,3.3000000000000007,0.7715908774470197,0.7715908774470197,0.0,OK,17,Thursday,2026-08-27
2026-08-27 17:30:00+00:00,2026-08-27 17:27:44.539300+00:00,2.3,11.0,14.827991423240789,11,0.0,0.0,3.827991423240789,3.827991423240789,0.0,OK,17,Thursday,2026-08-27
2026-08-27 17:33:00+00:00,2026-08-27 17:27:44.539300+00:00,5.3,10.6,14.288791735122942,12,-1.4000000000000004,1.4000000000000004,2.288791735122942,2.288791735122942,0.0,OK,17,Thursday,2026-08-27
2026-08-27 17:36:00+00:00,2026-08-27 17:35:16.457996+00:00,0.7,7.4,9.975194230180167,8,-0.5999999999999996,0.5999999999999996,1.9751942301801666,1.9751942301801666,0.0,OK,17,Thursday,2026-08-27
2026-08-27 17:39:00+00:00,2026-08-27 17:35:16.457996+00:00,3.7,6.9,9.30119462003286,21,-14.1,14.1,-11.69880537996714,11.69880537996714,0.0,OK,17,Thursday,2026-08-27
2026-08-27 17:42:00+00:00,2026-08-27 17:35:16.457996+00:00,6.7,6.6,8.896794853944472,17,-10.4,10.4,-8.103205146055528,8.103205146055528,0.0,OK,17,Thursday,2026-08-27
2026-08-27 17:45:00+00:00,2026-08-27 17:44:23.919587+00:00,0.6,7.4,9.975194230180167,17,-9.6,9.6,-7.024805769819833,7.024805769819833,0.0,OK,17,Thursday,2026-08-27
2026-08-27 17:48:00+00:00,2026-08-27 17:44:23.919587+00:00,3.6,7.2,9.705594386121243,13,-5.8,5.8,-3.294405613878757,3.294405613878757,0.0,OK,17,Thursday,2026-08-27
2026-08-27 17:51:00+00:00,2026-08-27 17:44:23.919587+00:00,6.6,7.4,9.975194230180167,4,3.4000000000000004,3.4000000000000004,5.975194230180167,5.975194230180167,0.0,OK,17,Thursday,2026-08-27
2026-08-27 17:54:00+00:00,2026-08-27 17:54:31.508120+00:00,-0.5,7.1,9.570794464091781,4,3.0999999999999996,3.0999999999999996,5.570794464091781,5.570794464091781,0.0,OK,17,Thursday,2026-08-27
2026-08-27 17:57:00+00:00,2026-08-27 17:54:31.508120+00:00,2.5,6.6,8.896794853944472,2,4.6,4.6,6.896794853944472,6.896794853944472,0.0,OK,17,Thursday,2026-08-27
2026-08-27 18:00:00+00:00,2026-08-27 17:54:31.508120+00:00,5.5,5.9,7.953195399738242,9,-3.0999999999999996,3.0999999999999996,-1.0468046002617584,1.0468046002617584,0.0,OK,18,Thursday,2026-08-27
2026-08-27 18:03:00+00:00,2026-08-27 17:54:31.508120+00:00,8.5,5.7,7.683595555679318,13,-7.3,7.3,-5.316404444320682,5.316404444320682,0.0,OK,18,Thursday,2026-08-27
2026-08-27 18:06:00+00:00,2026-08-27 18:04:07.928033+00:00,1.9,5.6,7.548795633649855,10,-4.4,4.4,-2.4512043663501446,2.4512043663501446,0.0,OK,18,Thursday,2026-08-27
2026-08-27 18:09:00+00:00,2026-08-27 18:04:07.928033+00:00,4.9,5.6,7.548795633649855,9,-3.4000000000000004,3.4000000000000004,-1.4512043663501446,1.4512043663501446,0.0,OK,18,Thursday,2026-08-27
2026-08-27 18:12:00+00:00,2026-08-27 18:04:07.928033+00:00,7.9,5.5,7.4139957116203945,9,-3.5,3.5,-1.5860042883796055,1.5860042883796055,0.0,OK,18,Thursday,2026-08-27
2026-08-27 18:15:00+00:00,2026-08-27 18:14:09.281862+00:00,0.8,5.0,6.739996101473086,5,0.0,0.0,1.7399961014730856,1.7399961014730856,0.0,OK,18,Thursday,2026-08-27
2026-08-28 06:30:00+00:00,2026-08-28 06:25:50.520841+00:00,4.2,6.8,9.166394698003396,9,-2.2,2.2,0.1663946980033959,0.1663946980033959,0.0,OK,6,Friday,2026-08-28
2026-08-28 06:33:00+00:00,2026-08-28 06:25:50.520841+00:00,7.2,5.7,7.683595555679318,13,-7.3,7.3,-5.316404444320682,5.316404444320682,0.0,OK,6,Friday,2026-08-28
2026-08-28 06:36:00+00:00,2026-08-28 06:39:00.525615+00:00,-3.0,4.7,6.335596335384701,10,-5.3,5.3,-3.664403664615299,3.664403664615299,0.0,OK,6,Friday,2026-08-28
2026-08-28 06:39:00+00:00,2026-08-28 06:39:00.525615+00:00,-0.0,4.2,5.661596725237392,5,-0.7999999999999998,0.7999999999999998,0.6615967252373922,0.6615967252373922,0.0,OK,6,Friday,2026-08-28
2026-08-28 06:42:00+00:00,2026-08-28 06:39:00.525615+00:00,3.0,5.0,6.739996101473086,14,-9.0,9.0,-7.260003898526914,7.260003898526914,0.0,OK,6,Friday,2026-08-28
2026-08-28 06:45:00+00:00,2026-08-28 06:45:49.088768+00:00,-0.8,4.8,6.470396257414162,15,-10.2,10.2,-8.529603742585838,8.529603742585838,0.0,OK,6,Friday,2026-08-28
2026-08-28 06:48:00+00:00,2026-08-28 06:45:49.088768+00:00,2.2,4.7,6.335596335384701,8,-3.3,3.3,-1.6644036646152989,1.6644036646152989,0.0,OK,6,Friday,2026-08-28
2026-08-28 06:51:00+00:00,2026-08-28 06:45:49.088768+00:00,5.2,4.8,6.470396257414162,5,-0.20000000000000018,0.20000000000000018,1.470396257414162,1.470396257414162,0.0,OK,6,Friday,2026-08-28
2026-08-28 06:54:00+00:00,2026-08-28 06:55:43.058089+00:00,-1.7,5.2,7.009595945532009,1,4.2,4.2,6.009595945532009,6.009595945532009,0.0,OK,6,Friday,2026-08-28
2026-08-28 06:57:00+00:00,2026-08-28 06:55:43.058089+00:00,1.3,4.7,6.335596335384701,6,-1.2999999999999998,1.2999999999999998,0.3355963353847011,0.3355963353847011,0.0,OK,6,Friday,2026-08-28
2026-08-28 07:00:00+00:00,2026-08-28 06:55:43.058089+00:00,4.3,4.8,6.470396257414162,7,-2.2,2.2,-0.529603742585838,0.529603742585838,0.0,OK,7,Friday,2026-08-28
2026-08-28 07:03:00+00:00,2026-08-28 06:55:43.058089+00:00,7.3,4.8,6.470396257414162,11,-6.2,6.2,-4.529603742585838,4.529603742585838,0.0,OK,7,Friday,2026-08-28
2026-08-28 07:06:00+00:00,2026-08-28 07:05:59.674764+00:00,0.0,5.3,7.144395867561471,3,2.3,2.3,4.144395867561471,4.144395867561471,0.0,OK,7,Friday,2026-08-28
2026-08-28 07:09:00+00:00,2026-08-28 07:05:59.674764+00:00,3.0,5.3,7.144395867561471,5,0.2999999999999998,0.2999999999999998,2.144395867561471,2.144395867561471,0.0,OK,7,Friday,2026-08-28
2026-08-28 07:12:00+00:00,2026-08-28 07:05:59.674764+00:00,6.0,5.4,7.279195789590933,11,-5.6,5.6,-3.7208042104090673,3.7208042104090673,0.0,OK,7,Friday,2026-08-28
2026-08-28 07:15:00+00:00,2026-08-28 07:15:12.251123+00:00,-0.2,4.8,6.470396257414162,3,1.7999999999999998,1.7999999999999998,3.470396257414162,3.470396257414162,0.0,OK,7,Friday,2026-08-28
2026-08-28 07:18:00+00:00,2026-08-28 07:15:12.251123+00:00,2.8,4.8,6.470396257414162,3,1.7999999999999998,1.7999999999999998,3.470396257414162,3.470396257414162,0.0,OK,7,Friday,2026-08-28
2026-08-28 07:21:00+00:00,2026-08-28 07:15:12.251123+00:00,5.8,4.8,6.470396257414162,4,0.7999999999999998,0.7999999999999998,2.470396257414162,2.470396257414162,0.0,OK,7,Friday,2026-08-28
2026-08-28 07:24:00+00:00,2026-08-28 07:25:18.649888+00:00,-1.3,4.5,6.065996491325778,4,0.5,0.5,2.0659964913257776,2.0659964913257776,0.0,OK,7,Friday,2026-08-28
2026-08-28 07:27:00+00:00,2026-08-28 07:25:18.649888+00:00,1.7,4.6,6.2007964133552385,12,-7.4,7.4,-5.7992035866447615,5.7992035866447615,0.0,OK,7,Friday,2026-08-28
2026-08-28 07:30:00+00:00,2026-08-28 07:25:18.649888+00:00,4.7,4.8,6.470396257414162,6,-1.2000000000000002,1.2000000000000002,0.470396257414162,0.470396257414162,0.0,OK,7,Friday,2026-08-28
2026-08-28 07:33:00+00:00,2026-08-28 07:25:18.649888+00:00,7.7,5.0,6.739996101473086,2,3.0,3.0,4.739996101473086,4.739996101473086,0.0,OK,7,Friday,2026-08-28
2026-08-28 07:36:00+00:00,2026-08-28 07:41:26.572731+00:00,-5.4,5.3,7.144395867561471,4,1.2999999999999998,1.2999999999999998,3.144395867561471,3.144395867561471,0.0,OK,7,Friday,2026-08-28
2026-08-28 07:39:00+00:00,2026-08-28 07:41:26.572731+00:00,-2.4,5.1,6.874796023502547,19,-13.9,13.9,-12.125203976497453,12.125203976497453,0.0,OK,7,Friday,2026-08-28
2026-08-28 07:42:00+00:00,2026-08-28 07:41:26.572731+00:00,0.6,5.2,7.009595945532009,8,-2.8,2.8,-0.9904040544679908,0.9904040544679908,0.0,OK,7,Friday,2026-08-28
2026-08-28 07:45:00+00:00,2026-08-28 07:46:19.941407+00:00,-1.3,5.1,6.874796023502547,10,-4.9,4.9,-3.1252039764974526,3.1252039764974526,0.0,OK,7,Friday,2026-08-28
2026-08-28 07:48:00+00:00,2026-08-28 07:46:19.941407+00:00,1.7,4.9,6.605196179443625,2,2.9000000000000004,2.9000000000000004,4.605196179443625,4.605196179443625,0.0,OK,7,Friday,2026-08-28
2026-08-28 07:51:00+00:00,2026-08-28 07:46:19.941407+00:00,4.7,5.1,6.874796023502547,4,1.0999999999999996,1.0999999999999996,2.8747960235025474,2.8747960235025474,0.0,OK,7,Friday,2026-08-28
2026-08-28 07:54:00+00:00,2026-08-28 07:55:03.922825+00:00,-1.1,5.0,6.739996101473086,7,-2.0,2.0,-0.2600038985269144,0.2600038985269144,0.0,OK,7,Friday,2026-08-28
2026-08-28 07:57:00+00:00,2026-08-28 07:55:03.922825+00:00,1.9,4.9,6.605196179443625,7,-2.0999999999999996,2.0999999999999996,-0.3948038205563753,0.3948038205563753,0.0,OK,7,Friday,2026-08-28
2026-08-28 08:00:00+00:00,2026-08-28 07:55:03.922825+00:00,4.9,5.1,6.874796023502547,2,3.0999999999999996,3.0999999999999996,4.874796023502547,4.874796023502547,0.0,OK,8,Friday,2026-08-28
2026-08-28 08:03:00+00:00,2026-08-28 07:55:03.922825+00:00,7.9,5.2,7.009595945532009,11,-5.8,5.8,-3.990404054467991,3.990404054467991,0.0,OK,8,Friday,2026-08-28
2026-08-28 08:06:00+00:00,2026-08-28 08:05:16.116035+00:00,0.7,5.8,7.818395477708779,10,-4.2,4.2,-2.181604522291221,2.181604522291221,0.0,OK,8,Friday,2026-08-28
2026-08-28 08:09:00+00:00,2026-08-28 08:05:16.116035+00:00,3.7,5.7,7.683595555679318,7,-1.2999999999999998,1.2999999999999998,0.6835955556793181,0.6835955556793181,0.0,OK,8,Friday,2026-08-28
2026-08-28 08:12:00+00:00,2026-08-28 08:05:16.116035+00:00,6.7,5.8,7.818395477708779,6,-0.20000000000000018,0.20000000000000018,1.818395477708779,1.818395477708779,0.0,OK,8,Friday,2026-08-28
2026-08-28 08:15:00+00:00,2026-08-28 08:15:10.894657+00:00,-0.2,5.8,7.818395477708779,3,2.8,2.8,4.818395477708779,4.818395477708779,0.0,OK,8,Friday,2026-08-28
2026-08-28 08:18:00+00:00,2026-08-28 08:15:10.894657+00:00,2.8,5.6,7.548795633649855,15,-9.4,9.4,-7.451204366350145,7.451204366350145,0.0,OK,8,Friday,2026-08-28
2026-08-28 08:21:00+00:00,2026-08-28 08:15:10.894657+00:00,5.8,5.6,7.548795633649855,4,1.5999999999999996,1.5999999999999996,3.5487956336498554,3.5487956336498554,0.0,OK,8,Friday,2026-08-28
2026-08-28 08:24:00+00:00,2026-08-28 08:24:59.537397+00:00,-1.0,5.4,7.279195789590933,7,-1.5999999999999996,1.5999999999999996,0.2791957895909327,0.2791957895909327,0.0,OK,8,Friday,2026-08-28
2026-08-28 08:27:00+00:00,2026-08-28 08:24:59.537397+00:00,2.0,5.2,7.009595945532009,9,-3.8,3.8,-1.9904040544679908,1.9904040544679908,0.0,OK,8,Friday,2026-08-28
2026-08-28 08:30:00+00:00,2026-08-28 08:24:59.537397+00:00,5.0,5.3,7.144395867561471,4,1.2999999999999998,1.2999999999999998,3.144395867561471,3.144395867561471,0.0,OK,8,Friday,2026-08-28
2026-08-28 08:33:00+00:00,2026-08-28 08:24:59.537397+00:00,8.0,5.3,7.144395867561471,3,2.3,2.3,4.144395867561471,4.144395867561471,0.0,OK,8,Friday,2026-08-28
2026-08-28 08:36:00+00:00,2026-08-28 08:34:24.940255+00:00,1.6,6.7,9.031594775973936,2,4.7,4.7,7.031594775973936,7.031594775973936,0.0,OK,8,Friday,2026-08-28
2026-08-28 08:39:00+00:00,2026-08-28 08:34:24.940255+00:00,4.6,6.8,9.166394698003396,4,2.8,2.8,5.166394698003396,5.166394698003396,0.0,OK,8,Friday,2026-08-28
2026-08-28 08:42:00+00:00,2026-08-28 08:34:24.940255+00:00,7.6,6.6,8.896794853944472,7,-0.40000000000000036,0.40000000000000036,1.8967948539444723,1.8967948539444723,0.0,OK,8,Friday,2026-08-28
2026-08-28 08:45:00+00:00,2026-08-28 08:45:07.514778+00:00,-0.1,5.4,7.279195789590933,4,1.4000000000000004,1.4000000000000004,3.2791957895909327,3.2791957895909327,0.0,OK,8,Friday,2026-08-28
2026-08-28 08:48:00+00:00,2026-08-28 08:45:07.514778+00:00,2.9,5.4,7.279195789590933,5,0.40000000000000036,0.40000000000000036,2.2791957895909327,2.2791957895909327,0.0,OK,8,Friday,2026-08-28
2026-08-28 08:51:00+00:00,2026-08-28 08:45:07.514778+00:00,5.9,5.6,7.548795633649855,5,0.5999999999999996,0.5999999999999996,2.5487956336498554,2.5487956336498554,0.0,OK,8,Friday,2026-08-28
2026-08-28 08:54:00+00:00,2026-08-28 08:54:31.779537+00:00,-0.5,5.4,7.279195789590933,6,-0.5999999999999996,0.5999999999999996,1.2791957895909327,1.2791957895909327,0.0,OK,8,Friday,2026-08-28
2026-08-28 08:57:00+00:00,2026-08-28 08:54:31.779537+00:00,2.5,5.4,7.279195789590933,7,-1.5999999999999996,1.5999999999999996,0.2791957895909327,0.2791957895909327,0.0,OK,8,Friday,2026-08-28
2026-08-28 09:00:00+00:00,2026-08-28 08:54:31.779537+00:00,5.5,5.6,7.548795633649855,7,-1.4000000000000004,1.4000000000000004,0.5487956336498554,0.5487956336498554,0.0,OK,9,Friday,2026-08-28
2026-08-28 09:03:00+00:00,2026-08-28 08:54:31.779537+00:00,8.5,5.7,7.683595555679318,7,-1.2999999999999998,1.2999999999999998,0.6835955556793181,0.6835955556793181,0.0,OK,9,Friday,2026-08-28
2026-08-28 09:06:00+00:00,2026-08-28 09:05:09.260549+00:00,0.8,7.7,10.379593996268552,6,1.7000000000000002,1.7000000000000002,4.379593996268552,4.379593996268552,0.0,OK,9,Friday,2026-08-28
2026-08-28 09:09:00+00:00,2026-08-28 09:05:09.260549+00:00,3.8,7.7,10.379593996268552,8,-0.2999999999999998,0.2999999999999998,2.379593996268552,2.379593996268552,0.0,OK,9,Friday,2026-08-28
2026-08-28 09:12:00+00:00,2026-08-28 09:05:09.260549+00:00,6.8,7.8,10.514393918298014,9,-1.2000000000000002,1.2000000000000002,1.5143939182980137,1.5143939182980137,0.0,OK,9,Friday,2026-08-28
2026-08-28 09:15:00+00:00,2026-08-28 09:15:48.755908+00:00,-0.8,6.7,9.031594775973936,14,-7.3,7.3,-4.968405224026064,4.968405224026064,0.0,OK,9,Friday,2026-08-28
2026-08-28 09:18:00+00:00,2026-08-28 09:15:48.755908+00:00,2.2,6.4,8.62719500988555,10,-3.5999999999999996,3.5999999999999996,-1.3728049901144495,1.3728049901144495,0.0,OK,9,Friday,2026-08-28
2026-08-28 09:21:00+00:00,2026-08-28 09:15:48.755908+00:00,5.2,6.4,8.62719500988555,14,-7.6,7.6,-5.3728049901144495,5.3728049901144495,0.0,OK,9,Friday,2026-08-28
2026-08-28 09:24:00+00:00,2026-08-28 09:25:27.010643+00:00,-1.5,10.2,13.749592047005095,6,4.199999999999999,4.199999999999999,7.749592047005095,7.749592047005095,0.0,OK,9,Friday,2026-08-28
2026-08-28 09:27:00+00:00,2026-08-28 09:25:27.010643+00:00,1.5,10.1,13.614792124975633,5,5.1,5.1,8.614792124975633,8.614792124975633,0.0,OK,9,Friday,2026-08-28
2026-08-28 09:30:00+00:00,2026-08-28 09:25:27.010643+00:00,4.5,9.8,13.21039235888725,7,2.8000000000000007,2.8000000000000007,6.210392358887249,6.210392358887249,0.0,OK,9,Friday,2026-08-28
2026-08-28 09:33:00+00:00,2026-08-28 09:25:27.010643+00:00,7.5,9.5,12.805992592798862,10,-0.5,0.5,2.8059925927988623,2.8059925927988623,0.0,OK,9,Friday,2026-08-28
2026-08-28 09:36:00+00:00,2026-08-28 09:34:46.088126+00:00,1.2,7.8,10.514393918298014,15,-7.2,7.2,-4.485606081701986,4.485606081701986,0.0,OK,9,Friday,2026-08-28
2026-08-28 09:39:00+00:00,2026-08-28 09:34:46.088126+00:00,4.2,7.9,10.649193840327476,11,-3.0999999999999996,3.0999999999999996,-0.3508061596725245,0.3508061596725245,0.0,OK,9,Friday,2026-08-28
2026-08-28 09:42:00+00:00,2026-08-28 09:34:46.088126+00:00,7.2,8.1,10.918793684386399,14,-5.9,5.9,-3.081206315613601,3.081206315613601,0.54,OK,9,Friday,2026-08-28
2026-08-28 09:45:00+00:00,2026-08-28 09:44:57.407204+00:00,0.0,8.1,10.918793684386399,12,-3.9000000000000004,3.9000000000000004,-1.081206315613601,1.081206315613601,0.0,OK,9,Friday,2026-08-28
2026-08-28 09:48:00+00:00,2026-08-28 09:44:57.407204+00:00,3.0,7.6,10.24479407423909,14,-6.4,6.4,-3.75520592576091,3.75520592576091,0.0,OK,9,Friday,2026-08-28
2026-08-28 09:51:00+00:00,2026-08-28 09:44:57.407204+00:00,6.0,7.3,9.840394308150705,15,-7.7,7.7,-5.159605691849295,5.159605691849295,0.0,OK,9,Friday,2026-08-28
2026-08-28 09:54:00+00:00,2026-08-28 09:55:00.758955+00:00,-1.0,11.2,15.09759126729971,7,4.199999999999999,4.199999999999999,8.09759126729971,8.09759126729971,0.0,OK,9,Friday,2026-08-28
2026-08-28 09:57:00+00:00,2026-08-28 09:55:00.758955+00:00,2.0,10.5,14.15399181309348,7,3.5,3.5,7.15399181309348,7.15399181309348,0.0,OK,9,Friday,2026-08-28
2026-08-28 10:00:00+00:00,2026-08-28 09:55:00.758955+00:00,5.0,10.2,13.749592047005095,15,-4.800000000000001,4.800000000000001,-1.2504079529949053,1.2504079529949053,0.0,OK,10,Friday,2026-08-28
2026-08-28 10:03:00+00:00,2026-08-28 09:55:00.758955+00:00,8.0,10.0,13.479992202946171,9,1.0,1.0,4.479992202946171,4.479992202946171,0.0,OK,10,Friday,2026-08-28
2026-08-28 10:06:00+00:00,2026-08-28 10:05:34.102537+00:00,0.4,7.4,9.975194230180167,17,-9.6,9.6,-7.024805769819833,7.024805769819833,0.0,OK,10,Friday,2026-08-28
2026-08-28 10:09:00+00:00,2026-08-28 10:05:34.102537+00:00,3.4,7.5,10.109994152209628,11,-3.5,3.5,-0.8900058477903716,0.8900058477903716,0.0,OK,10,Friday,2026-08-28
2026-08-28 10:12:00+00:00,2026-08-28 10:05:34.102537+00:00,6.4,7.7,10.379593996268552,10,-2.3,2.3,0.37959399626855195,0.37959399626855195,0.0,OK,10,Friday,2026-08-28
2026-08-28 10:15:00+00:00,2026-08-28 10:14:47.370299+00:00,0.2,7.7,10.379593996268552,7,0.7000000000000002,0.7000000000000002,3.379593996268552,3.379593996268552,0.0,OK,10,Friday,2026-08-28
2026-08-28 10:18:00+00:00,2026-08-28 10:14:47.370299+00:00,3.2,7.5,10.109994152209628,22,-14.5,14.5,-11.890005847790372,11.890005847790372,0.0,OK,10,Friday,2026-08-28
2026-08-28 10:21:00+00:00,2026-08-28 10:14:47.370299+00:00,6.2,7.2,9.705594386121243,6,1.2000000000000002,1.2000000000000002,3.705594386121243,3.705594386121243,0.0,OK,10,Friday,2026-08-28
2026-08-28 10:24:00+00:00,2026-08-28 10:24:57.178600+00:00,-1.0,7.8,10.514393918298014,6,1.7999999999999998,1.7999999999999998,4.514393918298014,4.514393918298014,0.0,OK,10,Friday,2026-08-28
2026-08-28 10:27:00+00:00,2026-08-28 10:24:57.178600+00:00,2.0,7.7,10.379593996268552,13,-5.3,5.3,-2.620406003731448,2.620406003731448,0.0,OK,10,Friday,2026-08-28
2026-08-28 10:30:00+00:00,2026-08-28 10:24:57.178600+00:00,5.0,7.9,10.649193840327476,11,-3.0999999999999996,3.0999999999999996,-0.3508061596725245,0.3508061596725245,0.0,OK,10,Friday,2026-08-28
2026-08-28 10:33:00+00:00,2026-08-28 10:24:57.178600+00:00,8.0,7.8,10.514393918298014,14,-6.2,6.2,-3.4856060817019863,3.4856060817019863,0.0,OK,10,Friday,2026-08-28
2026-08-28 10:36:00+00:00,2026-08-28 10:35:38.852415+00:00,0.4,7.4,9.975194230180167,6,1.4000000000000004,1.4000000000000004,3.9751942301801666,3.9751942301801666,0.0,OK,10,Friday,2026-08-28
2026-08-28 10:39:00+00:00,2026-08-28 10:35:38.852415+00:00,3.4,7.1,9.570794464091781,11,-3.9000000000000004,3.9000000000000004,-1.4292055359082187,1.4292055359082187,0.0,OK,10,Friday,2026-08-28
2026-08-28 10:42:00+00:00,2026-08-28 10:35:38.852415+00:00,6.4,6.8,9.166394698003396,9,-2.2,2.2,0.1663946980033959,0.1663946980033959,0.0,OK,10,Friday,2026-08-28
2026-08-28 10:45:00+00:00,2026-08-28 10:45:29.898817+00:00,-0.5,6.0,8.087995321767703,10,-4.0,4.0,-1.9120046782322966,1.9120046782322966,0.0,OK,10,Friday,2026-08-28
2026-08-28 10:48:00+00:00,2026-08-28 10:45:29.898817+00:00,2.5,5.6,7.548795633649855,9,-3.4000000000000004,3.4000000000000004,-1.4512043663501446,1.4512043663501446,0.0,OK,10,Friday,2026-08-28
2026-08-28 10:51:00+00:00,2026-08-28 10:45:29.898817+00:00,5.5,5.8,7.818395477708779,9,-3.2,3.2,-1.181604522291221,1.181604522291221,0.0,OK,10,Friday,2026-08-28
2026-08-28 10:54:00+00:00,2026-08-28 10:54:36.755663+00:00,-0.6,7.1,9.570794464091781,7,0.09999999999999964,0.09999999999999964,2.5707944640917813,2.5707944640917813,0.0,OK,10,Friday,2026-08-28
2026-08-28 10:57:00+00:00,2026-08-28 10:54:36.755663+00:00,2.4,7.0,9.43599454206232,3,4.0,4.0,6.4359945420623195,6.4359945420623195,0.0,OK,10,Friday,2026-08-28
2026-08-28 11:00:00+00:00,2026-08-28 10:54:36.755663+00:00,5.4,6.5,8.761994931915012,12,-5.5,5.5,-3.2380050680849877,3.2380050680849877,0.0,OK,11,Friday,2026-08-28
2026-08-28 11:03:00+00:00,2026-08-28 10:54:36.755663+00:00,8.4,6.5,8.761994931915012,11,-4.5,4.5,-2.2380050680849877,2.2380050680849877,0.0,OK,11,Friday,2026-08-28
2026-08-28 11:06:00+00:00,2026-08-28 11:04:47.276982+00:00,1.2,8.3,11.188393528445323,14,-5.699999999999999,5.699999999999999,-2.8116064715546774,2.8116064715546774,0.0,OK,11,Friday,2026-08-28
2026-08-28 11:09:00+00:00,2026-08-28 11:04:47.276982+00:00,4.2,8.2,11.053593606415859,7,1.1999999999999993,1.1999999999999993,4.053593606415859,4.053593606415859,0.0,OK,11,Friday,2026-08-28
2026-08-28 11:12:00+00:00,2026-08-28 11:04:47.276982+00:00,7.2,7.9,10.649193840327476,5,2.9000000000000004,2.9000000000000004,5.6491938403274755,5.6491938403274755,0.0,OK,11,Friday,2026-08-28
2026-08-28 11:15:00+00:00,2026-08-28 11:15:44.065380+00:00,-0.7,5.5,7.4139957116203945,6,-0.5,0.5,1.4139957116203945,1.4139957116203945,0.0,OK,11,Friday,2026-08-28
2026-08-28 11:18:00+00:00,2026-08-28 11:15:44.065380+00:00,2.3,5.0,6.739996101473086,9,-4.0,4.0,-2.2600038985269144,2.2600038985269144,0.0,OK,11,Friday,2026-08-28
2026-08-28 11:21:00+00:00,2026-08-28 11:15:44.065380+00:00,5.3,5.1,6.874796023502547,3,2.0999999999999996,2.0999999999999996,3.8747960235025474,3.8747960235025474,0.0,OK,11,Friday,2026-08-28
2026-08-28 11:24:00+00:00,2026-08-28 11:24:53.036245+00:00,-0.9,4.9,6.605196179443625,6,-1.0999999999999996,1.0999999999999996,0.6051961794436247,0.6051961794436247,0.0,OK,11,Friday,2026-08-28
2026-08-28 11:27:00+00:00,2026-08-28 11:24:53.036245+00:00,2.1,4.4,5.931196569296316,8,-3.5999999999999996,3.5999999999999996,-2.068803430703684,2.068803430703684,0.0,OK,11,Friday,2026-08-28
2026-08-28 11:30:00+00:00,2026-08-28 11:24:53.036245+00:00,5.1,4.5,6.065996491325778,5,-0.5,0.5,1.0659964913257776,1.0659964913257776,0.0,OK,11,Friday,2026-08-28
2026-08-28 11:33:00+00:00,2026-08-28 11:24:53.036245+00:00,8.1,4.5,6.065996491325778,11,-6.5,6.5,-4.934003508674222,4.934003508674222,0.0,OK,11,Friday,2026-08-28
2026-08-28 11:36:00+00:00,2026-08-28 11:34:39.950246+00:00,1.3,5.0,6.739996101473086,17,-12.0,12.0,-10.260003898526914,10.260003898526914,0.0,OK,11,Friday,2026-08-28
2026-08-28 11:39:00+00:00,2026-08-28 11:34:39.950246+00:00,4.3,5.0,6.739996101473086,13,-8.0,8.0,-6.260003898526914,6.260003898526914,0.0,OK,11,Friday,2026-08-28
2026-08-28 11:42:00+00:00,2026-08-28 11:34:39.950246+00:00,7.3,5.0,6.739996101473086,18,-13.0,13.0,-11.260003898526914,11.260003898526914,0.0,OK,11,Friday,2026-08-28
2026-08-28 11:45:00+00:00,2026-08-28 11:44:55.689336+00:00,0.1,6.0,8.087995321767703,13,-7.0,7.0,-4.912004678232297,4.912004678232297,0.0,OK,11,Friday,2026-08-28
2026-08-28 11:48:00+00:00,2026-08-28 11:44:55.689336+00:00,3.1,5.3,7.144395867561471,8,-2.7,2.7,-0.8556041324385291,0.8556041324385291,0.0,OK,11,Friday,2026-08-28
2026-08-28 11:51:00+00:00,2026-08-28 11:44:55.689336+00:00,6.1,5.0,6.739996101473086,7,-2.0,2.0,-0.2600038985269144,0.2600038985269144,0.0,OK,11,Friday,2026-08-28
2026-08-28 11:54:00+00:00,2026-08-28 11:55:12.130713+00:00,-1.2,6.1,8.222795243797163,7,-0.9000000000000004,0.9000000000000004,1.2227952437971634,1.2227952437971634,0.0,OK,11,Friday,2026-08-28
2026-08-28 11:57:00+00:00,2026-08-28 11:55:12.130713+00:00,1.8,5.9,7.953195399738242,7,-1.0999999999999996,1.0999999999999996,0.9531953997382416,0.9531953997382416,0.0,OK,11,Friday,2026-08-28
2026-08-28 12:00:00+00:00,2026-08-28 11:55:12.130713+00:00,4.8,5.9,7.953195399738242,3,2.9000000000000004,2.9000000000000004,4.953195399738242,4.953195399738242,0.0,OK,12,Friday,2026-08-28
2026-08-28 12:03:00+00:00,2026-08-28 11:55:12.130713+00:00,7.8,6.1,8.222795243797163,6,0.09999999999999964,0.09999999999999964,2.2227952437971634,2.2227952437971634,0.0,OK,12,Friday,2026-08-28
2026-08-28 12:06:00+00:00,2026-08-28 12:04:32.734828+00:00,1.5,5.4,7.279195789590933,6,-0.5999999999999996,0.5999999999999996,1.2791957895909327,1.2791957895909327,0.0,OK,12,Friday,2026-08-28
2026-08-28 12:09:00+00:00,2026-08-28 12:04:32.734828+00:00,4.5,5.4,7.279195789590933,7,-1.5999999999999996,1.5999999999999996,0.2791957895909327,0.2791957895909327,0.0,OK,12,Friday,2026-08-28
2026-08-28 12:12:00+00:00,2026-08-28 12:04:32.734828+00:00,7.5,5.6,7.548795633649855,12,-6.4,6.4,-4.451204366350145,4.451204366350145,0.0,OK,12,Friday,2026-08-28
2026-08-28 12:15:00+00:00,2026-08-28 12:15:24.165270+00:00,-0.4,4.8,6.470396257414162,10,-5.2,5.2,-3.529603742585838,3.529603742585838,0.0,OK,12,Friday,2026-08-28
2026-08-28 12:18:00+00:00,2026-08-28 12:15:24.165270+00:00,2.6,4.7,6.335596335384701,12,-7.3,7.3,-5.664403664615299,5.664403664615299,0.0,OK,12,Friday,2026-08-28
2026-08-28 12:21:00+00:00,2026-08-28 12:15:24.165270+00:00,5.6,4.9,6.605196179443625,13,-8.1,8.1,-6.394803820556375,6.394803820556375,0.0,OK,12,Friday,2026-08-28
2026-08-28 12:24:00+00:00,2026-08-28 12:24:46.696431+00:00,-0.8,7.6,10.24479407423909,6,1.5999999999999996,1.5999999999999996,4.24479407423909,4.24479407423909,0.0,OK,12,Friday,2026-08-28
2026-08-28 12:27:00+00:00,2026-08-28 12:24:46.696431+00:00,2.2,7.1,9.570794464091781,9,-1.9000000000000004,1.9000000000000004,0.5707944640917813,0.5707944640917813,0.0,OK,12,Friday,2026-08-28
2026-08-28 12:30:00+00:00,2026-08-28 12:24:46.696431+00:00,5.2,6.9,9.30119462003286,5,1.9000000000000004,1.9000000000000004,4.3011946200328595,4.3011946200328595,0.0,OK,12,Friday,2026-08-28
2026-08-28 12:33:00+00:00,2026-08-28 12:24:46.696431+00:00,8.2,6.6,8.896794853944472,2,4.6,4.6,6.896794853944472,6.896794853944472,0.0,OK,12,Friday,2026-08-28
2026-08-28 12:36:00+00:00,2026-08-28 12:34:41.505517+00:00,1.3,5.7,7.683595555679318,5,0.7000000000000002,0.7000000000000002,2.683595555679318,2.683595555679318,0.0,OK,12,Friday,2026-08-28
2026-08-28 12:39:00+00:00,2026-08-28 12:34:41.505517+00:00,4.3,5.6,7.548795633649855,4,1.5999999999999996,1.5999999999999996,3.5487956336498554,3.5487956336498554,0.0,OK,12,Friday,2026-08-28
2026-08-28 12:42:00+00:00,2026-08-28 12:34:41.505517+00:00,7.3,5.5,7.4139957116203945,4,1.5,1.5,3.4139957116203945,3.4139957116203945,0.0,OK,12,Friday,2026-08-28
2026-08-28 12:45:00+00:00,2026-08-28 12:44:42.612660+00:00,0.3,4.1,5.5267968032079295,4,0.09999999999999964,0.09999999999999964,1.5267968032079295,1.5267968032079295,0.0,OK,12,Friday,2026-08-28
2026-08-28 12:48:00+00:00,2026-08-28 12:44:42.612660+00:00,3.3,4.1,5.5267968032079295,5,-0.9000000000000004,0.9000000000000004,0.5267968032079295,0.5267968032079295,0.0,OK,12,Friday,2026-08-28
2026-08-28 12:51:00+00:00,2026-08-28 12:44:42.612660+00:00,6.3,4.3,5.796396647266854,2,2.3,2.3,3.796396647266854,3.796396647266854,0.0,OK,12,Friday,2026-08-28
2026-08-28 12:54:00+00:00,2026-08-28 12:55:22.567086+00:00,-1.4,4.3,5.796396647266854,15,-10.7,10.7,-9.203603352733147,9.203603352733147,0.0,OK,12,Friday,2026-08-28
2026-08-28 12:57:00+00:00,2026-08-28 12:55:22.567086+00:00,1.6,4.2,5.661596725237392,14,-9.8,9.8,-8.338403274762609,8.338403274762609,0.0,OK,12,Friday,2026-08-28
2026-08-28 13:00:00+00:00,2026-08-28 12:55:22.567086+00:00,4.6,4.3,5.796396647266854,12,-7.7,7.7,-6.203603352733146,6.203603352733146,0.0,OK,13,Friday,2026-08-28
2026-08-28 13:03:00+00:00,2026-08-28 12:55:22.567086+00:00,7.6,4.2,5.661596725237392,5,-0.7999999999999998,0.7999999999999998,0.6615967252373922,0.6615967252373922,0.0,OK,13,Friday,2026-08-28
2026-08-28 13:06:00+00:00,2026-08-28 13:04:35.030503+00:00,1.4,9.0,12.131992982651555,3,6.0,6.0,9.131992982651555,9.131992982651555,0.0,OK,13,Friday,2026-08-28
2026-08-28 13:09:00+00:00,2026-08-28 13:04:35.030503+00:00,4.4,8.2,11.053593606415859,5,3.1999999999999993,3.1999999999999993,6.053593606415859,6.053593606415859,0.0,OK,13,Friday,2026-08-28
2026-08-28 13:12:00+00:00,2026-08-28 13:04:35.030503+00:00,7.4,7.6,10.24479407423909,1,6.6,6.6,9.24479407423909,9.24479407423909,0.0,OK,13,Friday,2026-08-28
2026-08-28 13:15:00+00:00,2026-08-28 13:14:44.332517+00:00,0.3,4.0,5.391996881178469,3,1.0,1.0,2.3919968811784686,2.3919968811784686,0.0,OK,13,Friday,2026-08-28
2026-08-28 13:18:00+00:00,2026-08-28 13:14:44.332517+00:00,3.3,4.0,5.391996881178469,5,-1.0,1.0,0.39199688117846865,0.39199688117846865,0.0,OK,13,Friday,2026-08-28
2026-08-28 13:21:00+00:00,2026-08-28 13:14:44.332517+00:00,6.3,4.2,5.661596725237392,1,3.2,3.2,4.661596725237392,4.661596725237392,0.0,OK,13,Friday,2026-08-28
2026-08-28 13:24:00+00:00,2026-08-28 13:24:29.764769+00:00,-0.5,4.8,6.470396257414162,6,-1.2000000000000002,1.2000000000000002,0.470396257414162,0.470396257414162,0.0,OK,13,Friday,2026-08-28
2026-08-28 13:27:00+00:00,2026-08-28 13:24:29.764769+00:00,2.5,4.8,6.470396257414162,1,3.8,3.8,5.470396257414162,5.470396257414162,0.0,OK,13,Friday,2026-08-28
2026-08-28 13:30:00+00:00,2026-08-28 13:24:29.764769+00:00,5.5,4.9,6.605196179443625,2,2.9000000000000004,2.9000000000000004,4.605196179443625,4.605196179443625,0.0,OK,13,Friday,2026-08-28
2026-08-28 13:33:00+00:00,2026-08-28 13:24:29.764769+00:00,8.5,5.0,6.739996101473086,4,1.0,1.0,2.7399961014730856,2.7399961014730856,0.0,OK,13,Friday,2026-08-28
2026-08-28 13:36:00+00:00,2026-08-28 13:35:22.096029+00:00,0.6,3.4,4.583197349001698,7,-3.6,3.6,-2.416802650998302,2.416802650998302,0.0,OK,13,Friday,2026-08-28
2026-08-28 13:39:00+00:00,2026-08-28 13:35:22.096029+00:00,3.6,3.7,4.987597115090083,6,-2.3,2.3,-1.0124028849099167,1.0124028849099167,0.0,OK,13,Friday,2026-08-28
2026-08-28 13:42:00+00:00,2026-08-28 13:35:22.096029+00:00,6.6,3.9,5.257196959149007,4,-0.10000000000000009,0.10000000000000009,1.2571969591490069,1.2571969591490069,0.0,OK,13,Friday,2026-08-28
2026-08-28 13:45:00+00:00,2026-08-28 13:45:13.565375+00:00,-0.2,4.6,6.2007964133552385,10,-5.4,5.4,-3.7992035866447615,3.7992035866447615,0.0,OK,13,Friday,2026-08-28
2026-08-28 13:48:00+00:00,2026-08-28 13:45:13.565375+00:00,2.8,4.5,6.065996491325778,4,0.5,0.5,2.0659964913257776,2.0659964913257776,0.0,OK,13,Friday,2026-08-28
2026-08-28 13:51:00+00:00,2026-08-28 13:45:13.565375+00:00,5.8,4.6,6.2007964133552385,9,-4.4,4.4,-2.7992035866447615,2.7992035866447615,0.0,OK,13,Friday,2026-08-28
2026-08-28 13:54:00+00:00,2026-08-28 13:54:27.603826+00:00,-0.5,4.3,5.796396647266854,5,-0.7000000000000002,0.7000000000000002,0.796396647266854,0.796396647266854,0.0,OK,13,Friday,2026-08-28
2026-08-28 13:57:00+00:00,2026-08-28 13:54:27.603826+00:00,2.5,4.4,5.931196569296316,2,2.4000000000000004,2.4000000000000004,3.931196569296316,3.931196569296316,0.0,OK,13,Friday,2026-08-28
2026-08-28 14:00:00+00:00,2026-08-28 13:54:27.603826+00:00,5.5,4.4,5.931196569296316,5,-0.5999999999999996,0.5999999999999996,0.9311965692963158,0.9311965692963158,0.0,OK,14,Friday,2026-08-28
2026-08-28 14:03:00+00:00,2026-08-28 13:54:27.603826+00:00,8.5,4.6,6.2007964133552385,7,-2.4000000000000004,2.4000000000000004,-0.7992035866447615,0.7992035866447615,0.0,OK,14,Friday,2026-08-28
2026-08-28 14:06:00+00:00,2026-08-28 14:04:54.606554+00:00,1.1,5.3,7.144395867561471,9,-3.7,3.7,-1.855604132438529,1.855604132438529,0.0,OK,14,Friday,2026-08-28
2026-08-28 14:09:00+00:00,2026-08-28 14:04:54.606554+00:00,4.1,5.5,7.4139957116203945,10,-4.5,4.5,-2.5860042883796055,2.5860042883796055,0.0,OK,14,Friday,2026-08-28
2026-08-28 14:12:00+00:00,2026-08-28 14:04:54.606554+00:00,7.1,5.5,7.4139957116203945,12,-6.5,6.5,-4.5860042883796055,4.5860042883796055,0.0,OK,14,Friday,2026-08-28
2026-08-28 14:15:00+00:00,2026-08-28 14:14:25.008712+00:00,0.6,6.0,8.087995321767703,9,-3.0,3.0,-0.9120046782322966,0.9120046782322966,0.0,OK,14,Friday,2026-08-28
2026-08-28 14:18:00+00:00,2026-08-28 14:14:25.008712+00:00,3.6,5.8,7.818395477708779,7,-1.2000000000000002,1.2000000000000002,0.818395477708779,0.818395477708779,0.0,OK,14,Friday,2026-08-28
2026-08-28 14:21:00+00:00,2026-08-28 14:14:25.008712+00:00,6.6,5.8,7.818395477708779,12,-6.2,6.2,-4.181604522291221,4.181604522291221,0.0,OK,14,Friday,2026-08-28
2026-08-28 14:24:00+00:00,2026-08-28 14:25:52.222883+00:00,-1.9,5.8,7.818395477708779,3,2.8,2.8,4.818395477708779,4.818395477708779,0.0,OK,14,Friday,2026-08-28
2026-08-28 14:27:00+00:00,2026-08-28 14:25:52.222883+00:00,1.1,5.7,7.683595555679318,3,2.7,2.7,4.683595555679318,4.683595555679318,0.0,OK,14,Friday,2026-08-28
2026-08-28 14:30:00+00:00,2026-08-28 14:25:52.222883+00:00,4.1,5.8,7.818395477708779,6,-0.20000000000000018,0.20000000000000018,1.818395477708779,1.818395477708779,0.0,OK,14,Friday,2026-08-28
2026-08-28 14:33:00+00:00,2026-08-28 14:25:52.222883+00:00,7.1,6.0,8.087995321767703,2,4.0,4.0,6.087995321767703,6.087995321767703,0.0,OK,14,Friday,2026-08-28
2026-08-28 14:36:00+00:00,2026-08-28 14:35:12.334860+00:00,0.8,5.7,7.683595555679318,5,0.7000000000000002,0.7000000000000002,2.683595555679318,2.683595555679318,0.0,OK,14,Friday,2026-08-28
2026-08-28 14:39:00+00:00,2026-08-28 14:35:12.334860+00:00,3.8,6.0,8.087995321767703,6,0.0,0.0,2.0879953217677034,2.0879953217677034,0.0,OK,14,Friday,2026-08-28
2026-08-28 14:42:00+00:00,2026-08-28 14:35:12.334860+00:00,6.8,6.1,8.222795243797163,6,0.09999999999999964,0.09999999999999964,2.2227952437971634,2.2227952437971634,0.0,OK,14,Friday,2026-08-28
2026-08-28 14:45:00+00:00,2026-08-28 14:46:31.912618+00:00,-1.5,6.4,8.62719500988555,7,-0.5999999999999996,0.5999999999999996,1.6271950098855505,1.6271950098855505,0.0,OK,14,Friday,2026-08-28
2026-08-28 14:48:00+00:00,2026-08-28 14:46:31.912618+00:00,1.5,6.4,8.62719500988555,8,-1.5999999999999996,1.5999999999999996,0.6271950098855505,0.6271950098855505,0.0,OK,14,Friday,2026-08-28
2026-08-28 14:51:00+00:00,2026-08-28 14:46:31.912618+00:00,4.5,6.4,8.62719500988555,9,-2.5999999999999996,2.5999999999999996,-0.37280499011444945,0.37280499011444945,0.0,OK,14,Friday,2026-08-28
2026-08-28 14:54:00+00:00,2026-08-28 14:56:07.079252+00:00,-2.1,7.6,10.24479407423909,12,-4.4,4.4,-1.7552059257609098,1.7552059257609098,0.0,OK,14,Friday,2026-08-28
2026-08-28 14:57:00+00:00,2026-08-28 14:56:07.079252+00:00,0.9,7.5,10.109994152209628,11,-3.5,3.5,-0.8900058477903716,0.8900058477903716,0.0,OK,14,Friday,2026-08-28
2026-08-28 15:00:00+00:00,2026-08-28 14:56:07.079252+00:00,3.9,7.5,10.109994152209628,11,-3.5,3.5,-0.8900058477903716,0.8900058477903716,0.0,OK,15,Friday,2026-08-28
2026-08-28 15:03:00+00:00,2026-08-28 14:56:07.079252+00:00,6.9,7.5,10.109994152209628,8,-0.5,0.5,2.1099941522096284,2.1099941522096284,0.0,OK,15,Friday,2026-08-28
2026-08-28 15:06:00+00:00,2026-08-28 15:04:33.896445+00:00,1.4,9.3,12.53639274873994,12,-2.6999999999999993,2.6999999999999993,0.5363927487399405,0.5363927487399405,0.0,OK,15,Friday,2026-08-28
2026-08-28 15:09:00+00:00,2026-08-28 15:04:33.896445+00:00,4.4,8.8,11.862393138592632,5,3.8000000000000007,3.8000000000000007,6.862393138592632,6.862393138592632,0.0,OK,15,Friday,2026-08-28
2026-08-28 15:12:00+00:00,2026-08-28 15:04:33.896445+00:00,7.4,8.5,11.457993372504246,7,1.5,1.5,4.457993372504246,4.457993372504246,0.0,OK,15,Friday,2026-08-28
2026-08-28 15:15:00+00:00,2026-08-28 15:15:11.921168+00:00,-0.2,5.9,7.953195399738242,8,-2.0999999999999996,2.0999999999999996,-0.04680460026175837,0.04680460026175837,0.0,OK,15,Friday,2026-08-28
2026-08-28 15:18:00+00:00,2026-08-28 15:15:11.921168+00:00,2.8,6.2,8.357595165826627,7,-0.7999999999999998,0.7999999999999998,1.357595165826627,1.357595165826627,0.0,OK,15,Friday,2026-08-28
2026-08-28 15:21:00+00:00,2026-08-28 15:15:11.921168+00:00,5.8,6.2,8.357595165826627,5,1.2000000000000002,1.2000000000000002,3.357595165826627,3.357595165826627,0.0,OK,15,Friday,2026-08-28
2026-08-28 15:24:00+00:00,2026-08-28 15:24:53.047656+00:00,-0.9,6.0,8.087995321767703,11,-5.0,5.0,-2.9120046782322966,2.9120046782322966,0.0,OK,15,Friday,2026-08-28
2026-08-28 15:27:00+00:00,2026-08-28 15:24:53.047656+00:00,2.1,6.0,8.087995321767703,15,-9.0,9.0,-6.912004678232297,6.912004678232297,0.0,OK,15,Friday,2026-08-28
2026-08-28 15:30:00+00:00,2026-08-28 15:24:53.047656+00:00,5.1,6.0,8.087995321767703,17,-11.0,11.0,-8.912004678232297,8.912004678232297,0.0,OK,15,Friday,2026-08-28
2026-08-28 15:33:00+00:00,2026-08-28 15:24:53.047656+00:00,8.1,6.0,8.087995321767703,10,-4.0,4.0,-1.9120046782322966,1.9120046782322966,0.0,OK,15,Friday,2026-08-28
2026-08-28 15:36:00+00:00,2026-08-28 15:35:41.565460+00:00,0.3,12.2,16.445590487594327,19,-6.800000000000001,6.800000000000001,-2.554409512405673,2.554409512405673,0.0,OK,15,Friday,2026-08-28
2026-08-28 15:39:00+00:00,2026-08-28 15:35:41.565460+00:00,3.3,11.4,15.367191111358636,10,1.4000000000000004,1.4000000000000004,5.367191111358636,5.367191111358636,0.0,OK,15,Friday,2026-08-28
2026-08-28 15:42:00+00:00,2026-08-28 15:35:41.565460+00:00,6.3,10.5,14.15399181309348,9,1.5,1.5,5.15399181309348,5.15399181309348,0.0,OK,15,Friday,2026-08-28
2026-08-28 15:45:00+00:00,2026-08-28 15:44:51.701796+00:00,0.1,7.6,10.24479407423909,7,0.5999999999999996,0.5999999999999996,3.24479407423909,3.24479407423909,0.0,OK,15,Friday,2026-08-28
2026-08-28 15:48:00+00:00,2026-08-28 15:44:51.701796+00:00,3.1,7.9,10.649193840327476,13,-5.1,5.1,-2.3508061596725245,2.3508061596725245,0.0,OK,15,Friday,2026-08-28
2026-08-28 15:51:00+00:00,2026-08-28 15:44:51.701796+00:00,6.1,8.2,11.053593606415859,10,-1.8000000000000007,1.8000000000000007,1.053593606415859,1.053593606415859,0.0,OK,15,Friday,2026-08-28
2026-08-28 15:54:00+00:00,2026-08-28 15:54:52.597422+00:00,-0.9,7.6,10.24479407423909,18,-10.4,10.4,-7.75520592576091,7.75520592576091,0.0,OK,15,Friday,2026-08-28
2026-08-28 15:57:00+00:00,2026-08-28 15:54:52.597422+00:00,2.1,7.6,10.24479407423909,15,-7.4,7.4,-4.75520592576091,4.75520592576091,0.0,OK,15,Friday,2026-08-28
2026-08-28 16:00:00+00:00,2026-08-28 15:54:52.597422+00:00,5.1,7.9,10.649193840327476,8,-0.09999999999999964,0.09999999999999964,2.6491938403274755,2.6491938403274755,0.0,OK,16,Friday,2026-08-28
2026-08-28 16:03:00+00:00,2026-08-28 15:54:52.597422+00:00,8.1,8.1,10.918793684386399,19,-10.9,10.9,-8.081206315613601,8.081206315613601,0.0,OK,16,Friday,2026-08-28
2026-08-28 16:06:00+00:00,2026-08-28 16:04:28.931683+00:00,1.5,6.4,8.62719500988555,4,2.4000000000000004,2.4000000000000004,4.6271950098855505,4.6271950098855505,0.0,OK,16,Friday,2026-08-28
2026-08-28 16:09:00+00:00,2026-08-28 16:04:28.931683+00:00,4.5,6.4,8.62719500988555,16,-9.6,9.6,-7.3728049901144495,7.3728049901144495,0.0,OK,16,Friday,2026-08-28
2026-08-28 16:12:00+00:00,2026-08-28 16:04:28.931683+00:00,7.5,6.7,9.031594775973936,13,-6.3,6.3,-3.968405224026064,3.968405224026064,0.0,OK,16,Friday,2026-08-28
2026-08-28 16:15:00+00:00,2026-08-28 16:14:53.716923+00:00,0.1,7.4,9.975194230180167,15,-7.6,7.6,-5.024805769819833,5.024805769819833,0.0,OK,16,Friday,2026-08-28
2026-08-28 16:18:00+00:00,2026-08-28 16:14:53.716923+00:00,3.1,7.1,9.570794464091781,22,-14.9,14.9,-12.429205535908219,12.429205535908219,0.0,OK,16,Friday,2026-08-28
2026-08-28 16:21:00+00:00,2026-08-28 16:14:53.716923+00:00,6.1,7.6,10.24479407423909,16,-8.4,8.4,-5.75520592576091,5.75520592576091,0.0,OK,16,Friday,2026-08-28
2026-08-28 16:24:00+00:00,2026-08-28 16:24:43.164583+00:00,-0.7,11.1,14.96279134527025,11,0.09999999999999964,0.09999999999999964,3.962791345270251,3.962791345270251,0.0,OK,16,Friday,2026-08-28
2026-08-28 16:27:00+00:00,2026-08-28 16:24:43.164583+00:00,2.3,10.5,14.15399181309348,14,-3.5,3.5,0.1539918130934801,0.1539918130934801,0.0,OK,16,Friday,2026-08-28
2026-08-28 16:30:00+00:00,2026-08-28 16:24:43.164583+00:00,5.3,10.3,13.884391969034558,14,-3.6999999999999993,3.6999999999999993,-0.1156080309654417,0.1156080309654417,0.0,OK,16,Friday,2026-08-28
2026-08-28 16:33:00+00:00,2026-08-28 16:24:43.164583+00:00,8.3,10.2,13.749592047005095,16,-5.800000000000001,5.800000000000001,-2.2504079529949053,2.2504079529949053,0.0,OK,16,Friday,2026-08-28
2026-08-28 16:36:00+00:00,2026-08-28 16:34:25.564029+00:00,1.6,11.5,15.501991033388098,13,-1.5,1.5,2.501991033388098,2.501991033388098,0.0,OK,16,Friday,2026-08-28
2026-08-28 16:39:00+00:00,2026-08-28 16:34:25.564029+00:00,4.6,11.5,15.501991033388098,17,-5.5,5.5,-1.498008966611902,1.498008966611902,0.0,OK,16,Friday,2026-08-28
2026-08-28 16:42:00+00:00,2026-08-28 16:34:25.564029+00:00,7.6,11.6,15.636790955417558,20,-8.4,8.4,-4.363209044582442,4.363209044582442,0.0,OK,16,Friday,2026-08-28
2026-08-28 16:45:00+00:00,2026-08-28 16:44:57.272496+00:00,0.0,11.2,15.09759126729971,25,-13.8,13.8,-9.90240873270029,9.90240873270029,0.0,OK,16,Friday,2026-08-28
2026-08-28 16:48:00+00:00,2026-08-28 16:44:57.272496+00:00,3.0,10.4,14.019191891064018,7,3.4000000000000004,3.4000000000000004,7.019191891064018,7.019191891064018,0.0,OK,16,Friday,2026-08-28
2026-08-28 16:51:00+00:00,2026-08-28 16:44:57.272496+00:00,6.0,10.3,13.884391969034558,5,5.300000000000001,5.300000000000001,8.884391969034558,8.884391969034558,0.0,OK,16,Friday,2026-08-28
2026-08-28 16:54:00+00:00,2026-08-28 16:54:28.578871+00:00,-0.5,7.1,9.570794464091781,8,-0.9000000000000004,0.9000000000000004,1.5707944640917813,1.5707944640917813,0.0,OK,16,Friday,2026-08-28
2026-08-28 16:57:00+00:00,2026-08-28 16:54:28.578871+00:00,2.5,7.3,9.840394308150705,10,-2.7,2.7,-0.15960569184929518,0.15960569184929518,0.0,OK,16,Friday,2026-08-28
2026-08-28 17:00:00+00:00,2026-08-28 16:54:28.578871+00:00,5.5,7.9,10.649193840327476,9,-1.0999999999999996,1.0999999999999996,1.6491938403274755,1.6491938403274755,0.0,OK,17,Friday,2026-08-28
2026-08-28 17:03:00+00:00,2026-08-28 16:54:28.578871+00:00,8.5,8.1,10.918793684386399,7,1.0999999999999996,1.0999999999999996,3.918793684386399,3.918793684386399,0.0,OK,17,Friday,2026-08-28
2026-08-28 17:06:00+00:00,2026-08-28 17:04:03.231553+00:00,1.9,9.2,12.401592826710477,16,-6.800000000000001,6.800000000000001,-3.598407173289523,3.598407173289523,0.0,OK,17,Friday,2026-08-28
2026-08-28 17:09:00+00:00,2026-08-28 17:04:03.231553+00:00,4.9,9.6,12.940792514828324,17,-7.4,7.4,-4.059207485171676,4.059207485171676,0.0,OK,17,Friday,2026-08-28
2026-08-28 17:12:00+00:00,2026-08-28 17:04:03.231553+00:00,7.9,9.5,12.805992592798862,8,1.5,1.5,4.805992592798862,4.805992592798862,0.0,OK,17,Friday,2026-08-28
2026-08-28 17:15:00+00:00,2026-08-28 17:14:26.734953+00:00,0.6,10.1,13.614792124975633,10,0.09999999999999964,0.09999999999999964,3.614792124975633,3.614792124975633,0.0,OK,17,Friday,2026-08-28
2026-08-28 17:18:00+00:00,2026-08-28 17:14:26.734953+00:00,3.6,9.2,12.401592826710477,15,-5.800000000000001,5.800000000000001,-2.598407173289523,2.598407173289523,0.0,OK,17,Friday,2026-08-28
2026-08-28 17:21:00+00:00,2026-08-28 17:14:26.734953+00:00,6.6,8.6,11.592793294533708,7,1.5999999999999996,1.5999999999999996,4.592793294533708,4.592793294533708,0.0,OK,17,Friday,2026-08-28
2026-08-28 17:24:00+00:00,2026-08-28 17:24:59.960448+00:00,-1.0,8.6,11.592793294533708,18,-9.4,9.4,-6.407206705466292,6.407206705466292,0.0,OK,17,Friday,2026-08-28
2026-08-28 17:27:00+00:00,2026-08-28 17:24:59.960448+00:00,2.0,8.3,11.188393528445323,20,-11.7,11.7,-8.811606471554677,8.811606471554677,0.0,OK,17,Friday,2026-08-28
2026-08-28 17:30:00+00:00,2026-08-28 17:24:59.960448+00:00,5.0,8.2,11.053593606415859,7,1.1999999999999993,1.1999999999999993,4.053593606415859,4.053593606415859,0.0,OK,17,Friday,2026-08-28
2026-08-28 17:33:00+00:00,2026-08-28 17:24:59.960448+00:00,8.0,7.9,10.649193840327476,16,-8.1,8.1,-5.3508061596725245,5.3508061596725245,0.04,OK,17,Friday,2026-08-28
2026-08-28 17:36:00+00:00,2026-08-28 17:35:14.128807+00:00,0.8,6.1,8.222795243797163,10,-3.9000000000000004,3.9000000000000004,-1.7772047562028366,1.7772047562028366,0.0,OK,17,Friday,2026-08-28
2026-08-28 17:39:00+00:00,2026-08-28 17:35:14.128807+00:00,3.8,5.6,7.548795633649855,5,0.5999999999999996,0.5999999999999996,2.5487956336498554,2.5487956336498554,0.0,OK,17,Friday,2026-08-28
2026-08-28 17:42:00+00:00,2026-08-28 17:35:14.128807+00:00,6.8,5.5,7.4139957116203945,9,-3.5,3.5,-1.5860042883796055,1.5860042883796055,0.0,OK,17,Friday,2026-08-28
2026-08-28 17:45:00+00:00,2026-08-28 17:44:14.936493+00:00,0.8,7.4,9.975194230180167,6,1.4000000000000004,1.4000000000000004,3.9751942301801666,3.9751942301801666,0.0,OK,17,Friday,2026-08-28
2026-08-28 17:48:00+00:00,2026-08-28 17:44:14.936493+00:00,3.8,7.1,9.570794464091781,9,-1.9000000000000004,1.9000000000000004,0.5707944640917813,0.5707944640917813,0.0,OK,17,Friday,2026-08-28
2026-08-28 17:51:00+00:00,2026-08-28 17:44:14.936493+00:00,6.8,7.2,9.705594386121243,11,-3.8,3.8,-1.294405613878757,1.294405613878757,0.0,OK,17,Friday,2026-08-28
2026-08-28 17:54:00+00:00,2026-08-28 17:54:23.188109+00:00,-0.4,6.8,9.166394698003396,9,-2.2,2.2,0.1663946980033959,0.1663946980033959,0.0,OK,17,Friday,2026-08-28
2026-08-28 17:57:00+00:00,2026-08-28 17:54:23.188109+00:00,2.6,6.7,9.031594775973936,4,2.7,2.7,5.031594775973936,5.031594775973936,0.0,OK,17,Friday,2026-08-28
2026-08-28 18:00:00+00:00,2026-08-28 17:54:23.188109+00:00,5.6,6.7,9.031594775973936,8,-1.2999999999999998,1.2999999999999998,1.031594775973936,1.031594775973936,0.0,OK,18,Friday,2026-08-28
2026-08-28 18:03:00+00:00,2026-08-28 17:54:23.188109+00:00,8.6,6.7,9.031594775973936,11,-4.3,4.3,-1.968405224026064,1.968405224026064,0.0,OK,18,Friday,2026-08-28
2026-08-28 18:06:00+00:00,2026-08-28 18:04:16.195398+00:00,1.7,7.0,9.43599454206232,11,-4.0,4.0,-1.5640054579376805,1.5640054579376805,0.0,OK,18,Friday,2026-08-28
2026-08-28 18:09:00+00:00,2026-08-28 18:04:16.195398+00:00,4.7,6.8,9.166394698003396,8,-1.2000000000000002,1.2000000000000002,1.166394698003396,1.166394698003396,0.0,OK,18,Friday,2026-08-28
2026-08-28 18:12:00+00:00,2026-08-28 18:04:16.195398+00:00,7.7,6.1,8.222795243797163,14,-7.9,7.9,-5.777204756202837,5.777204756202837,0.0,OK,18,Friday,2026-08-28
2026-08-28 18:15:00+00:00,2026-08-28 18:14:29.420507+00:00,0.5,5.6,7.548795633649855,11,-5.4,5.4,-3.4512043663501446,3.4512043663501446,0.0,OK,18,Friday,2026-08-28
2026-08-28 18:18:00+00:00,2026-08-28 18:14:29.420507+00:00,3.5,4.7,6.335596335384701,5,-0.2999999999999998,0.2999999999999998,1.3355963353847011,1.3355963353847011,0.0,OK,18,Friday,2026-08-28
2026-08-28 18:21:00+00:00,2026-08-28 18:14:29.420507+00:00,6.5,4.2,5.661596725237392,3,1.2000000000000002,1.2000000000000002,2.661596725237392,2.661596725237392,0.0,OK,18,Friday,2026-08-28
2026-08-28 18:24:00+00:00,2026-08-28 18:24:06.881216+00:00,-0.1,3.6,4.8527971930606215,4,-0.3999999999999999,0.3999999999999999,0.8527971930606215,0.8527971930606215,0.0,OK,18,Friday,2026-08-28
2026-08-29 06:30:00+00:00,2026-08-29 06:25:01.917414+00:00,5.0,4.3,5.796396647266854,1,3.3,3.3,4.796396647266854,4.796396647266854,0.0,OK,6,Saturday,2026-08-29
2026-08-29 06:33:00+00:00,2026-08-29 06:25:01.917414+00:00,8.0,3.6,4.8527971930606215,2,1.6,1.6,2.8527971930606215,2.8527971930606215,0.0,OK,6,Saturday,2026-08-29
2026-08-29 06:36:00+00:00,2026-08-29 06:34:53.156986+00:00,1.1,4.5,6.065996491325778,1,3.5,3.5,5.065996491325778,5.065996491325778,0.0,OK,6,Saturday,2026-08-29
2026-08-29 06:39:00+00:00,2026-08-29 06:34:53.156986+00:00,4.1,4.3,5.796396647266854,4,0.2999999999999998,0.2999999999999998,1.796396647266854,1.796396647266854,0.0,OK,6,Saturday,2026-08-29
2026-08-29 06:42:00+00:00,2026-08-29 06:34:53.156986+00:00,7.1,5.2,7.009595945532009,7,-1.7999999999999998,1.7999999999999998,0.009595945532009154,0.009595945532009154,0.0,OK,6,Saturday,2026-08-29
2026-08-29 06:45:00+00:00,2026-08-29 06:44:57.649358+00:00,0.0,4.9,6.605196179443625,1,3.9000000000000004,3.9000000000000004,5.605196179443625,5.605196179443625,0.0,OK,6,Saturday,2026-08-29
2026-08-29 06:48:00+00:00,2026-08-29 06:44:57.649358+00:00,3.0,4.9,6.605196179443625,1,3.9000000000000004,3.9000000000000004,5.605196179443625,5.605196179443625,0.0,OK,6,Saturday,2026-08-29
2026-08-29 06:51:00+00:00,2026-08-29 06:44:57.649358+00:00,6.0,4.9,6.605196179443625,7,-2.0999999999999996,2.0999999999999996,-0.3948038205563753,0.3948038205563753,0.0,OK,6,Saturday,2026-08-29
2026-08-29 06:54:00+00:00,2026-08-29 06:55:24.160592+00:00,-1.4,4.0,5.391996881178469,9,-5.0,5.0,-3.6080031188215314,3.6080031188215314,0.0,OK,6,Saturday,2026-08-29
2026-08-29 06:57:00+00:00,2026-08-29 06:55:24.160592+00:00,1.6,4.2,5.661596725237392,6,-1.7999999999999998,1.7999999999999998,-0.3384032747626078,0.3384032747626078,0.0,OK,6,Saturday,2026-08-29
2026-08-29 07:00:00+00:00,2026-08-29 06:55:24.160592+00:00,4.6,4.4,5.931196569296316,4,0.40000000000000036,0.40000000000000036,1.9311965692963158,1.9311965692963158,0.0,OK,7,Saturday,2026-08-29
2026-08-29 07:03:00+00:00,2026-08-29 06:55:24.160592+00:00,7.6,4.7,6.335596335384701,5,-0.2999999999999998,0.2999999999999998,1.3355963353847011,1.3355963353847011,0.0,OK,7,Saturday,2026-08-29
2026-08-29 07:06:00+00:00,2026-08-29 07:05:11.392266+00:00,0.8,5.3,7.144395867561471,6,-0.7000000000000002,0.7000000000000002,1.144395867561471,1.144395867561471,0.0,OK,7,Saturday,2026-08-29
2026-08-29 07:09:00+00:00,2026-08-29 07:05:11.392266+00:00,3.8,5.2,7.009595945532009,15,-9.8,9.8,-7.990404054467991,7.990404054467991,0.0,OK,7,Saturday,2026-08-29
2026-08-29 07:12:00+00:00,2026-08-29 07:05:11.392266+00:00,6.8,5.2,7.009595945532009,10,-4.8,4.8,-2.990404054467991,2.990404054467991,0.0,OK,7,Saturday,2026-08-29
2026-08-29 07:15:00+00:00,2026-08-29 07:14:39.051212+00:00,0.3,5.2,7.009595945532009,11,-5.8,5.8,-3.990404054467991,3.990404054467991,0.0,OK,7,Saturday,2026-08-29
2026-08-29 07:18:00+00:00,2026-08-29 07:14:39.051212+00:00,3.3,5.1,6.874796023502547,4,1.0999999999999996,1.0999999999999996,2.8747960235025474,2.8747960235025474,0.0,OK,7,Saturday,2026-08-29
2026-08-29 07:21:00+00:00,2026-08-29 07:14:39.051212+00:00,6.3,5.1,6.874796023502547,12,-6.9,6.9,-5.125203976497453,5.125203976497453,0.0,OK,7,Saturday,2026-08-29
2026-08-29 07:24:00+00:00,2026-08-29 07:25:50.371858+00:00,-1.8,7.1,9.570794464091781,9,-1.9000000000000004,1.9000000000000004,0.5707944640917813,0.5707944640917813,0.0,OK,7,Saturday,2026-08-29
2026-08-29 07:27:00+00:00,2026-08-29 07:25:50.371858+00:00,1.2,6.9,9.30119462003286,6,0.9000000000000004,0.9000000000000004,3.3011946200328595,3.3011946200328595,0.0,OK,7,Saturday,2026-08-29
2026-08-29 07:30:00+00:00,2026-08-29 07:25:50.371858+00:00,4.2,6.9,9.30119462003286,5,1.9000000000000004,1.9000000000000004,4.3011946200328595,4.3011946200328595,0.0,OK,7,Saturday,2026-08-29
2026-08-29 07:33:00+00:00,2026-08-29 07:25:50.371858+00:00,7.2,6.7,9.031594775973936,6,0.7000000000000002,0.7000000000000002,3.031594775973936,3.031594775973936,0.0,OK,7,Saturday,2026-08-29
2026-08-29 07:36:00+00:00,2026-08-29 07:35:22.754979+00:00,0.6,6.5,8.761994931915012,5,1.5,1.5,3.7619949319150123,3.7619949319150123,0.0,OK,7,Saturday,2026-08-29
2026-08-29 07:39:00+00:00,2026-08-29 07:35:22.754979+00:00,3.6,6.7,9.031594775973936,11,-4.3,4.3,-1.968405224026064,1.968405224026064,0.0,OK,7,Saturday,2026-08-29
2026-08-29 07:42:00+00:00,2026-08-29 07:35:22.754979+00:00,6.6,6.8,9.166394698003396,5,1.7999999999999998,1.7999999999999998,4.166394698003396,4.166394698003396,0.0,OK,7,Saturday,2026-08-29
2026-08-29 07:45:00+00:00,2026-08-29 07:45:48.951171+00:00,-0.8,5.6,7.548795633649855,4,1.5999999999999996,1.5999999999999996,3.5487956336498554,3.5487956336498554,0.0,OK,7,Saturday,2026-08-29
2026-08-29 07:48:00+00:00,2026-08-29 07:45:48.951171+00:00,2.2,5.3,7.144395867561471,11,-5.7,5.7,-3.855604132438529,3.855604132438529,0.0,OK,7,Saturday,2026-08-29
2026-08-29 07:51:00+00:00,2026-08-29 07:45:48.951171+00:00,5.2,5.3,7.144395867561471,16,-10.7,10.7,-8.855604132438529,8.855604132438529,0.0,OK,7,Saturday,2026-08-29
2026-08-29 07:54:00+00:00,2026-08-29 07:54:55.725320+00:00,-0.9,7.7,10.379593996268552,12,-4.3,4.3,-1.620406003731448,1.620406003731448,0.0,OK,7,Saturday,2026-08-29
2026-08-29 07:57:00+00:00,2026-08-29 07:54:55.725320+00:00,2.1,7.3,9.840394308150705,10,-2.7,2.7,-0.15960569184929518,0.15960569184929518,0.0,OK,7,Saturday,2026-08-29
2026-08-29 08:00:00+00:00,2026-08-29 07:54:55.725320+00:00,5.1,7.2,9.705594386121243,15,-7.8,7.8,-5.294405613878757,5.294405613878757,0.0,OK,8,Saturday,2026-08-29
2026-08-29 08:03:00+00:00,2026-08-29 07:54:55.725320+00:00,8.1,7.1,9.570794464091781,8,-0.9000000000000004,0.9000000000000004,1.5707944640917813,1.5707944640917813,0.0,OK,8,Saturday,2026-08-29
2026-08-29 08:06:00+00:00,2026-08-29 08:06:11.663715+00:00,-0.2,10.9,14.693191501211327,11,-0.09999999999999964,0.09999999999999964,3.693191501211327,3.693191501211327,0.0,OK,8,Saturday,2026-08-29
2026-08-29 08:09:00+00:00,2026-08-29 08:06:11.663715+00:00,2.8,10.5,14.15399181309348,4,6.5,6.5,10.15399181309348,10.15399181309348,0.0,OK,8,Saturday,2026-08-29
2026-08-29 08:12:00+00:00,2026-08-29 08:06:11.663715+00:00,5.8,9.9,13.345192280916711,14,-4.1,4.1,-0.6548077190832888,0.6548077190832888,0.0,OK,8,Saturday,2026-08-29
2026-08-29 08:15:00+00:00,2026-08-29 08:15:43.084198+00:00,-0.7,6.4,8.62719500988555,11,-4.6,4.6,-2.3728049901144495,2.3728049901144495,0.0,OK,8,Saturday,2026-08-29
2026-08-29 08:18:00+00:00,2026-08-29 08:15:43.084198+00:00,2.3,6.6,8.896794853944472,10,-3.4000000000000004,3.4000000000000004,-1.1032051460555277,1.1032051460555277,0.0,OK,8,Saturday,2026-08-29
2026-08-29 08:21:00+00:00,2026-08-29 08:15:43.084198+00:00,5.3,6.5,8.761994931915012,5,1.5,1.5,3.7619949319150123,3.7619949319150123,0.0,OK,8,Saturday,2026-08-29
2026-08-29 08:24:00+00:00,2026-08-29 08:25:11.734264+00:00,-1.2,7.3,9.840394308150705,13,-5.7,5.7,-3.159605691849295,3.159605691849295,0.0,OK,8,Saturday,2026-08-29
2026-08-29 08:27:00+00:00,2026-08-29 08:25:11.734264+00:00,1.8,7.2,9.705594386121243,9,-1.7999999999999998,1.7999999999999998,0.705594386121243,0.705594386121243,0.0,OK,8,Saturday,2026-08-29
2026-08-29 08:30:00+00:00,2026-08-29 08:25:11.734264+00:00,4.8,7.1,9.570794464091781,7,0.09999999999999964,0.09999999999999964,2.5707944640917813,2.5707944640917813,0.0,OK,8,Saturday,2026-08-29
2026-08-29 08:33:00+00:00,2026-08-29 08:25:11.734264+00:00,7.8,7.1,9.570794464091781,16,-8.9,8.9,-6.429205535908219,6.429205535908219,0.0,OK,8,Saturday,2026-08-29
2026-08-29 08:36:00+00:00,2026-08-29 08:35:18.122022+00:00,0.7,8.1,10.918793684386399,11,-2.9000000000000004,2.9000000000000004,-0.08120631561360092,0.08120631561360092,0.0,OK,8,Saturday,2026-08-29
2026-08-29 08:39:00+00:00,2026-08-29 08:35:18.122022+00:00,3.7,8.0,10.783993762356937,15,-7.0,7.0,-4.216006237643063,4.216006237643063,0.0,OK,8,Saturday,2026-08-29
2026-08-29 08:42:00+00:00,2026-08-29 08:35:18.122022+00:00,6.7,8.2,11.053593606415859,18,-9.8,9.8,-6.946406393584141,6.946406393584141,0.0,OK,8,Saturday,2026-08-29
2026-08-29 08:45:00+00:00,2026-08-29 08:44:26.005671+00:00,0.6,8.5,11.457993372504246,14,-5.5,5.5,-2.542006627495754,2.542006627495754,0.0,OK,8,Saturday,2026-08-29
2026-08-29 08:48:00+00:00,2026-08-29 08:44:26.005671+00:00,3.6,8.4,11.323193450474784,8,0.40000000000000036,0.40000000000000036,3.3231934504747844,3.3231934504747844,0.0,OK,8,Saturday,2026-08-29
2026-08-29 08:51:00+00:00,2026-08-29 08:44:26.005671+00:00,6.6,8.4,11.323193450474784,14,-5.6,5.6,-2.6768065495252156,2.6768065495252156,0.0,OK,8,Saturday,2026-08-29
2026-08-29 08:54:00+00:00,2026-08-29 08:55:43.842026+00:00,-1.7,8.3,11.188393528445323,18,-9.7,9.7,-6.811606471554677,6.811606471554677,0.0,OK,8,Saturday,2026-08-29
2026-08-29 08:57:00+00:00,2026-08-29 08:55:43.842026+00:00,1.3,8.5,11.457993372504246,10,-1.5,1.5,1.4579933725042462,1.4579933725042462,0.0,OK,8,Saturday,2026-08-29
2026-08-29 09:00:00+00:00,2026-08-29 08:55:43.842026+00:00,4.3,8.7,11.727593216563168,9,-0.3000000000000007,0.3000000000000007,2.727593216563168,2.727593216563168,0.0,OK,9,Saturday,2026-08-29
2026-08-29 09:03:00+00:00,2026-08-29 08:55:43.842026+00:00,7.3,8.9,11.997193060622093,8,0.9000000000000004,0.9000000000000004,3.9971930606220933,3.9971930606220933,0.0,OK,9,Saturday,2026-08-29
2026-08-29 09:06:00+00:00,2026-08-29 09:06:42.136457+00:00,-0.7,7.4,9.975194230180167,10,-2.5999999999999996,2.5999999999999996,-0.0248057698198334,0.0248057698198334,0.0,OK,9,Saturday,2026-08-29
2026-08-29 09:09:00+00:00,2026-08-29 09:06:42.136457+00:00,2.3,7.6,10.24479407423909,16,-8.4,8.4,-5.75520592576091,5.75520592576091,0.0,OK,9,Saturday,2026-08-29
2026-08-29 09:12:00+00:00,2026-08-29 09:06:42.136457+00:00,5.3,7.3,9.840394308150705,11,-3.7,3.7,-1.1596056918492952,1.1596056918492952,0.0,OK,9,Saturday,2026-08-29
2026-08-29 09:15:00+00:00,2026-08-29 09:15:48.444151+00:00,-0.8,9.1,12.266792904681015,8,1.0999999999999996,1.0999999999999996,4.266792904681015,4.266792904681015,0.0,OK,9,Saturday,2026-08-29
2026-08-29 09:18:00+00:00,2026-08-29 09:15:48.444151+00:00,2.2,9.4,12.671192670769402,12,-2.5999999999999996,2.5999999999999996,0.6711926707694023,0.6711926707694023,0.0,OK,9,Saturday,2026-08-29
2026-08-29 09:21:00+00:00,2026-08-29 09:15:48.444151+00:00,5.2,9.8,13.21039235888725,14,-4.199999999999999,4.199999999999999,-0.7896076411127506,0.7896076411127506,0.0,OK,9,Saturday,2026-08-29
2026-08-29 09:24:00+00:00,2026-08-29 09:26:47.315731+00:00,-2.8,9.5,12.805992592798862,13,-3.5,3.5,-0.19400740720113774,0.19400740720113774,0.0,OK,9,Saturday,2026-08-29
2026-08-29 09:27:00+00:00,2026-08-29 09:26:47.315731+00:00,0.2,9.4,12.671192670769402,8,1.4000000000000004,1.4000000000000004,4.671192670769402,4.671192670769402,0.0,OK,9,Saturday,2026-08-29
2026-08-29 09:30:00+00:00,2026-08-29 09:26:47.315731+00:00,3.2,9.2,12.401592826710477,13,-3.8000000000000007,3.8000000000000007,-0.5984071732895231,0.5984071732895231,0.0,OK,9,Saturday,2026-08-29
2026-08-29 09:33:00+00:00,2026-08-29 09:26:47.315731+00:00,6.2,9.3,12.53639274873994,13,-3.6999999999999993,3.6999999999999993,-0.4636072512600595,0.4636072512600595,0.0,OK,9,Saturday,2026-08-29
2026-08-29 09:36:00+00:00,2026-08-29 09:37:30.197858+00:00,-1.5,8.3,11.188393528445323,24,-15.7,15.7,-12.811606471554677,12.811606471554677,0.0,OK,9,Saturday,2026-08-29
2026-08-29 09:39:00+00:00,2026-08-29 09:37:30.197858+00:00,1.5,8.6,11.592793294533708,14,-5.4,5.4,-2.407206705466292,2.407206705466292,0.0,OK,9,Saturday,2026-08-29
2026-08-29 09:42:00+00:00,2026-08-29 09:37:30.197858+00:00,4.5,8.6,11.592793294533708,12,-3.4000000000000004,3.4000000000000004,-0.407206705466292,0.407206705466292,0.0,OK,9,Saturday,2026-08-29
2026-08-29 09:45:00+00:00,2026-08-29 09:45:43.408015+00:00,-0.7,10.1,13.614792124975633,15,-4.9,4.9,-1.385207875024367,1.385207875024367,0.0,OK,9,Saturday,2026-08-29
2026-08-29 09:48:00+00:00,2026-08-29 09:45:43.408015+00:00,2.3,10.3,13.884391969034558,12,-1.6999999999999993,1.6999999999999993,1.8843919690345583,1.8843919690345583,0.0,OK,9,Saturday,2026-08-29
2026-08-29 09:51:00+00:00,2026-08-29 09:45:43.408015+00:00,5.3,10.4,14.019191891064018,12,-1.5999999999999996,1.5999999999999996,2.0191918910640183,2.0191918910640183,0.0,OK,9,Saturday,2026-08-29
2026-08-29 09:54:00+00:00,2026-08-29 09:56:20.083226+00:00,-2.3,10.7,14.423591657152402,23,-12.3,12.3,-8.576408342847598,8.576408342847598,0.0,OK,9,Saturday,2026-08-29
2026-08-29 09:57:00+00:00,2026-08-29 09:56:20.083226+00:00,0.7,10.6,14.288791735122942,17,-6.4,6.4,-2.711208264877058,2.711208264877058,0.0,OK,9,Saturday,2026-08-29
2026-08-29 10:00:00+00:00,2026-08-29 09:56:20.083226+00:00,3.7,10.8,14.558391579181865,15,-4.199999999999999,4.199999999999999,-0.44160842081813456,0.44160842081813456,0.0,OK,10,Saturday,2026-08-29
2026-08-29 10:03:00+00:00,2026-08-29 09:56:20.083226+00:00,6.7,10.6,14.288791735122942,3,7.6,7.6,11.288791735122942,11.288791735122942,0.0,OK,10,Saturday,2026-08-29
2026-08-29 10:06:00+00:00,2026-08-29 10:05:54.625344+00:00,0.1,9.1,12.266792904681015,13,-3.9000000000000004,3.9000000000000004,-0.7332070953189849,0.7332070953189849,0.0,OK,10,Saturday,2026-08-29
2026-08-29 10:09:00+00:00,2026-08-29 10:05:54.625344+00:00,3.1,8.7,11.727593216563168,11,-2.3000000000000007,2.3000000000000007,0.727593216563168,0.727593216563168,0.0,OK,10,Saturday,2026-08-29
2026-08-29 10:12:00+00:00,2026-08-29 10:05:54.625344+00:00,6.1,8.6,11.592793294533708,19,-10.4,10.4,-7.407206705466292,7.407206705466292,0.0,OK,10,Saturday,2026-08-29
2026-08-29 10:15:00+00:00,2026-08-29 10:17:42.544744+00:00,-2.7,11.6,15.636790955417558,5,6.6,6.6,10.636790955417558,10.636790955417558,0.0,OK,10,Saturday,2026-08-29
2026-08-29 10:18:00+00:00,2026-08-29 10:17:42.544744+00:00,0.3,11.5,15.501991033388098,15,-3.5,3.5,0.5019910333880979,0.5019910333880979,0.0,OK,10,Saturday,2026-08-29
2026-08-29 10:21:00+00:00,2026-08-29 10:17:42.544744+00:00,3.3,11.4,15.367191111358636,10,1.4000000000000004,1.4000000000000004,5.367191111358636,5.367191111358636,0.0,OK,10,Saturday,2026-08-29
2026-08-29 10:24:00+00:00,2026-08-29 10:25:14.737058+00:00,-1.2,8.9,11.997193060622093,6,2.9000000000000004,2.9000000000000004,5.997193060622093,5.997193060622093,0.0,OK,10,Saturday,2026-08-29
2026-08-29 10:27:00+00:00,2026-08-29 10:25:14.737058+00:00,1.8,8.9,11.997193060622093,10,-1.0999999999999996,1.0999999999999996,1.9971930606220933,1.9971930606220933,0.0,OK,10,Saturday,2026-08-29
2026-08-29 10:30:00+00:00,2026-08-29 10:25:14.737058+00:00,4.8,9.1,12.266792904681015,7,2.0999999999999996,2.0999999999999996,5.266792904681015,5.266792904681015,0.0,OK,10,Saturday,2026-08-29
2026-08-29 10:33:00+00:00,2026-08-29 10:25:14.737058+00:00,7.8,9.1,12.266792904681015,18,-8.9,8.9,-5.733207095318985,5.733207095318985,0.0,OK,10,Saturday,2026-08-29
2026-08-29 10:36:00+00:00,2026-08-29 10:35:25.278970+00:00,0.6,7.4,9.975194230180167,12,-4.6,4.6,-2.0248057698198334,2.0248057698198334,0.0,OK,10,Saturday,2026-08-29
2026-08-29 10:39:00+00:00,2026-08-29 10:35:25.278970+00:00,3.6,7.0,9.43599454206232,11,-4.0,4.0,-1.5640054579376805,1.5640054579376805,0.0,OK,10,Saturday,2026-08-29
2026-08-29 10:42:00+00:00,2026-08-29 10:35:25.278970+00:00,6.6,6.6,8.896794853944472,6,0.5999999999999996,0.5999999999999996,2.8967948539444723,2.8967948539444723,0.0,OK,10,Saturday,2026-08-29
2026-08-29 10:45:00+00:00,2026-08-29 10:44:39.725490+00:00,0.3,7.5,10.109994152209628,9,-1.5,1.5,1.1099941522096284,1.1099941522096284,0.0,OK,10,Saturday,2026-08-29
2026-08-29 10:48:00+00:00,2026-08-29 10:44:39.725490+00:00,3.3,6.8,9.166394698003396,14,-7.2,7.2,-4.833605301996604,4.833605301996604,0.0,OK,10,Saturday,2026-08-29
2026-08-29 10:51:00+00:00,2026-08-29 10:44:39.725490+00:00,6.3,6.5,8.761994931915012,14,-7.5,7.5,-5.238005068084988,5.238005068084988,0.0,OK,10,Saturday,2026-08-29
2026-08-29 10:54:00+00:00,2026-08-29 10:57:41.149148+00:00,-3.7,8.9,11.997193060622093,10,-1.0999999999999996,1.0999999999999996,1.9971930606220933,1.9971930606220933,0.0,OK,10,Saturday,2026-08-29
2026-08-29 10:57:00+00:00,2026-08-29 10:57:41.149148+00:00,-0.7,8.4,11.323193450474784,18,-9.6,9.6,-6.676806549525216,6.676806549525216,0.0,OK,10,Saturday,2026-08-29
2026-08-29 11:00:00+00:00,2026-08-29 10:57:41.149148+00:00,2.3,8.5,11.457993372504246,10,-1.5,1.5,1.4579933725042462,1.4579933725042462,0.0,OK,11,Saturday,2026-08-29
2026-08-29 11:03:00+00:00,2026-08-29 10:57:41.149148+00:00,5.3,8.4,11.323193450474784,5,3.4000000000000004,3.4000000000000004,6.323193450474784,6.323193450474784,0.0,OK,11,Saturday,2026-08-29
2026-08-29 11:06:00+00:00,2026-08-29 11:05:20.107395+00:00,0.7,8.9,11.997193060622093,5,3.9000000000000004,3.9000000000000004,6.997193060622093,6.997193060622093,0.0,OK,11,Saturday,2026-08-29
2026-08-29 11:09:00+00:00,2026-08-29 11:05:20.107395+00:00,3.7,8.3,11.188393528445323,12,-3.6999999999999993,3.6999999999999993,-0.8116064715546774,0.8116064715546774,0.0,OK,11,Saturday,2026-08-29
2026-08-29 11:12:00+00:00,2026-08-29 11:05:20.107395+00:00,6.7,8.0,10.783993762356937,12,-4.0,4.0,-1.2160062376430627,1.2160062376430627,0.0,OK,11,Saturday,2026-08-29
2026-08-29 11:15:00+00:00,2026-08-29 11:15:35.045502+00:00,-0.6,8.5,11.457993372504246,5,3.5,3.5,6.457993372504246,6.457993372504246,0.0,OK,11,Saturday,2026-08-29
2026-08-29 11:18:00+00:00,2026-08-29 11:15:35.045502+00:00,2.4,8.6,11.592793294533708,4,4.6,4.6,7.592793294533708,7.592793294533708,0.0,OK,11,Saturday,2026-08-29
2026-08-29 11:21:00+00:00,2026-08-29 11:15:35.045502+00:00,5.4,8.6,11.592793294533708,15,-6.4,6.4,-3.407206705466292,3.407206705466292,0.0,OK,11,Saturday,2026-08-29
2026-08-29 11:24:00+00:00,2026-08-29 11:24:50.591116+00:00,-0.8,7.8,10.514393918298014,12,-4.2,4.2,-1.4856060817019863,1.4856060817019863,0.0,OK,11,Saturday,2026-08-29
2026-08-29 11:27:00+00:00,2026-08-29 11:24:50.591116+00:00,2.2,7.4,9.975194230180167,16,-8.6,8.6,-6.024805769819833,6.024805769819833,0.0,OK,11,Saturday,2026-08-29
2026-08-29 11:30:00+00:00,2026-08-29 11:24:50.591116+00:00,5.2,7.0,9.43599454206232,11,-4.0,4.0,-1.5640054579376805,1.5640054579376805,0.0,OK,11,Saturday,2026-08-29
2026-08-29 11:33:00+00:00,2026-08-29 11:24:50.591116+00:00,8.2,6.6,8.896794853944472,5,1.5999999999999996,1.5999999999999996,3.8967948539444723,3.8967948539444723,0.0,OK,11,Saturday,2026-08-29
2026-08-29 11:36:00+00:00,2026-08-29 11:35:07.382361+00:00,0.9,8.8,11.862393138592632,6,2.8000000000000007,2.8000000000000007,5.862393138592632,5.862393138592632,0.0,OK,11,Saturday,2026-08-29
2026-08-29 11:39:00+00:00,2026-08-29 11:35:07.382361+00:00,3.9,8.4,11.323193450474784,7,1.4000000000000004,1.4000000000000004,4.323193450474784,4.323193450474784,0.0,OK,11,Saturday,2026-08-29
2026-08-29 11:42:00+00:00,2026-08-29 11:35:07.382361+00:00,6.9,8.2,11.053593606415859,5,3.1999999999999993,3.1999999999999993,6.053593606415859,6.053593606415859,0.0,OK,11,Saturday,2026-08-29
2026-08-29 11:45:00+00:00,2026-08-29 11:44:53.794643+00:00,0.1,5.3,7.144395867561471,9,-3.7,3.7,-1.855604132438529,1.855604132438529,0.0,OK,11,Saturday,2026-08-29
2026-08-29 11:48:00+00:00,2026-08-29 11:44:53.794643+00:00,3.1,5.3,7.144395867561471,6,-0.7000000000000002,0.7000000000000002,1.144395867561471,1.144395867561471,0.0,OK,11,Saturday,2026-08-29
2026-08-29 11:51:00+00:00,2026-08-29 11:44:53.794643+00:00,6.1,5.3,7.144395867561471,9,-3.7,3.7,-1.855604132438529,1.855604132438529,0.0,OK,11,Saturday,2026-08-29
2026-08-29 11:54:00+00:00,2026-08-29 11:55:12.378340+00:00,-1.2,5.8,7.818395477708779,12,-6.2,6.2,-4.181604522291221,4.181604522291221,0.0,OK,11,Saturday,2026-08-29
2026-08-29 11:57:00+00:00,2026-08-29 11:55:12.378340+00:00,1.8,5.3,7.144395867561471,10,-4.7,4.7,-2.855604132438529,2.855604132438529,0.0,OK,11,Saturday,2026-08-29
2026-08-29 12:00:00+00:00,2026-08-29 11:55:12.378340+00:00,4.8,5.3,7.144395867561471,14,-8.7,8.7,-6.855604132438529,6.855604132438529,0.0,OK,12,Saturday,2026-08-29
2026-08-29 12:03:00+00:00,2026-08-29 11:55:12.378340+00:00,7.8,5.3,7.144395867561471,6,-0.7000000000000002,0.7000000000000002,1.144395867561471,1.144395867561471,0.0,OK,12,Saturday,2026-08-29
2026-08-29 12:06:00+00:00,2026-08-29 12:04:51.593947+00:00,1.1,9.6,12.940792514828324,10,-0.40000000000000036,0.40000000000000036,2.940792514828324,2.940792514828324,0.0,OK,12,Saturday,2026-08-29
2026-08-29 12:09:00+00:00,2026-08-29 12:04:51.593947+00:00,4.1,8.7,11.727593216563168,10,-1.3000000000000007,1.3000000000000007,1.727593216563168,1.727593216563168,0.0,OK,12,Saturday,2026-08-29
2026-08-29 12:12:00+00:00,2026-08-29 12:04:51.593947+00:00,7.1,8.0,10.783993762356937,10,-2.0,2.0,0.7839937623569373,0.7839937623569373,0.0,OK,12,Saturday,2026-08-29
2026-08-29 12:15:00+00:00,2026-08-29 12:14:56.919781+00:00,0.1,6.4,8.62719500988555,8,-1.5999999999999996,1.5999999999999996,0.6271950098855505,0.6271950098855505,0.0,OK,12,Saturday,2026-08-29
2026-08-29 12:18:00+00:00,2026-08-29 12:14:56.919781+00:00,3.1,6.3,8.492395087856089,9,-2.7,2.7,-0.5076049121439112,0.5076049121439112,0.0,OK,12,Saturday,2026-08-29
2026-08-29 12:21:00+00:00,2026-08-29 12:14:56.919781+00:00,6.1,6.1,8.222795243797163,10,-3.9000000000000004,3.9000000000000004,-1.7772047562028366,1.7772047562028366,0.0,OK,12,Saturday,2026-08-29
2026-08-29 12:24:00+00:00,2026-08-29 12:25:20.181918+00:00,-1.3,7.7,10.379593996268552,10,-2.3,2.3,0.37959399626855195,0.37959399626855195,0.0,OK,12,Saturday,2026-08-29
2026-08-29 12:27:00+00:00,2026-08-29 12:25:20.181918+00:00,1.7,7.1,9.570794464091781,6,1.0999999999999996,1.0999999999999996,3.5707944640917813,3.5707944640917813,0.0,OK,12,Saturday,2026-08-29
2026-08-29 12:30:00+00:00,2026-08-29 12:25:20.181918+00:00,4.7,7.0,9.43599454206232,5,2.0,2.0,4.4359945420623195,4.4359945420623195,0.0,OK,12,Saturday,2026-08-29
2026-08-29 12:33:00+00:00,2026-08-29 12:25:20.181918+00:00,7.7,6.7,9.031594775973936,8,-1.2999999999999998,1.2999999999999998,1.031594775973936,1.031594775973936,0.0,OK,12,Saturday,2026-08-29
2026-08-29 12:36:00+00:00,2026-08-29 12:35:04.995763+00:00,0.9,6.2,8.357595165826627,10,-3.8,3.8,-1.642404834173373,1.642404834173373,0.0,OK,12,Saturday,2026-08-29
2026-08-29 12:39:00+00:00,2026-08-29 12:35:04.995763+00:00,3.9,6.3,8.492395087856089,9,-2.7,2.7,-0.5076049121439112,0.5076049121439112,0.0,OK,12,Saturday,2026-08-29
2026-08-29 12:42:00+00:00,2026-08-29 12:35:04.995763+00:00,6.9,6.5,8.761994931915012,14,-7.5,7.5,-5.238005068084988,5.238005068084988,0.0,OK,12,Saturday,2026-08-29
2026-08-29 12:45:00+00:00,2026-08-29 12:45:06.602813+00:00,-0.1,6.7,9.031594775973936,9,-2.3,2.3,0.031594775973935896,0.031594775973935896,0.0,OK,12,Saturday,2026-08-29
2026-08-29 12:48:00+00:00,2026-08-29 12:45:06.602813+00:00,2.9,6.7,9.031594775973936,4,2.7,2.7,5.031594775973936,5.031594775973936,0.0,OK,12,Saturday,2026-08-29
2026-08-29 12:51:00+00:00,2026-08-29 12:45:06.602813+00:00,5.9,6.7,9.031594775973936,3,3.7,3.7,6.031594775973936,6.031594775973936,0.0,OK,12,Saturday,2026-08-29
2026-08-29 12:54:00+00:00,2026-08-29 12:54:39.463215+00:00,-0.7,4.4,5.931196569296316,2,2.4000000000000004,2.4000000000000004,3.931196569296316,3.931196569296316,0.0,OK,12,Saturday,2026-08-29
2026-08-29 12:57:00+00:00,2026-08-29 12:54:39.463215+00:00,2.3,4.2,5.661596725237392,1,3.2,3.2,4.661596725237392,4.661596725237392,0.0,OK,12,Saturday,2026-08-29
2026-08-29 13:00:00+00:00,2026-08-29 12:54:39.463215+00:00,5.3,4.3,5.796396647266854,9,-4.7,4.7,-3.203603352733146,3.203603352733146,0.0,OK,13,Saturday,2026-08-29
2026-08-29 13:03:00+00:00,2026-08-29 12:54:39.463215+00:00,8.3,4.6,6.2007964133552385,14,-9.4,9.4,-7.7992035866447615,7.7992035866447615,0.0,OK,13,Saturday,2026-08-29
2026-08-29 13:06:00+00:00,2026-08-29 13:05:48.015044+00:00,0.2,3.6,4.8527971930606215,4,-0.3999999999999999,0.3999999999999999,0.8527971930606215,0.8527971930606215,0.0,OK,13,Saturday,2026-08-29
2026-08-29 13:09:00+00:00,2026-08-29 13:05:48.015044+00:00,3.2,3.5,4.71799727103116,15,-11.5,11.5,-10.282002728968841,10.282002728968841,0.0,OK,13,Saturday,2026-08-29
2026-08-29 13:12:00+00:00,2026-08-29 13:05:48.015044+00:00,6.2,3.7,4.987597115090083,17,-13.3,13.3,-12.012402884909918,12.012402884909918,0.0,OK,13,Saturday,2026-08-29
2026-08-29 13:15:00+00:00,2026-08-29 13:15:20.128973+00:00,-0.3,6.1,8.222795243797163,10,-3.9000000000000004,3.9000000000000004,-1.7772047562028366,1.7772047562028366,0.0,OK,13,Saturday,2026-08-29
2026-08-29 13:18:00+00:00,2026-08-29 13:15:20.128973+00:00,2.7,5.8,7.818395477708779,9,-3.2,3.2,-1.181604522291221,1.181604522291221,0.0,OK,13,Saturday,2026-08-29
2026-08-29 13:21:00+00:00,2026-08-29 13:15:20.128973+00:00,5.7,5.6,7.548795633649855,12,-6.4,6.4,-4.451204366350145,4.451204366350145,0.0,OK,13,Saturday,2026-08-29
2026-08-29 13:24:00+00:00,2026-08-29 13:24:35.270393+00:00,-0.6,7.4,9.975194230180167,10,-2.5999999999999996,2.5999999999999996,-0.0248057698198334,0.0248057698198334,0.0,OK,13,Saturday,2026-08-29
2026-08-29 13:27:00+00:00,2026-08-29 13:24:35.270393+00:00,2.4,7.1,9.570794464091781,6,1.0999999999999996,1.0999999999999996,3.5707944640917813,3.5707944640917813,0.0,OK,13,Saturday,2026-08-29
2026-08-29 13:30:00+00:00,2026-08-29 13:24:35.270393+00:00,5.4,7.2,9.705594386121243,8,-0.7999999999999998,0.7999999999999998,1.705594386121243,1.705594386121243,0.0,OK,13,Saturday,2026-08-29
2026-08-29 13:33:00+00:00,2026-08-29 13:24:35.270393+00:00,8.4,7.1,9.570794464091781,12,-4.9,4.9,-2.4292055359082187,2.4292055359082187,0.0,OK,13,Saturday,2026-08-29
2026-08-29 13:36:00+00:00,2026-08-29 13:36:26.016225+00:00,-0.4,5.0,6.739996101473086,9,-4.0,4.0,-2.2600038985269144,2.2600038985269144,0.0,OK,13,Saturday,2026-08-29
2026-08-29 13:39:00+00:00,2026-08-29 13:36:26.016225+00:00,2.6,4.9,6.605196179443625,22,-17.1,17.1,-15.394803820556376,15.394803820556376,0.0,OK,13,Saturday,2026-08-29
2026-08-29 13:42:00+00:00,2026-08-29 13:36:26.016225+00:00,5.6,4.9,6.605196179443625,4,0.9000000000000004,0.9000000000000004,2.6051961794436247,2.6051961794436247,0.0,OK,13,Saturday,2026-08-29
2026-08-29 13:45:00+00:00,2026-08-29 13:44:56.312760+00:00,0.1,6.6,8.896794853944472,13,-6.4,6.4,-4.103205146055528,4.103205146055528,0.0,OK,13,Saturday,2026-08-29
2026-08-29 13:48:00+00:00,2026-08-29 13:44:56.312760+00:00,3.1,6.5,8.761994931915012,7,-0.5,0.5,1.7619949319150123,1.7619949319150123,0.0,OK,13,Saturday,2026-08-29
2026-08-29 13:51:00+00:00,2026-08-29 13:44:56.312760+00:00,6.1,6.6,8.896794853944472,13,-6.4,6.4,-4.103205146055528,4.103205146055528,0.0,OK,13,Saturday,2026-08-29
2026-08-29 13:54:00+00:00,2026-08-29 13:55:43.365420+00:00,-1.7,6.3,8.492395087856089,15,-8.7,8.7,-6.507604912143911,6.507604912143911,0.0,OK,13,Saturday,2026-08-29
2026-08-29 13:57:00+00:00,2026-08-29 13:55:43.365420+00:00,1.3,6.5,8.761994931915012,13,-6.5,6.5,-4.238005068084988,4.238005068084988,0.0,OK,13,Saturday,2026-08-29
2026-08-29 14:00:00+00:00,2026-08-29 13:55:43.365420+00:00,4.3,6.7,9.031594775973936,6,0.7000000000000002,0.7000000000000002,3.031594775973936,3.031594775973936,0.0,OK,14,Saturday,2026-08-29
2026-08-29 14:03:00+00:00,2026-08-29 13:55:43.365420+00:00,7.3,6.6,8.896794853944472,10,-3.4000000000000004,3.4000000000000004,-1.1032051460555277,1.1032051460555277,0.0,OK,14,Saturday,2026-08-29
2026-08-29 14:06:00+00:00,2026-08-29 14:06:32.652189+00:00,-0.5,5.3,7.144395867561471,12,-6.7,6.7,-4.855604132438529,4.855604132438529,0.0,OK,14,Saturday,2026-08-29
2026-08-29 14:09:00+00:00,2026-08-29 14:06:32.652189+00:00,2.5,5.1,6.874796023502547,8,-2.9000000000000004,2.9000000000000004,-1.1252039764974526,1.1252039764974526,0.0,OK,14,Saturday,2026-08-29
2026-08-29 14:12:00+00:00,2026-08-29 14:06:32.652189+00:00,5.5,4.9,6.605196179443625,6,-1.0999999999999996,1.0999999999999996,0.6051961794436247,0.6051961794436247,0.0,OK,14,Saturday,2026-08-29
2026-08-29 14:15:00+00:00,2026-08-29 14:15:17.002807+00:00,-0.3,6.0,8.087995321767703,8,-2.0,2.0,0.08799532176770342,0.08799532176770342,0.0,OK,14,Saturday,2026-08-29
2026-08-29 14:18:00+00:00,2026-08-29 14:15:17.002807+00:00,2.7,5.8,7.818395477708779,14,-8.2,8.2,-6.181604522291221,6.181604522291221,0.0,OK,14,Saturday,2026-08-29
2026-08-29 14:21:00+00:00,2026-08-29 14:15:17.002807+00:00,5.7,5.7,7.683595555679318,6,-0.2999999999999998,0.2999999999999998,1.683595555679318,1.683595555679318,0.0,OK,14,Saturday,2026-08-29
2026-08-29 14:24:00+00:00,2026-08-29 14:24:50.695022+00:00,-0.8,6.6,8.896794853944472,8,-1.4000000000000004,1.4000000000000004,0.8967948539444723,0.8967948539444723,0.0,OK,14,Saturday,2026-08-29
2026-08-29 14:27:00+00:00,2026-08-29 14:24:50.695022+00:00,2.2,6.4,8.62719500988555,11,-4.6,4.6,-2.3728049901144495,2.3728049901144495,0.0,OK,14,Saturday,2026-08-29
2026-08-29 14:30:00+00:00,2026-08-29 14:24:50.695022+00:00,5.2,6.5,8.761994931915012,5,1.5,1.5,3.7619949319150123,3.7619949319150123,0.0,OK,14,Saturday,2026-08-29
2026-08-29 14:33:00+00:00,2026-08-29 14:24:50.695022+00:00,8.2,6.4,8.62719500988555,5,1.4000000000000004,1.4000000000000004,3.6271950098855505,3.6271950098855505,0.0,OK,14,Saturday,2026-08-29
2026-08-29 14:36:00+00:00,2026-08-29 14:35:02.739492+00:00,1.0,5.1,6.874796023502547,5,0.09999999999999964,0.09999999999999964,1.8747960235025474,1.8747960235025474,0.0,OK,14,Saturday,2026-08-29
2026-08-29 14:39:00+00:00,2026-08-29 14:35:02.739492+00:00,4.0,4.9,6.605196179443625,12,-7.1,7.1,-5.394803820556375,5.394803820556375,0.0,OK,14,Saturday,2026-08-29
2026-08-29 14:42:00+00:00,2026-08-29 14:35:02.739492+00:00,7.0,5.1,6.874796023502547,3,2.0999999999999996,2.0999999999999996,3.8747960235025474,3.8747960235025474,0.0,OK,14,Saturday,2026-08-29
2026-08-29 14:45:00+00:00,2026-08-29 14:44:54.902476+00:00,0.1,5.3,7.144395867561471,7,-1.7000000000000002,1.7000000000000002,0.14439586756147094,0.14439586756147094,0.0,OK,14,Saturday,2026-08-29
2026-08-29 14:48:00+00:00,2026-08-29 14:44:54.902476+00:00,3.1,4.7,6.335596335384701,8,-3.3,3.3,-1.6644036646152989,1.6644036646152989,0.0,OK,14,Saturday,2026-08-29
2026-08-29 14:51:00+00:00,2026-08-29 14:44:54.902476+00:00,6.1,4.9,6.605196179443625,9,-4.1,4.1,-2.3948038205563753,2.3948038205563753,0.0,OK,14,Saturday,2026-08-29
2026-08-29 14:54:00+00:00,2026-08-29 14:44:54.902476+00:00,9.1,4.9,6.605196179443625,16,-11.1,11.1,-9.394803820556376,9.394803820556376,0.0,OK,14,Saturday,2026-08-29
2026-08-29 14:57:00+00:00,2026-08-29 14:56:33.295917+00:00,0.4,6.1,8.222795243797163,16,-9.9,9.9,-7.777204756202837,7.777204756202837,0.0,OK,14,Saturday,2026-08-29
2026-08-29 15:00:00+00:00,2026-08-29 14:56:33.295917+00:00,3.4,6.0,8.087995321767703,6,0.0,0.0,2.0879953217677034,2.0879953217677034,0.0,OK,15,Saturday,2026-08-29
2026-08-29 15:03:00+00:00,2026-08-29 14:56:33.295917+00:00,6.4,6.2,8.357595165826627,13,-6.8,6.8,-4.642404834173373,4.642404834173373,0.0,OK,15,Saturday,2026-08-29
2026-08-29 15:06:00+00:00,2026-08-29 15:07:43.215007+00:00,-1.7,9.7,13.075592436857786,15,-5.300000000000001,5.300000000000001,-1.9244075631422142,1.9244075631422142,0.0,OK,15,Saturday,2026-08-29
2026-08-29 15:09:00+00:00,2026-08-29 15:07:43.215007+00:00,1.3,9.1,12.266792904681015,19,-9.9,9.9,-6.733207095318985,6.733207095318985,0.0,OK,15,Saturday,2026-08-29
2026-08-29 15:12:00+00:00,2026-08-29 15:07:43.215007+00:00,4.3,8.6,11.592793294533708,14,-5.4,5.4,-2.407206705466292,2.407206705466292,0.0,OK,15,Saturday,2026-08-29
2026-08-29 15:15:00+00:00,2026-08-29 15:15:41.865612+00:00,-0.7,9.6,12.940792514828324,12,-2.4000000000000004,2.4000000000000004,0.940792514828324,0.940792514828324,0.0,OK,15,Saturday,2026-08-29
2026-08-29 15:18:00+00:00,2026-08-29 15:15:41.865612+00:00,2.3,9.1,12.266792904681015,11,-1.9000000000000004,1.9000000000000004,1.2667929046810151,1.2667929046810151,0.0,OK,15,Saturday,2026-08-29
2026-08-29 15:21:00+00:00,2026-08-29 15:15:41.865612+00:00,5.3,9.0,12.131992982651555,10,-1.0,1.0,2.131992982651555,2.131992982651555,0.0,OK,15,Saturday,2026-08-29
2026-08-29 15:24:00+00:00,2026-08-29 15:15:41.865612+00:00,8.3,8.8,11.862393138592632,9,-0.1999999999999993,0.1999999999999993,2.8623931385926316,2.8623931385926316,0.0,OK,15,Saturday,2026-08-29
2026-08-29 15:27:00+00:00,2026-08-29 15:25:59.479033+00:00,1.0,9.6,12.940792514828324,17,-7.4,7.4,-4.059207485171676,4.059207485171676,0.0,OK,15,Saturday,2026-08-29
2026-08-29 15:30:00+00:00,2026-08-29 15:25:59.479033+00:00,4.0,9.5,12.805992592798862,15,-5.5,5.5,-2.1940074072011377,2.1940074072011377,0.0,OK,15,Saturday,2026-08-29
2026-08-29 15:33:00+00:00,2026-08-29 15:25:59.479033+00:00,7.0,9.6,12.940792514828324,10,-0.40000000000000036,0.40000000000000036,2.940792514828324,2.940792514828324,0.0,OK,15,Saturday,2026-08-29
2026-08-29 15:36:00+00:00,2026-08-29 15:34:45.696880+00:00,1.2,8.7,11.727593216563168,21,-12.3,12.3,-9.272406783436832,9.272406783436832,0.0,OK,15,Saturday,2026-08-29
2026-08-29 15:39:00+00:00,2026-08-29 15:34:45.696880+00:00,4.2,8.3,11.188393528445323,15,-6.699999999999999,6.699999999999999,-3.8116064715546774,3.8116064715546774,0.0,OK,15,Saturday,2026-08-29
2026-08-29 15:42:00+00:00,2026-08-29 15:34:45.696880+00:00,7.2,8.2,11.053593606415859,4,4.199999999999999,4.199999999999999,7.053593606415859,7.053593606415859,0.0,OK,15,Saturday,2026-08-29
2026-08-29 15:45:00+00:00,2026-08-29 15:44:51.519844+00:00,0.1,9.0,12.131992982651555,18,-9.0,9.0,-5.868007017348445,5.868007017348445,0.0,OK,15,Saturday,2026-08-29
2026-08-29 15:48:00+00:00,2026-08-29 15:44:51.519844+00:00,3.1,9.0,12.131992982651555,15,-6.0,6.0,-2.868007017348445,2.868007017348445,0.0,OK,15,Saturday,2026-08-29
2026-08-29 15:51:00+00:00,2026-08-29 15:44:51.519844+00:00,6.1,9.4,12.671192670769402,18,-8.6,8.6,-5.328807329230598,5.328807329230598,0.0,OK,15,Saturday,2026-08-29
2026-08-29 15:54:00+00:00,2026-08-29 15:54:20.267370+00:00,-0.3,11.3,15.232391189329174,11,0.3000000000000007,0.3000000000000007,4.232391189329174,4.232391189329174,0.0,OK,15,Saturday,2026-08-29
2026-08-29 15:57:00+00:00,2026-08-29 15:54:20.267370+00:00,2.7,11.2,15.09759126729971,18,-6.800000000000001,6.800000000000001,-2.902408732700289,2.902408732700289,0.0,OK,15,Saturday,2026-08-29
2026-08-29 16:00:00+00:00,2026-08-29 15:54:20.267370+00:00,5.7,11.3,15.232391189329174,16,-4.699999999999999,4.699999999999999,-0.7676088106708256,0.7676088106708256,0.23,OK,16,Saturday,2026-08-29
2026-08-29 16:03:00+00:00,2026-08-29 15:54:20.267370+00:00,8.7,11.3,15.232391189329174,10,1.3000000000000007,1.3000000000000007,5.232391189329174,5.232391189329174,0.0,OK,16,Saturday,2026-08-29
2026-08-29 16:06:00+00:00,2026-08-29 16:04:55.148538+00:00,1.1,13.7,18.467589318036254,18,-4.300000000000001,4.300000000000001,0.4675893180362536,0.4675893180362536,0.0,OK,16,Saturday,2026-08-29
2026-08-29 16:09:00+00:00,2026-08-29 16:04:55.148538+00:00,4.1,13.1,17.658789785859483,13,0.09999999999999964,0.09999999999999964,4.658789785859483,4.658789785859483,0.0,OK,16,Saturday,2026-08-29
2026-08-29 16:12:00+00:00,2026-08-29 16:04:55.148538+00:00,7.1,12.4,16.715190331653254,8,4.4,4.4,8.715190331653254,8.715190331653254,0.0,OK,16,Saturday,2026-08-29
2026-08-29 16:15:00+00:00,2026-08-29 16:14:42.109441+00:00,0.3,9.5,12.805992592798862,9,0.5,0.5,3.8059925927988623,3.8059925927988623,0.0,OK,16,Saturday,2026-08-29
2026-08-29 16:18:00+00:00,2026-08-29 16:14:42.109441+00:00,3.3,9.9,13.345192280916711,14,-4.1,4.1,-0.6548077190832888,0.6548077190832888,0.0,OK,16,Saturday,2026-08-29
2026-08-29 16:21:00+00:00,2026-08-29 16:14:42.109441+00:00,6.3,10.4,14.019191891064018,19,-8.6,8.6,-4.980808108935982,4.980808108935982,0.0,OK,16,Saturday,2026-08-29
2026-08-29 16:24:00+00:00,2026-08-29 16:24:47.743716+00:00,-0.8,11.2,15.09759126729971,17,-5.800000000000001,5.800000000000001,-1.9024087327002892,1.9024087327002892,0.0,OK,16,Saturday,2026-08-29
2026-08-29 16:27:00+00:00,2026-08-29 16:24:47.743716+00:00,2.2,11.2,15.09759126729971,15,-3.8000000000000007,3.8000000000000007,0.0975912672997108,0.0975912672997108,0.0,OK,16,Saturday,2026-08-29
2026-08-29 16:30:00+00:00,2026-08-29 16:24:47.743716+00:00,5.2,11.4,15.367191111358636,14,-2.5999999999999996,2.5999999999999996,1.3671911113586361,1.3671911113586361,0.31,OK,16,Saturday,2026-08-29
2026-08-29 16:33:00+00:00,2026-08-29 16:24:47.743716+00:00,8.2,11.3,15.232391189329174,12,-0.6999999999999993,0.6999999999999993,3.2323911893291744,3.2323911893291744,0.0,OK,16,Saturday,2026-08-29
2026-08-29 16:36:00+00:00,2026-08-29 16:34:32.692017+00:00,1.5,12.4,16.715190331653254,13,-0.5999999999999996,0.5999999999999996,3.715190331653254,3.715190331653254,0.0,OK,16,Saturday,2026-08-29
2026-08-29 16:39:00+00:00,2026-08-29 16:34:32.692017+00:00,4.5,12.0,16.175990643535407,16,-4.0,4.0,0.17599064353540683,0.17599064353540683,0.0,OK,16,Saturday,2026-08-29
2026-08-29 16:42:00+00:00,2026-08-29 16:34:32.692017+00:00,7.5,12.1,16.31079056556487,21,-8.9,8.9,-4.689209434435131,4.689209434435131,0.0,OK,16,Saturday,2026-08-29
2026-08-29 16:45:00+00:00,2026-08-29 16:45:19.168588+00:00,-0.3,10.8,14.558391579181865,18,-7.199999999999999,7.199999999999999,-3.4416084208181346,3.4416084208181346,0.0,OK,16,Saturday,2026-08-29
2026-08-29 16:48:00+00:00,2026-08-29 16:45:19.168588+00:00,2.7,10.9,14.693191501211327,15,-4.1,4.1,-0.3068084987886728,0.3068084987886728,0.0,OK,16,Saturday,2026-08-29
2026-08-29 16:51:00+00:00,2026-08-29 16:45:19.168588+00:00,5.7,10.7,14.423591657152402,9,1.6999999999999993,1.6999999999999993,5.423591657152402,5.423591657152402,0.0,OK,16,Saturday,2026-08-29
2026-08-29 16:54:00+00:00,2026-08-29 16:55:15.169734+00:00,-1.3,11.0,14.827991423240789,11,0.0,0.0,3.827991423240789,3.827991423240789,0.0,OK,16,Saturday,2026-08-29
2026-08-29 16:57:00+00:00,2026-08-29 16:55:15.169734+00:00,1.7,10.4,14.019191891064018,19,-8.6,8.6,-4.980808108935982,4.980808108935982,0.0,OK,16,Saturday,2026-08-29
2026-08-29 17:00:00+00:00,2026-08-29 16:55:15.169734+00:00,4.7,10.2,13.749592047005095,17,-6.800000000000001,6.800000000000001,-3.2504079529949053,3.2504079529949053,0.0,OK,17,Saturday,2026-08-29
2026-08-29 17:03:00+00:00,2026-08-29 16:55:15.169734+00:00,7.7,10.2,13.749592047005095,17,-6.800000000000001,6.800000000000001,-3.2504079529949053,3.2504079529949053,0.0,OK,17,Saturday,2026-08-29
2026-08-29 17:06:00+00:00,2026-08-29 17:06:28.193963+00:00,-0.5,10.3,13.884391969034558,22,-11.7,11.7,-8.115608030965442,8.115608030965442,0.0,OK,17,Saturday,2026-08-29
2026-08-29 17:09:00+00:00,2026-08-29 17:06:28.193963+00:00,2.5,10.0,13.479992202946171,10,0.0,0.0,3.479992202946171,3.479992202946171,0.0,OK,17,Saturday,2026-08-29
2026-08-29 17:12:00+00:00,2026-08-29 17:06:28.193963+00:00,5.5,9.9,13.345192280916711,10,-0.09999999999999964,0.09999999999999964,3.345192280916711,3.345192280916711,0.0,OK,17,Saturday,2026-08-29
2026-08-29 17:15:00+00:00,2026-08-29 17:15:05.318738+00:00,-0.1,8.5,11.457993372504246,18,-9.5,9.5,-6.542006627495754,6.542006627495754,0.0,OK,17,Saturday,2026-08-29
2026-08-29 17:18:00+00:00,2026-08-29 17:15:05.318738+00:00,2.9,8.3,11.188393528445323,8,0.3000000000000007,0.3000000000000007,3.1883935284453226,3.1883935284453226,0.0,OK,17,Saturday,2026-08-29
2026-08-29 17:21:00+00:00,2026-08-29 17:15:05.318738+00:00,5.9,8.3,11.188393528445323,12,-3.6999999999999993,3.6999999999999993,-0.8116064715546774,0.8116064715546774,0.0,OK,17,Saturday,2026-08-29
2026-08-29 17:24:00+00:00,2026-08-29 17:25:08.316715+00:00,-1.1,9.9,13.345192280916711,13,-3.0999999999999996,3.0999999999999996,0.34519228091671117,0.34519228091671117,0.0,OK,17,Saturday,2026-08-29
2026-08-29 17:27:00+00:00,2026-08-29 17:25:08.316715+00:00,1.9,9.9,13.345192280916711,25,-15.1,15.1,-11.654807719083289,11.654807719083289,0.0,OK,17,Saturday,2026-08-29
2026-08-29 17:30:00+00:00,2026-08-29 17:25:08.316715+00:00,4.9,9.6,12.940792514828324,16,-6.4,6.4,-3.059207485171676,3.059207485171676,0.0,OK,17,Saturday,2026-08-29
2026-08-29 17:33:00+00:00,2026-08-29 17:25:08.316715+00:00,7.9,9.5,12.805992592798862,13,-3.5,3.5,-0.19400740720113774,0.19400740720113774,0.0,OK,17,Saturday,2026-08-29
2026-08-29 17:36:00+00:00,2026-08-29 17:35:58.267400+00:00,0.0,10.0,13.479992202946171,8,2.0,2.0,5.479992202946171,5.479992202946171,0.0,OK,17,Saturday,2026-08-29
2026-08-29 17:39:00+00:00,2026-08-29 17:35:58.267400+00:00,3.0,9.8,13.21039235888725,12,-2.1999999999999993,2.1999999999999993,1.2103923588872494,1.2103923588872494,0.0,OK,17,Saturday,2026-08-29
2026-08-29 17:42:00+00:00,2026-08-29 17:35:58.267400+00:00,6.0,9.4,12.671192670769402,13,-3.5999999999999996,3.5999999999999996,-0.32880732923059774,0.32880732923059774,0.0,OK,17,Saturday,2026-08-29
2026-08-29 17:45:00+00:00,2026-08-29 17:44:12.207050+00:00,0.8,6.9,9.30119462003286,12,-5.1,5.1,-2.6988053799671405,2.6988053799671405,0.0,OK,17,Saturday,2026-08-29
2026-08-29 17:48:00+00:00,2026-08-29 17:44:12.207050+00:00,3.8,6.7,9.031594775973936,12,-5.3,5.3,-2.968405224026064,2.968405224026064,0.0,OK,17,Saturday,2026-08-29
2026-08-29 17:51:00+00:00,2026-08-29 17:44:12.207050+00:00,6.8,6.9,9.30119462003286,9,-2.0999999999999996,2.0999999999999996,0.30119462003285946,0.30119462003285946,0.0,OK,17,Saturday,2026-08-29
2026-08-29 17:54:00+00:00,2026-08-29 17:54:17.157734+00:00,-0.3,9.1,12.266792904681015,7,2.0999999999999996,2.0999999999999996,5.266792904681015,5.266792904681015,0.0,OK,17,Saturday,2026-08-29
2026-08-29 17:57:00+00:00,2026-08-29 17:54:17.157734+00:00,2.7,8.7,11.727593216563168,6,2.6999999999999993,2.6999999999999993,5.727593216563168,5.727593216563168,0.0,OK,17,Saturday,2026-08-29
2026-08-29 18:00:00+00:00,2026-08-29 17:54:17.157734+00:00,5.7,8.6,11.592793294533708,7,1.5999999999999996,1.5999999999999996,4.592793294533708,4.592793294533708,0.0,OK,18,Saturday,2026-08-29
2026-08-29 18:03:00+00:00,2026-08-29 17:54:17.157734+00:00,8.7,8.3,11.188393528445323,10,-1.6999999999999993,1.6999999999999993,1.1883935284453226,1.1883935284453226,0.0,OK,18,Saturday,2026-08-29
2026-08-29 18:06:00+00:00,2026-08-29 18:04:25.323501+00:00,1.6,6.1,8.222795243797163,9,-2.9000000000000004,2.9000000000000004,-0.7772047562028366,0.7772047562028366,0.0,OK,18,Saturday,2026-08-29
2026-08-29 18:09:00+00:00,2026-08-29 18:04:25.323501+00:00,4.6,5.8,7.818395477708779,18,-12.2,12.2,-10.18160452229122,10.18160452229122,0.0,OK,18,Saturday,2026-08-29
2026-08-29 18:12:00+00:00,2026-08-29 18:04:25.323501+00:00,7.6,5.5,7.4139957116203945,10,-4.5,4.5,-2.5860042883796055,2.5860042883796055,0.0,OK,18,Saturday,2026-08-29
2026-08-29 18:15:00+00:00,2026-08-29 18:15:12.471979+00:00,-0.2,6.0,8.087995321767703,11,-5.0,5.0,-2.9120046782322966,2.9120046782322966,0.0,OK,18,Saturday,2026-08-29
2026-08-29 18:18:00+00:00,2026-08-29 18:15:12.471979+00:00,2.8,5.7,7.683595555679318,2,3.7,3.7,5.683595555679318,5.683595555679318,0.0,OK,18,Saturday,2026-08-29
2026-08-29 18:21:00+00:00,2026-08-29 18:15:12.471979+00:00,5.8,5.1,6.874796023502547,1,4.1,4.1,5.874796023502547,5.874796023502547,0.0,OK,18,Saturday,2026-08-29
2026-08-29 18:27:00+00:00,2026-08-29 18:24:21.497150+00:00,2.6,4.4,5.931196569296316,4,0.40000000000000036,0.40000000000000036,1.9311965692963158,1.9311965692963158,0.0,OK,18,Saturday,2026-08-29
2026-08-30 06:39:00+00:00,2026-08-30 06:34:23.460971+00:00,4.6,3.9,5.257196959149007,1,2.9,2.9,4.257196959149007,4.257196959149007,0.0,OK,6,Sunday,2026-08-30
2026-08-30 06:54:00+00:00,2026-08-30 06:53:34.870350+00:00,0.4,3.9,5.257196959149007,1,2.9,2.9,4.257196959149007,4.257196959149007,0.0,OK,6,Sunday,2026-08-30
2026-08-30 06:57:00+00:00,2026-08-30 06:53:34.870350+00:00,3.4,4.0,5.391996881178469,5,-1.0,1.0,0.39199688117846865,0.39199688117846865,0.0,OK,6,Sunday,2026-08-30
2026-08-30 07:00:00+00:00,2026-08-30 06:53:34.870350+00:00,6.4,4.0,5.391996881178469,10,-6.0,6.0,-4.608003118821531,4.608003118821531,0.0,OK,7,Sunday,2026-08-30
2026-08-30 07:03:00+00:00,2026-08-30 06:53:34.870350+00:00,9.4,4.2,5.661596725237392,8,-3.8,3.8,-2.338403274762608,2.338403274762608,0.0,OK,7,Sunday,2026-08-30
2026-08-30 07:06:00+00:00,2026-08-30 07:04:47.818037+00:00,1.2,6.2,8.357595165826627,3,3.2,3.2,5.357595165826627,5.357595165826627,0.0,OK,7,Sunday,2026-08-30
2026-08-30 07:09:00+00:00,2026-08-30 07:04:47.818037+00:00,4.2,6.5,8.761994931915012,4,2.5,2.5,4.761994931915012,4.761994931915012,0.0,OK,7,Sunday,2026-08-30
2026-08-30 07:12:00+00:00,2026-08-30 07:04:47.818037+00:00,7.2,6.3,8.492395087856089,5,1.2999999999999998,1.2999999999999998,3.4923950878560888,3.4923950878560888,0.0,OK,7,Sunday,2026-08-30
2026-08-30 07:15:00+00:00,2026-08-30 07:14:31.223513+00:00,0.5,4.1,5.5267968032079295,6,-1.9000000000000004,1.9000000000000004,-0.47320319679207046,0.47320319679207046,0.0,OK,7,Sunday,2026-08-30
2026-08-30 07:18:00+00:00,2026-08-30 07:14:31.223513+00:00,3.5,4.1,5.5267968032079295,5,-0.9000000000000004,0.9000000000000004,0.5267968032079295,0.5267968032079295,0.0,OK,7,Sunday,2026-08-30
2026-08-30 07:21:00+00:00,2026-08-30 07:14:31.223513+00:00,6.5,4.4,5.931196569296316,10,-5.6,5.6,-4.068803430703684,4.068803430703684,0.0,OK,7,Sunday,2026-08-30
2026-08-30 07:24:00+00:00,2026-08-30 07:24:26.792608+00:00,-0.4,6.2,8.357595165826627,9,-2.8,2.8,-0.642404834173373,0.642404834173373,0.0,OK,7,Sunday,2026-08-30
2026-08-30 07:27:00+00:00,2026-08-30 07:24:26.792608+00:00,2.6,6.1,8.222795243797163,7,-0.9000000000000004,0.9000000000000004,1.2227952437971634,1.2227952437971634,0.0,OK,7,Sunday,2026-08-30
2026-08-30 07:30:00+00:00,2026-08-30 07:24:26.792608+00:00,5.6,6.2,8.357595165826627,14,-7.8,7.8,-5.642404834173373,5.642404834173373,0.0,OK,7,Sunday,2026-08-30
2026-08-30 07:33:00+00:00,2026-08-30 07:24:26.792608+00:00,8.6,6.4,8.62719500988555,17,-10.6,10.6,-8.37280499011445,8.37280499011445,0.0,OK,7,Sunday,2026-08-30
2026-08-30 07:36:00+00:00,2026-08-30 07:34:46.891292+00:00,1.2,5.5,7.4139957116203945,14,-8.5,8.5,-6.5860042883796055,6.5860042883796055,0.0,OK,7,Sunday,2026-08-30
2026-08-30 07:39:00+00:00,2026-08-30 07:34:46.891292+00:00,4.2,5.0,6.739996101473086,17,-12.0,12.0,-10.260003898526914,10.260003898526914,0.0,OK,7,Sunday,2026-08-30
2026-08-30 07:42:00+00:00,2026-08-30 07:34:46.891292+00:00,7.2,5.1,6.874796023502547,11,-5.9,5.9,-4.125203976497453,4.125203976497453,0.0,OK,7,Sunday,2026-08-30
2026-08-30 07:45:00+00:00,2026-08-30 07:44:44.767246+00:00,0.3,8.4,11.323193450474784,7,1.4000000000000004,1.4000000000000004,4.323193450474784,4.323193450474784,0.0,OK,7,Sunday,2026-08-30
2026-08-30 07:48:00+00:00,2026-08-30 07:44:44.767246+00:00,3.3,8.2,11.053593606415859,15,-6.800000000000001,6.800000000000001,-3.946406393584141,3.946406393584141,0.0,OK,7,Sunday,2026-08-30
2026-08-30 07:51:00+00:00,2026-08-30 07:44:44.767246+00:00,6.3,8.2,11.053593606415859,8,0.1999999999999993,0.1999999999999993,3.053593606415859,3.053593606415859,0.0,OK,7,Sunday,2026-08-30
2026-08-30 07:54:00+00:00,2026-08-30 07:55:39.214520+00:00,-1.7,6.9,9.30119462003286,8,-1.0999999999999996,1.0999999999999996,1.3011946200328595,1.3011946200328595,0.0,OK,7,Sunday,2026-08-30
2026-08-30 07:57:00+00:00,2026-08-30 07:55:39.214520+00:00,1.3,7.1,9.570794464091781,9,-1.9000000000000004,1.9000000000000004,0.5707944640917813,0.5707944640917813,0.0,OK,7,Sunday,2026-08-30
2026-08-30 08:00:00+00:00,2026-08-30 07:55:39.214520+00:00,4.3,7.4,9.975194230180167,18,-10.6,10.6,-8.024805769819833,8.024805769819833,0.0,OK,8,Sunday,2026-08-30
2026-08-30 08:03:00+00:00,2026-08-30 07:55:39.214520+00:00,7.3,7.6,10.24479407423909,18,-10.4,10.4,-7.75520592576091,7.75520592576091,0.0,OK,8,Sunday,2026-08-30
2026-08-30 08:06:00+00:00,2026-08-30 08:05:05.857509+00:00,0.9,10.6,14.288791735122942,11,-0.40000000000000036,0.40000000000000036,3.288791735122942,3.288791735122942,0.0,OK,8,Sunday,2026-08-30
2026-08-30 08:09:00+00:00,2026-08-30 08:05:05.857509+00:00,3.9,10.6,14.288791735122942,9,1.5999999999999996,1.5999999999999996,5.288791735122942,5.288791735122942,0.0,OK,8,Sunday,2026-08-30
2026-08-30 08:12:00+00:00,2026-08-30 08:05:05.857509+00:00,6.9,10.1,13.614792124975633,3,7.1,7.1,10.614792124975633,10.614792124975633,0.0,OK,8,Sunday,2026-08-30
2026-08-30 08:15:00+00:00,2026-08-30 08:14:51.093136+00:00,0.1,6.3,8.492395087856089,7,-0.7000000000000002,0.7000000000000002,1.4923950878560888,1.4923950878560888,0.0,OK,8,Sunday,2026-08-30
2026-08-30 08:18:00+00:00,2026-08-30 08:14:51.093136+00:00,3.1,6.3,8.492395087856089,7,-0.7000000000000002,0.7000000000000002,1.4923950878560888,1.4923950878560888,0.0,OK,8,Sunday,2026-08-30
2026-08-30 08:21:00+00:00,2026-08-30 08:14:51.093136+00:00,6.1,6.3,8.492395087856089,17,-10.7,10.7,-8.507604912143911,8.507604912143911,0.0,OK,8,Sunday,2026-08-30
2026-08-30 08:24:00+00:00,2026-08-30 08:25:02.126464+00:00,-1.0,9.1,12.266792904681015,14,-4.9,4.9,-1.7332070953189849,1.7332070953189849,0.0,OK,8,Sunday,2026-08-30
2026-08-30 08:27:00+00:00,2026-08-30 08:25:02.126464+00:00,2.0,8.9,11.997193060622093,14,-5.1,5.1,-2.0028069393779067,2.0028069393779067,0.0,OK,8,Sunday,2026-08-30
2026-08-30 08:30:00+00:00,2026-08-30 08:25:02.126464+00:00,5.0,8.9,11.997193060622093,10,-1.0999999999999996,1.0999999999999996,1.9971930606220933,1.9971930606220933,0.0,OK,8,Sunday,2026-08-30
2026-08-30 08:33:00+00:00,2026-08-30 08:25:02.126464+00:00,8.0,8.7,11.727593216563168,14,-5.300000000000001,5.300000000000001,-2.272406783436832,2.272406783436832,0.0,OK,8,Sunday,2026-08-30
2026-08-30 08:36:00+00:00,2026-08-30 08:35:29.687282+00:00,0.5,6.8,9.166394698003396,18,-11.2,11.2,-8.833605301996604,8.833605301996604,0.0,OK,8,Sunday,2026-08-30
2026-08-30 08:39:00+00:00,2026-08-30 08:35:29.687282+00:00,3.5,6.3,8.492395087856089,19,-12.7,12.7,-10.507604912143911,10.507604912143911,0.0,OK,8,Sunday,2026-08-30
2026-08-30 08:42:00+00:00,2026-08-30 08:35:29.687282+00:00,6.5,6.3,8.492395087856089,17,-10.7,10.7,-8.507604912143911,8.507604912143911,0.0,OK,8,Sunday,2026-08-30
2026-08-30 08:45:00+00:00,2026-08-30 08:45:18.097868+00:00,-0.3,11.0,14.827991423240789,14,-3.0,3.0,0.827991423240789,0.827991423240789,0.14,OK,8,Sunday,2026-08-30
2026-08-30 08:48:00+00:00,2026-08-30 08:45:18.097868+00:00,2.7,10.3,13.884391969034558,25,-14.7,14.7,-11.115608030965442,11.115608030965442,0.0,OK,8,Sunday,2026-08-30
2026-08-30 08:51:00+00:00,2026-08-30 08:45:18.097868+00:00,5.7,10.2,13.749592047005095,25,-14.8,14.8,-11.250407952994905,11.250407952994905,0.0,OK,8,Sunday,2026-08-30
2026-08-30 08:54:00+00:00,2026-08-30 08:55:01.448933+00:00,-1.0,14.8,19.950388460360333,8,6.800000000000001,6.800000000000001,11.950388460360333,11.950388460360333,0.0,OK,8,Sunday,2026-08-30
2026-08-30 08:57:00+00:00,2026-08-30 08:55:01.448933+00:00,2.0,13.9,18.73718916209518,15,-1.0999999999999996,1.0999999999999996,3.7371891620951807,3.7371891620951807,0.0,OK,8,Sunday,2026-08-30
2026-08-30 09:00:00+00:00,2026-08-30 08:55:01.448933+00:00,5.0,13.2,17.793589707888945,11,2.1999999999999993,2.1999999999999993,6.793589707888945,6.793589707888945,0.0,OK,9,Sunday,2026-08-30
2026-08-30 09:03:00+00:00,2026-08-30 08:55:01.448933+00:00,8.0,12.7,17.119590097741636,11,1.6999999999999993,1.6999999999999993,6.119590097741636,6.119590097741636,0.75,OK,9,Sunday,2026-08-30
2026-08-30 09:06:00+00:00,2026-08-30 09:05:02.560070+00:00,1.0,9.9,13.345192280916711,15,-5.1,5.1,-1.6548077190832888,1.6548077190832888,0.09,OK,9,Sunday,2026-08-30
2026-08-30 09:09:00+00:00,2026-08-30 09:05:02.560070+00:00,4.0,10.2,13.749592047005095,15,-4.800000000000001,4.800000000000001,-1.2504079529949053,1.2504079529949053,0.0,OK,9,Sunday,2026-08-30
2026-08-30 09:12:00+00:00,2026-08-30 09:05:02.560070+00:00,7.0,10.4,14.019191891064018,12,-1.5999999999999996,1.5999999999999996,2.0191918910640183,2.0191918910640183,0.0,OK,9,Sunday,2026-08-30
2026-08-30 09:15:00+00:00,2026-08-30 09:15:52.803067+00:00,-0.9,9.9,13.345192280916711,12,-2.0999999999999996,2.0999999999999996,1.3451922809167112,1.3451922809167112,0.0,OK,9,Sunday,2026-08-30
2026-08-30 09:18:00+00:00,2026-08-30 09:15:52.803067+00:00,2.1,10.2,13.749592047005095,11,-0.8000000000000007,0.8000000000000007,2.7495920470050947,2.7495920470050947,0.0,OK,9,Sunday,2026-08-30
2026-08-30 09:21:00+00:00,2026-08-30 09:15:52.803067+00:00,5.1,10.0,13.479992202946171,15,-5.0,5.0,-1.5200077970538288,1.5200077970538288,0.0,OK,9,Sunday,2026-08-30
2026-08-30 09:24:00+00:00,2026-08-30 09:24:33.774617+00:00,-0.6,9.2,12.401592826710477,16,-6.800000000000001,6.800000000000001,-3.598407173289523,3.598407173289523,0.0,OK,9,Sunday,2026-08-30
2026-08-30 09:27:00+00:00,2026-08-30 09:24:33.774617+00:00,2.4,9.3,12.53639274873994,25,-15.7,15.7,-12.46360725126006,12.46360725126006,0.0,OK,9,Sunday,2026-08-30
2026-08-30 09:30:00+00:00,2026-08-30 09:24:33.774617+00:00,5.4,9.5,12.805992592798862,11,-1.5,1.5,1.8059925927988623,1.8059925927988623,0.0,OK,9,Sunday,2026-08-30
2026-08-30 09:33:00+00:00,2026-08-30 09:24:33.774617+00:00,8.4,9.8,13.21039235888725,19,-9.2,9.2,-5.789607641112751,5.789607641112751,0.0,OK,9,Sunday,2026-08-30
2026-08-30 09:36:00+00:00,2026-08-30 09:34:47.339113+00:00,1.2,12.2,16.445590487594327,14,-1.8000000000000007,1.8000000000000007,2.445590487594327,2.445590487594327,0.0,OK,9,Sunday,2026-08-30
2026-08-30 09:39:00+00:00,2026-08-30 09:34:47.339113+00:00,4.2,11.6,15.636790955417558,16,-4.4,4.4,-0.3632090445824421,0.3632090445824421,0.0,OK,9,Sunday,2026-08-30
2026-08-30 09:42:00+00:00,2026-08-30 09:34:47.339113+00:00,7.2,11.3,15.232391189329174,17,-5.699999999999999,5.699999999999999,-1.7676088106708256,1.7676088106708256,0.0,OK,9,Sunday,2026-08-30
2026-08-30 09:45:00+00:00,2026-08-30 09:45:03.683146+00:00,-0.1,10.9,14.693191501211327,12,-1.0999999999999996,1.0999999999999996,2.693191501211327,2.693191501211327,0.0,OK,9,Sunday,2026-08-30
2026-08-30 09:48:00+00:00,2026-08-30 09:45:03.683146+00:00,2.9,10.3,13.884391969034558,16,-5.699999999999999,5.699999999999999,-2.1156080309654417,2.1156080309654417,0.0,OK,9,Sunday,2026-08-30
2026-08-30 09:51:00+00:00,2026-08-30 09:45:03.683146+00:00,5.9,9.8,13.21039235888725,11,-1.1999999999999993,1.1999999999999993,2.2103923588872494,2.2103923588872494,0.0,OK,9,Sunday,2026-08-30
2026-08-30 09:54:00+00:00,2026-08-30 09:54:53.575328+00:00,-0.9,9.3,12.53639274873994,12,-2.6999999999999993,2.6999999999999993,0.5363927487399405,0.5363927487399405,0.0,OK,9,Sunday,2026-08-30
2026-08-30 09:57:00+00:00,2026-08-30 09:54:53.575328+00:00,2.1,9.2,12.401592826710477,18,-8.8,8.8,-5.598407173289523,5.598407173289523,0.0,OK,9,Sunday,2026-08-30
2026-08-30 10:00:00+00:00,2026-08-30 09:54:53.575328+00:00,5.1,9.5,12.805992592798862,19,-9.5,9.5,-6.194007407201138,6.194007407201138,0.0,OK,10,Sunday,2026-08-30
2026-08-30 10:03:00+00:00,2026-08-30 09:54:53.575328+00:00,8.1,10.0,13.479992202946171,26,-16.0,16.0,-12.520007797053829,12.520007797053829,0.0,OK,10,Sunday,2026-08-30
2026-08-30 10:06:00+00:00,2026-08-30 10:05:29.952475+00:00,0.5,10.3,13.884391969034558,31,-20.7,20.7,-17.11560803096544,17.11560803096544,0.0,OK,10,Sunday,2026-08-30
2026-08-30 10:09:00+00:00,2026-08-30 10:05:29.952475+00:00,3.5,9.6,12.940792514828324,22,-12.4,12.4,-9.059207485171676,9.059207485171676,0.0,OK,10,Sunday,2026-08-30
2026-08-30 10:12:00+00:00,2026-08-30 10:05:29.952475+00:00,6.5,9.2,12.401592826710477,20,-10.8,10.8,-7.598407173289523,7.598407173289523,0.0,OK,10,Sunday,2026-08-30
2026-08-30 10:15:00+00:00,2026-08-30 10:14:51.165526+00:00,0.1,12.2,16.445590487594327,20,-7.800000000000001,7.800000000000001,-3.554409512405673,3.554409512405673,0.0,OK,10,Sunday,2026-08-30
2026-08-30 10:18:00+00:00,2026-08-30 10:14:51.165526+00:00,3.1,12.0,16.175990643535407,28,-16.0,16.0,-11.824009356464593,11.824009356464593,0.0,OK,10,Sunday,2026-08-30
2026-08-30 10:21:00+00:00,2026-08-30 10:14:51.165526+00:00,6.1,11.8,15.906390799476483,12,-0.1999999999999993,0.1999999999999993,3.9063907994764833,3.9063907994764833,0.0,OK,10,Sunday,2026-08-30
2026-08-30 10:24:00+00:00,2026-08-30 10:24:58.495496+00:00,-1.0,12.4,16.715190331653254,14,-1.5999999999999996,1.5999999999999996,2.715190331653254,2.715190331653254,0.0,OK,10,Sunday,2026-08-30
2026-08-30 10:27:00+00:00,2026-08-30 10:24:58.495496+00:00,2.0,11.7,15.77159087744702,15,-3.3000000000000007,3.3000000000000007,0.7715908774470197,0.7715908774470197,0.0,OK,10,Sunday,2026-08-30
2026-08-30 10:30:00+00:00,2026-08-30 10:24:58.495496+00:00,5.0,12.1,16.31079056556487,9,3.0999999999999996,3.0999999999999996,7.310790565564869,7.310790565564869,0.0,OK,10,Sunday,2026-08-30
2026-08-30 10:33:00+00:00,2026-08-30 10:24:58.495496+00:00,8.0,11.7,15.77159087744702,15,-3.3000000000000007,3.3000000000000007,0.7715908774470197,0.7715908774470197,0.0,OK,10,Sunday,2026-08-30
2026-08-30 10:36:00+00:00,2026-08-30 10:36:22.519048+00:00,-0.4,7.3,9.840394308150705,17,-9.7,9.7,-7.159605691849295,7.159605691849295,0.0,OK,10,Sunday,2026-08-30
2026-08-30 10:39:00+00:00,2026-08-30 10:36:22.519048+00:00,2.6,6.9,9.30119462003286,28,-21.1,21.1,-18.69880537996714,18.69880537996714,0.13,OK,10,Sunday,2026-08-30
2026-08-30 10:42:00+00:00,2026-08-30 10:36:22.519048+00:00,5.6,7.0,9.43599454206232,18,-11.0,11.0,-8.56400545793768,8.56400545793768,1.76,OK,10,Sunday,2026-08-30
2026-08-30 10:45:00+00:00,2026-08-30 10:44:43.549852+00:00,0.3,11.9,16.041190721505945,9,2.9000000000000004,2.9000000000000004,7.041190721505945,7.041190721505945,1.35,OK,10,Sunday,2026-08-30
2026-08-30 10:48:00+00:00,2026-08-30 10:44:43.549852+00:00,3.3,11.2,15.09759126729971,10,1.1999999999999993,1.1999999999999993,5.097591267299711,5.097591267299711,0.0,OK,10,Sunday,2026-08-30
2026-08-30 10:51:00+00:00,2026-08-30 10:44:43.549852+00:00,6.3,10.9,14.693191501211327,18,-7.1,7.1,-3.306808498788673,3.306808498788673,0.0,OK,10,Sunday,2026-08-30
2026-08-30 10:54:00+00:00,2026-08-30 10:54:47.844478+00:00,-0.8,10.2,13.749592047005095,8,2.1999999999999993,2.1999999999999993,5.749592047005095,5.749592047005095,0.0,OK,10,Sunday,2026-08-30
2026-08-30 10:57:00+00:00,2026-08-30 10:54:47.844478+00:00,2.2,10.3,13.884391969034558,9,1.3000000000000007,1.3000000000000007,4.884391969034558,4.884391969034558,3.02,OK,10,Sunday,2026-08-30
2026-08-31 06:30:00+00:00,2026-08-31 06:23:38.982120+00:00,6.4,3.5,4.71799727103116,2,1.5,1.5,2.7179972710311597,2.7179972710311597,0.0,OK,6,Monday,2026-08-31
2026-08-31 06:33:00+00:00,2026-08-31 06:23:38.982120+00:00,9.4,3.0,4.043997660883852,3,0.0,0.0,1.0439976608838517,1.0439976608838517,0.0,OK,6,Monday,2026-08-31
2026-08-31 06:36:00+00:00,2026-08-31 06:23:38.982120+00:00,12.4,4.2,5.661596725237392,5,-0.7999999999999998,0.7999999999999998,0.6615967252373922,0.6615967252373922,0.0,OK,6,Monday,2026-08-31
2026-08-31 06:39:00+00:00,2026-08-31 06:23:38.982120+00:00,15.4,3.8,5.122397037119545,3,0.7999999999999998,0.7999999999999998,2.122397037119545,2.122397037119545,0.0,OK,6,Monday,2026-08-31
2026-08-31 06:42:00+00:00,2026-08-31 06:23:38.982120+00:00,18.4,4.8,6.470396257414162,6,-1.2000000000000002,1.2000000000000002,0.470396257414162,0.470396257414162,0.0,OK,6,Monday,2026-08-31
2026-08-31 06:45:00+00:00,2026-08-31 06:23:38.982120+00:00,21.4,4.2,5.661596725237392,4,0.20000000000000018,0.20000000000000018,1.6615967252373922,1.6615967252373922,0.0,OK,6,Monday,2026-08-31
2026-08-31 06:48:00+00:00,2026-08-31 06:23:38.982120+00:00,24.4,3.8,5.122397037119545,4,-0.20000000000000018,0.20000000000000018,1.122397037119545,1.122397037119545,0.0,OK,6,Monday,2026-08-31
2026-08-31 06:51:00+00:00,2026-08-31 06:23:38.982120+00:00,27.4,4.1,5.5267968032079295,7,-2.9000000000000004,2.9000000000000004,-1.4732031967920705,1.4732031967920705,0.0,OK,6,Monday,2026-08-31
2026-08-31 06:54:00+00:00,2026-08-31 06:23:38.982120+00:00,30.4,4.0,5.391996881178469,1,3.0,3.0,4.391996881178469,4.391996881178469,0.0,OK,6,Monday,2026-08-31
2026-08-31 06:57:00+00:00,2026-08-31 06:23:38.982120+00:00,33.4,4.1,5.5267968032079295,12,-7.9,7.9,-6.4732031967920705,6.4732031967920705,0.0,OK,6,Monday,2026-08-31
2026-08-31 07:00:00+00:00,2026-08-31 06:23:38.982120+00:00,36.4,3.9,5.257196959149007,8,-4.1,4.1,-2.742803040850993,2.742803040850993,0.0,OK,7,Monday,2026-08-31
2026-08-31 07:03:00+00:00,2026-08-31 06:23:38.982120+00:00,39.4,4.3,5.796396647266854,1,3.3,3.3,4.796396647266854,4.796396647266854,0.0,OK,7,Monday,2026-08-31
2026-08-31 07:06:00+00:00,2026-08-31 06:23:38.982120+00:00,42.4,4.1,5.5267968032079295,12,-7.9,7.9,-6.4732031967920705,6.4732031967920705,0.0,OK,7,Monday,2026-08-31
2026-08-31 07:09:00+00:00,2026-08-31 06:23:38.982120+00:00,45.4,4.4,5.931196569296316,5,-0.5999999999999996,0.5999999999999996,0.9311965692963158,0.9311965692963158,0.0,OK,7,Monday,2026-08-31
2026-08-31 07:12:00+00:00,2026-08-31 06:23:38.982120+00:00,48.4,4.4,5.931196569296316,1,3.4000000000000004,3.4000000000000004,4.931196569296316,4.931196569296316,0.0,OK,7,Monday,2026-08-31
2026-09-01 13:42:00+00:00,2026-09-01 13:32:56.086333+00:00,9.1,3.4,4.583197349001698,9,-5.6,5.6,-4.416802650998302,4.416802650998302,0.0,OK,13,Tuesday,2026-09-01
2026-09-01 13:45:00+00:00,2026-09-01 13:32:56.086333+00:00,12.1,3.4,4.583197349001698,4,-0.6000000000000001,0.6000000000000001,0.583197349001698,0.583197349001698,0.0,OK,13,Tuesday,2026-09-01
2026-09-01 13:48:00+00:00,2026-09-01 13:32:56.086333+00:00,15.1,3.4,4.583197349001698,4,-0.6000000000000001,0.6000000000000001,0.583197349001698,0.583197349001698,0.0,OK,13,Tuesday,2026-09-01
2026-09-01 13:51:00+00:00,2026-09-01 13:32:56.086333+00:00,18.1,3.3,4.448397426972236,5,-1.7000000000000002,1.7000000000000002,-0.5516025730277638,0.5516025730277638,0.0,OK,13,Tuesday,2026-09-01
2026-09-01 13:54:00+00:00,2026-09-01 13:54:14.552375+00:00,-0.2,4.1,5.5267968032079295,7,-2.9000000000000004,2.9000000000000004,-1.4732031967920705,1.4732031967920705,0.0,OK,13,Tuesday,2026-09-01
2026-09-01 13:57:00+00:00,2026-09-01 13:54:14.552375+00:00,2.8,4.1,5.5267968032079295,16,-11.9,11.9,-10.47320319679207,10.47320319679207,0.0,OK,13,Tuesday,2026-09-01
2026-09-01 14:00:00+00:00,2026-09-01 13:54:14.552375+00:00,5.8,4.2,5.661596725237392,6,-1.7999999999999998,1.7999999999999998,-0.3384032747626078,0.3384032747626078,0.0,OK,14,Tuesday,2026-09-01
2026-09-01 14:03:00+00:00,2026-09-01 13:54:14.552375+00:00,8.8,4.3,5.796396647266854,6,-1.7000000000000002,1.7000000000000002,-0.203603352733146,0.203603352733146,0.0,OK,14,Tuesday,2026-09-01
2026-09-01 14:06:00+00:00,2026-09-01 14:04:21.196700+00:00,1.6,5.9,7.953195399738242,9,-3.0999999999999996,3.0999999999999996,-1.0468046002617584,1.0468046002617584,0.0,OK,14,Tuesday,2026-09-01
2026-09-01 14:09:00+00:00,2026-09-01 14:04:21.196700+00:00,4.6,5.9,7.953195399738242,8,-2.0999999999999996,2.0999999999999996,-0.04680460026175837,0.04680460026175837,0.0,OK,14,Tuesday,2026-09-01
2026-09-01 14:12:00+00:00,2026-09-01 14:04:21.196700+00:00,7.6,5.9,7.953195399738242,10,-4.1,4.1,-2.0468046002617584,2.0468046002617584,0.0,OK,14,Tuesday,2026-09-01
2026-09-01 14:15:00+00:00,2026-09-01 14:14:13.871935+00:00,0.8,5.8,7.818395477708779,12,-6.2,6.2,-4.181604522291221,4.181604522291221,0.0,OK,14,Tuesday,2026-09-01
2026-09-01 14:18:00+00:00,2026-09-01 14:14:13.871935+00:00,3.8,5.6,7.548795633649855,15,-9.4,9.4,-7.451204366350145,7.451204366350145,0.0,OK,14,Tuesday,2026-09-01
2026-09-01 14:21:00+00:00,2026-09-01 14:14:13.871935+00:00,6.8,5.5,7.4139957116203945,14,-8.5,8.5,-6.5860042883796055,6.5860042883796055,0.0,OK,14,Tuesday,2026-09-01
2026-09-01 14:24:00+00:00,2026-09-01 14:24:15.403852+00:00,-0.3,6.6,8.896794853944472,12,-5.4,5.4,-3.1032051460555277,3.1032051460555277,0.0,OK,14,Tuesday,2026-09-01
2026-09-01 14:27:00+00:00,2026-09-01 14:24:15.403852+00:00,2.7,6.4,8.62719500988555,2,4.4,4.4,6.6271950098855505,6.6271950098855505,0.0,OK,14,Tuesday,2026-09-01
2026-09-01 14:30:00+00:00,2026-09-01 14:24:15.403852+00:00,5.7,6.3,8.492395087856089,10,-3.7,3.7,-1.5076049121439112,1.5076049121439112,0.0,OK,14,Tuesday,2026-09-01
2026-09-01 14:33:00+00:00,2026-09-01 14:34:05.447665+00:00,-1.1,6.5,8.761994931915012,6,0.5,0.5,2.7619949319150123,2.7619949319150123,0.0,OK,14,Tuesday,2026-09-01
2026-09-01 14:36:00+00:00,2026-09-01 14:34:05.447665+00:00,1.9,6.5,8.761994931915012,16,-9.5,9.5,-7.238005068084988,7.238005068084988,0.0,OK,14,Tuesday,2026-09-01
2026-09-01 14:39:00+00:00,2026-09-01 14:34:05.447665+00:00,4.9,6.5,8.761994931915012,9,-2.5,2.5,-0.23800506808498767,0.23800506808498767,0.0,OK,14,Tuesday,2026-09-01
2026-09-01 14:42:00+00:00,2026-09-01 14:34:05.447665+00:00,7.9,6.6,8.896794853944472,20,-13.4,13.4,-11.103205146055528,11.103205146055528,0.0,OK,14,Tuesday,2026-09-01
2026-09-01 14:45:00+00:00,2026-09-01 14:44:54.947440+00:00,0.1,7.1,9.570794464091781,6,1.0999999999999996,1.0999999999999996,3.5707944640917813,3.5707944640917813,0.0,OK,14,Tuesday,2026-09-01
2026-09-01 14:48:00+00:00,2026-09-01 14:44:54.947440+00:00,3.1,7.0,9.43599454206232,7,0.0,0.0,2.4359945420623195,2.4359945420623195,0.0,OK,14,Tuesday,2026-09-01
2026-09-01 14:51:00+00:00,2026-09-01 14:44:54.947440+00:00,6.1,7.1,9.570794464091781,6,1.0999999999999996,1.0999999999999996,3.5707944640917813,3.5707944640917813,0.0,OK,14,Tuesday,2026-09-01
2026-09-01 14:54:00+00:00,2026-09-01 14:54:31.223307+00:00,-0.5,5.1,6.874796023502547,7,-1.9000000000000004,1.9000000000000004,-0.12520397649745263,0.12520397649745263,0.0,OK,14,Tuesday,2026-09-01
2026-09-01 14:57:00+00:00,2026-09-01 14:54:31.223307+00:00,2.5,4.9,6.605196179443625,9,-4.1,4.1,-2.3948038205563753,2.3948038205563753,0.0,OK,14,Tuesday,2026-09-01
2026-09-01 15:00:00+00:00,2026-09-01 14:54:31.223307+00:00,5.5,5.1,6.874796023502547,6,-0.9000000000000004,0.9000000000000004,0.8747960235025474,0.8747960235025474,0.0,OK,15,Tuesday,2026-09-01
2026-09-01 15:03:00+00:00,2026-09-01 14:54:31.223307+00:00,8.5,5.0,6.739996101473086,10,-5.0,5.0,-3.2600038985269144,3.2600038985269144,0.0,OK,15,Tuesday,2026-09-01
2026-09-01 15:06:00+00:00,2026-09-01 15:04:30.629150+00:00,1.5,6.2,8.357595165826627,7,-0.7999999999999998,0.7999999999999998,1.357595165826627,1.357595165826627,0.0,OK,15,Tuesday,2026-09-01
2026-09-01 15:09:00+00:00,2026-09-01 15:04:30.629150+00:00,4.5,6.2,8.357595165826627,5,1.2000000000000002,1.2000000000000002,3.357595165826627,3.357595165826627,0.0,OK,15,Tuesday,2026-09-01
2026-09-01 15:12:00+00:00,2026-09-01 15:04:30.629150+00:00,7.5,6.2,8.357595165826627,6,0.20000000000000018,0.20000000000000018,2.357595165826627,2.357595165826627,0.0,OK,15,Tuesday,2026-09-01
2026-09-01 15:15:00+00:00,2026-09-01 15:14:18.846869+00:00,0.7,6.3,8.492395087856089,10,-3.7,3.7,-1.5076049121439112,1.5076049121439112,0.0,OK,15,Tuesday,2026-09-01
2026-09-01 15:18:00+00:00,2026-09-01 15:14:18.846869+00:00,3.7,6.1,8.222795243797163,12,-5.9,5.9,-3.7772047562028366,3.7772047562028366,0.0,OK,15,Tuesday,2026-09-01
2026-09-01 15:21:00+00:00,2026-09-01 15:14:18.846869+00:00,6.7,6.2,8.357595165826627,16,-9.8,9.8,-7.642404834173373,7.642404834173373,0.0,OK,15,Tuesday,2026-09-01
2026-09-01 15:24:00+00:00,2026-09-01 15:24:07.347825+00:00,-0.1,8.0,10.783993762356937,5,3.0,3.0,5.783993762356937,5.783993762356937,0.0,OK,15,Tuesday,2026-09-01
2026-09-01 15:27:00+00:00,2026-09-01 15:24:07.347825+00:00,2.9,7.7,10.379593996268552,11,-3.3,3.3,-0.620406003731448,0.620406003731448,0.0,OK,15,Tuesday,2026-09-01
2026-09-01 15:30:00+00:00,2026-09-01 15:24:07.347825+00:00,5.9,7.6,10.24479407423909,15,-7.4,7.4,-4.75520592576091,4.75520592576091,0.0,OK,15,Tuesday,2026-09-01
2026-09-01 15:33:00+00:00,2026-09-01 15:34:14.125733+00:00,-1.2,9.5,12.805992592798862,12,-2.5,2.5,0.8059925927988623,0.8059925927988623,0.0,OK,15,Tuesday,2026-09-01
2026-09-01 15:36:00+00:00,2026-09-01 15:34:14.125733+00:00,1.8,9.1,12.266792904681015,12,-2.9000000000000004,2.9000000000000004,0.26679290468101513,0.26679290468101513,0.0,OK,15,Tuesday,2026-09-01
2026-09-01 15:39:00+00:00,2026-09-01 15:34:14.125733+00:00,4.8,8.8,11.862393138592632,12,-3.1999999999999993,3.1999999999999993,-0.13760686140736844,0.13760686140736844,0.0,OK,15,Tuesday,2026-09-01
2026-09-01 15:42:00+00:00,2026-09-01 15:34:14.125733+00:00,7.8,8.3,11.188393528445323,15,-6.699999999999999,6.699999999999999,-3.8116064715546774,3.8116064715546774,0.0,OK,15,Tuesday,2026-09-01
2026-09-01 15:45:00+00:00,2026-09-01 15:44:29.912413+00:00,0.5,8.4,11.323193450474784,14,-5.6,5.6,-2.6768065495252156,2.6768065495252156,0.0,OK,15,Tuesday,2026-09-01
2026-09-01 15:48:00+00:00,2026-09-01 15:44:29.912413+00:00,3.5,8.4,11.323193450474784,10,-1.5999999999999996,1.5999999999999996,1.3231934504747844,1.3231934504747844,0.0,OK,15,Tuesday,2026-09-01
2026-09-01 15:51:00+00:00,2026-09-01 15:44:29.912413+00:00,6.5,8.5,11.457993372504246,23,-14.5,14.5,-11.542006627495754,11.542006627495754,0.0,OK,15,Tuesday,2026-09-01
2026-09-01 15:54:00+00:00,2026-09-01 15:55:10.079058+00:00,-1.2,11.8,15.906390799476483,14,-2.1999999999999993,2.1999999999999993,1.9063907994764833,1.9063907994764833,0.0,OK,15,Tuesday,2026-09-01
2026-09-01 15:57:00+00:00,2026-09-01 15:55:10.079058+00:00,1.8,11.6,15.636790955417558,22,-10.4,10.4,-6.363209044582442,6.363209044582442,0.0,OK,15,Tuesday,2026-09-01
2026-09-01 16:00:00+00:00,2026-09-01 15:55:10.079058+00:00,4.8,11.4,15.367191111358636,14,-2.5999999999999996,2.5999999999999996,1.3671911113586361,1.3671911113586361,0.0,OK,16,Tuesday,2026-09-01
2026-09-01 16:03:00+00:00,2026-09-01 15:55:10.079058+00:00,7.8,11.4,15.367191111358636,13,-1.5999999999999996,1.5999999999999996,2.367191111358636,2.367191111358636,0.0,OK,16,Tuesday,2026-09-01
2026-09-01 16:06:00+00:00,2026-09-01 16:05:35.953817+00:00,0.4,8.2,11.053593606415859,6,2.1999999999999993,2.1999999999999993,5.053593606415859,5.053593606415859,0.0,OK,16,Tuesday,2026-09-01
2026-09-01 16:09:00+00:00,2026-09-01 16:05:35.953817+00:00,3.4,8.2,11.053593606415859,9,-0.8000000000000007,0.8000000000000007,2.053593606415859,2.053593606415859,0.0,OK,16,Tuesday,2026-09-01
2026-09-01 16:12:00+00:00,2026-09-01 16:05:35.953817+00:00,6.4,8.1,10.918793684386399,13,-4.9,4.9,-2.081206315613601,2.081206315613601,0.0,OK,16,Tuesday,2026-09-01
2026-09-01 16:15:00+00:00,2026-09-01 16:14:49.804796+00:00,0.2,6.6,8.896794853944472,13,-6.4,6.4,-4.103205146055528,4.103205146055528,0.0,OK,16,Tuesday,2026-09-01
2026-09-01 16:18:00+00:00,2026-09-01 16:14:49.804796+00:00,3.2,6.8,9.166394698003396,19,-12.2,12.2,-9.833605301996604,9.833605301996604,0.0,OK,16,Tuesday,2026-09-01
2026-09-01 16:21:00+00:00,2026-09-01 16:14:49.804796+00:00,6.2,6.8,9.166394698003396,29,-22.2,22.2,-19.833605301996606,19.833605301996606,0.0,OK,16,Tuesday,2026-09-01
2026-09-01 16:24:00+00:00,2026-09-01 16:24:41.384092+00:00,-0.7,16.0,21.567987524713875,14,2.0,2.0,7.567987524713875,7.567987524713875,0.0,OK,16,Tuesday,2026-09-01
2026-09-01 16:27:00+00:00,2026-09-01 16:24:41.384092+00:00,2.3,15.2,20.48958814847818,13,2.1999999999999993,2.1999999999999993,7.48958814847818,7.48958814847818,0.0,OK,16,Tuesday,2026-09-01
2026-09-01 16:30:00+00:00,2026-09-01 16:24:41.384092+00:00,5.3,14.1,19.0067890061541,11,3.0999999999999996,3.0999999999999996,8.0067890061541,8.0067890061541,0.0,OK,16,Tuesday,2026-09-01
2026-09-01 16:33:00+00:00,2026-09-01 16:24:41.384092+00:00,8.3,13.1,17.658789785859483,11,2.0999999999999996,2.0999999999999996,6.658789785859483,6.658789785859483,0.0,OK,16,Tuesday,2026-09-01
2026-09-01 16:36:00+00:00,2026-09-01 16:34:11.026267+00:00,1.8,10.3,13.884391969034558,10,0.3000000000000007,0.3000000000000007,3.8843919690345583,3.8843919690345583,0.0,OK,16,Tuesday,2026-09-01
2026-09-01 16:39:00+00:00,2026-09-01 16:34:11.026267+00:00,4.8,10.0,13.479992202946171,13,-3.0,3.0,0.4799922029461712,0.4799922029461712,0.0,OK,16,Tuesday,2026-09-01
2026-09-01 16:42:00+00:00,2026-09-01 16:34:11.026267+00:00,7.8,9.8,13.21039235888725,16,-6.199999999999999,6.199999999999999,-2.7896076411127506,2.7896076411127506,0.0,OK,16,Tuesday,2026-09-01
2026-09-01 16:45:00+00:00,2026-09-01 16:44:39.054042+00:00,0.3,9.3,12.53639274873994,6,3.3000000000000007,3.3000000000000007,6.5363927487399405,6.5363927487399405,0.0,OK,16,Tuesday,2026-09-01
2026-09-01 16:48:00+00:00,2026-09-01 16:44:39.054042+00:00,3.3,9.3,12.53639274873994,9,0.3000000000000007,0.3000000000000007,3.5363927487399405,3.5363927487399405,0.0,OK,16,Tuesday,2026-09-01
2026-09-01 16:51:00+00:00,2026-09-01 16:44:39.054042+00:00,6.3,9.0,12.131992982651555,13,-4.0,4.0,-0.8680070173484449,0.8680070173484449,0.0,OK,16,Tuesday,2026-09-01
2026-09-01 16:54:00+00:00,2026-09-01 16:54:24.598719+00:00,-0.4,8.2,11.053593606415859,10,-1.8000000000000007,1.8000000000000007,1.053593606415859,1.053593606415859,0.0,OK,16,Tuesday,2026-09-01
2026-09-01 16:57:00+00:00,2026-09-01 16:54:24.598719+00:00,2.6,8.2,11.053593606415859,6,2.1999999999999993,2.1999999999999993,5.053593606415859,5.053593606415859,0.0,OK,16,Tuesday,2026-09-01
2026-09-01 17:00:00+00:00,2026-09-01 16:54:24.598719+00:00,5.6,8.1,10.918793684386399,18,-9.9,9.9,-7.081206315613601,7.081206315613601,0.0,OK,17,Tuesday,2026-09-01
2026-09-01 17:03:00+00:00,2026-09-01 16:54:24.598719+00:00,8.6,8.2,11.053593606415859,16,-7.800000000000001,7.800000000000001,-4.946406393584141,4.946406393584141,0.0,OK,17,Tuesday,2026-09-01
2026-09-01 17:06:00+00:00,2026-09-01 17:04:20.439661+00:00,1.7,6.8,9.166394698003396,11,-4.2,4.2,-1.833605301996604,1.833605301996604,0.0,OK,17,Tuesday,2026-09-01
2026-09-01 17:09:00+00:00,2026-09-01 17:04:20.439661+00:00,4.7,6.8,9.166394698003396,12,-5.2,5.2,-2.833605301996604,2.833605301996604,0.0,OK,17,Tuesday,2026-09-01
2026-09-01 17:12:00+00:00,2026-09-01 17:04:20.439661+00:00,7.7,6.6,8.896794853944472,29,-22.4,22.4,-20.10320514605553,20.10320514605553,0.0,OK,17,Tuesday,2026-09-01
2026-09-01 17:15:00+00:00,2026-09-01 17:14:06.852680+00:00,0.9,9.8,13.21039235888725,9,0.8000000000000007,0.8000000000000007,4.210392358887249,4.210392358887249,0.0,OK,17,Tuesday,2026-09-01
2026-09-01 17:18:00+00:00,2026-09-01 17:14:06.852680+00:00,3.9,9.1,12.266792904681015,13,-3.9000000000000004,3.9000000000000004,-0.7332070953189849,0.7332070953189849,0.0,OK,17,Tuesday,2026-09-01
2026-09-01 17:21:00+00:00,2026-09-01 17:14:06.852680+00:00,6.9,8.5,11.457993372504246,7,1.5,1.5,4.457993372504246,4.457993372504246,0.0,OK,17,Tuesday,2026-09-01
2026-09-01 17:24:00+00:00,2026-09-01 17:24:16.920849+00:00,-0.3,7.3,9.840394308150705,13,-5.7,5.7,-3.159605691849295,3.159605691849295,0.0,OK,17,Tuesday,2026-09-01
2026-09-01 17:27:00+00:00,2026-09-01 17:24:16.920849+00:00,2.7,7.0,9.43599454206232,9,-2.0,2.0,0.43599454206231947,0.43599454206231947,0.0,OK,17,Tuesday,2026-09-01
2026-09-01 17:30:00+00:00,2026-09-01 17:24:16.920849+00:00,5.7,7.3,9.840394308150705,9,-1.7000000000000002,1.7000000000000002,0.8403943081507048,0.8403943081507048,0.0,OK,17,Tuesday,2026-09-01
2026-09-01 17:33:00+00:00,2026-09-01 17:24:16.920849+00:00,8.7,7.6,10.24479407423909,6,1.5999999999999996,1.5999999999999996,4.24479407423909,4.24479407423909,0.0,OK,17,Tuesday,2026-09-01
2026-09-01 17:36:00+00:00,2026-09-01 17:34:12.384651+00:00,1.8,7.9,10.649193840327476,8,-0.09999999999999964,0.09999999999999964,2.6491938403274755,2.6491938403274755,0.0,OK,17,Tuesday,2026-09-01
2026-09-01 17:39:00+00:00,2026-09-01 17:34:12.384651+00:00,4.8,8.0,10.783993762356937,9,-1.0,1.0,1.7839937623569373,1.7839937623569373,0.0,OK,17,Tuesday,2026-09-01
2026-09-01 17:42:00+00:00,2026-09-01 17:34:12.384651+00:00,7.8,8.2,11.053593606415859,7,1.1999999999999993,1.1999999999999993,4.053593606415859,4.053593606415859,0.0,OK,17,Tuesday,2026-09-01
2026-09-01 17:45:00+00:00,2026-09-01 17:44:12.193019+00:00,0.8,8.1,10.918793684386399,10,-1.9000000000000004,1.9000000000000004,0.9187936843863991,0.9187936843863991,0.0,OK,17,Tuesday,2026-09-01
2026-09-01 17:48:00+00:00,2026-09-01 17:44:12.193019+00:00,3.8,7.8,10.514393918298014,12,-4.2,4.2,-1.4856060817019863,1.4856060817019863,0.0,OK,17,Tuesday,2026-09-01
2026-09-01 17:51:00+00:00,2026-09-01 17:44:12.193019+00:00,6.8,7.4,9.975194230180167,16,-8.6,8.6,-6.024805769819833,6.024805769819833,0.0,OK,17,Tuesday,2026-09-01
2026-09-01 17:54:00+00:00,2026-09-01 17:53:58.105777+00:00,0.0,7.9,10.649193840327476,10,-2.0999999999999996,2.0999999999999996,0.6491938403274755,0.6491938403274755,0.0,OK,17,Tuesday,2026-09-01
2026-09-01 17:57:00+00:00,2026-09-01 17:53:58.105777+00:00,3.0,7.2,9.705594386121243,7,0.20000000000000018,0.20000000000000018,2.705594386121243,2.705594386121243,0.0,OK,17,Tuesday,2026-09-01
2026-09-01 18:00:00+00:00,2026-09-01 17:53:58.105777+00:00,6.0,6.7,9.031594775973936,8,-1.2999999999999998,1.2999999999999998,1.031594775973936,1.031594775973936,0.0,OK,18,Tuesday,2026-09-01
2026-09-01 18:03:00+00:00,2026-09-01 18:03:44.987369+00:00,-0.7,5.6,7.548795633649855,8,-2.4000000000000004,2.4000000000000004,-0.4512043663501446,0.4512043663501446,0.0,OK,18,Tuesday,2026-09-01
2026-09-01 18:06:00+00:00,2026-09-01 18:03:44.987369+00:00,2.3,5.3,7.144395867561471,6,-0.7000000000000002,0.7000000000000002,1.144395867561471,1.144395867561471,0.0,OK,18,Tuesday,2026-09-01
2026-09-01 18:09:00+00:00,2026-09-01 18:03:44.987369+00:00,5.3,5.1,6.874796023502547,5,0.09999999999999964,0.09999999999999964,1.8747960235025474,1.8747960235025474,0.0,OK,18,Tuesday,2026-09-01
2026-09-01 18:12:00+00:00,2026-09-01 18:03:44.987369+00:00,8.3,4.3,5.796396647266854,1,3.3,3.3,4.796396647266854,4.796396647266854,0.0,OK,18,Tuesday,2026-09-01
2026-09-01 18:15:00+00:00,2026-09-01 18:13:48.646984+00:00,1.2,4.6,6.2007964133552385,4,0.5999999999999996,0.5999999999999996,2.2007964133552385,2.2007964133552385,0.0,OK,18,Tuesday,2026-09-01
2026-09-01 18:18:00+00:00,2026-09-01 18:13:48.646984+00:00,4.2,4.2,5.661596725237392,1,3.2,3.2,4.661596725237392,4.661596725237392,0.0,OK,18,Tuesday,2026-09-01
2026-09-01 18:21:00+00:00,2026-09-01 18:13:48.646984+00:00,7.2,3.9,5.257196959149007,1,2.9,2.9,4.257196959149007,4.257196959149007,0.0,OK,18,Tuesday,2026-09-01
2026-09-01 18:24:00+00:00,2026-09-01 18:23:46.486215+00:00,0.2,2.1,2.830798362618696,2,0.10000000000000009,0.10000000000000009,0.8307983626186961,0.8307983626186961,0.0,OK,18,Tuesday,2026-09-01
2026-09-01 18:27:00+00:00,2026-09-01 18:23:46.486215+00:00,3.2,1.9,2.5611985185597725,2,-0.10000000000000009,0.10000000000000009,0.5611985185597725,0.5611985185597725,0.0,OK,18,Tuesday,2026-09-01
2026-09-02 06:33:00+00:00,2026-09-02 06:25:10.189101+00:00,7.8,2.8,3.7743978168249277,3,-0.20000000000000018,0.20000000000000018,0.7743978168249277,0.7743978168249277,0.0,OK,6,Wednesday,2026-09-02
2026-09-02 06:36:00+00:00,2026-09-02 06:34:45.794877+00:00,1.2,4.8,6.470396257414162,1,3.8,3.8,5.470396257414162,5.470396257414162,0.0,OK,6,Wednesday,2026-09-02
2026-09-02 06:39:00+00:00,2026-09-02 06:34:45.794877+00:00,4.2,4.3,5.796396647266854,4,0.2999999999999998,0.2999999999999998,1.796396647266854,1.796396647266854,0.0,OK,6,Wednesday,2026-09-02
2026-09-02 06:45:00+00:00,2026-09-02 06:47:31.073267+00:00,-2.5,4.2,5.661596725237392,3,1.2000000000000002,1.2000000000000002,2.661596725237392,2.661596725237392,0.0,OK,6,Wednesday,2026-09-02
2026-09-02 06:48:00+00:00,2026-09-02 06:47:31.073267+00:00,0.5,4.3,5.796396647266854,1,3.3,3.3,4.796396647266854,4.796396647266854,0.0,OK,6,Wednesday,2026-09-02
2026-09-02 06:51:00+00:00,2026-09-02 06:47:31.073267+00:00,3.5,4.8,6.470396257414162,1,3.8,3.8,5.470396257414162,5.470396257414162,0.0,OK,6,Wednesday,2026-09-02
2026-09-02 06:54:00+00:00,2026-09-02 06:55:31.003545+00:00,-1.5,3.6,4.8527971930606215,1,2.6,2.6,3.8527971930606215,3.8527971930606215,0.0,OK,6,Wednesday,2026-09-02
2026-09-02 06:57:00+00:00,2026-09-02 06:55:31.003545+00:00,1.5,4.0,5.391996881178469,5,-1.0,1.0,0.39199688117846865,0.39199688117846865,0.0,OK,6,Wednesday,2026-09-02
2026-09-02 07:00:00+00:00,2026-09-02 06:55:31.003545+00:00,4.5,3.9,5.257196959149007,11,-7.1,7.1,-5.742803040850993,5.742803040850993,0.0,OK,7,Wednesday,2026-09-02
2026-09-02 07:03:00+00:00,2026-09-02 06:55:31.003545+00:00,7.5,4.2,5.661596725237392,7,-2.8,2.8,-1.3384032747626078,1.3384032747626078,0.0,OK,7,Wednesday,2026-09-02
2026-09-02 07:06:00+00:00,2026-09-02 07:07:28.105262+00:00,-1.5,6.7,9.031594775973936,4,2.7,2.7,5.031594775973936,5.031594775973936,0.0,OK,7,Wednesday,2026-09-02
2026-09-02 07:09:00+00:00,2026-09-02 07:07:28.105262+00:00,1.5,6.5,8.761994931915012,3,3.5,3.5,5.761994931915012,5.761994931915012,0.0,OK,7,Wednesday,2026-09-02
2026-09-02 07:12:00+00:00,2026-09-02 07:07:28.105262+00:00,4.5,6.1,8.222795243797163,3,3.0999999999999996,3.0999999999999996,5.222795243797163,5.222795243797163,0.0,OK,7,Wednesday,2026-09-02
2026-09-02 07:15:00+00:00,2026-09-02 07:14:54.031612+00:00,0.1,4.1,5.5267968032079295,1,3.0999999999999996,3.0999999999999996,4.5267968032079295,4.5267968032079295,0.0,OK,7,Wednesday,2026-09-02
2026-09-02 07:18:00+00:00,2026-09-02 07:14:54.031612+00:00,3.1,4.1,5.5267968032079295,1,3.0999999999999996,3.0999999999999996,4.5267968032079295,4.5267968032079295,0.0,OK,7,Wednesday,2026-09-02
2026-09-02 07:21:00+00:00,2026-09-02 07:14:54.031612+00:00,6.1,4.6,6.2007964133552385,3,1.5999999999999996,1.5999999999999996,3.2007964133552385,3.2007964133552385,0.0,OK,7,Wednesday,2026-09-02
2026-09-02 07:24:00+00:00,2026-09-02 07:24:55.794141+00:00,-0.9,3.8,5.122397037119545,6,-2.2,2.2,-0.8776029628804549,0.8776029628804549,0.0,OK,7,Wednesday,2026-09-02
2026-09-02 07:27:00+00:00,2026-09-02 07:24:55.794141+00:00,2.1,4.1,5.5267968032079295,3,1.0999999999999996,1.0999999999999996,2.5267968032079295,2.5267968032079295,0.0,OK,7,Wednesday,2026-09-02
2026-09-02 07:30:00+00:00,2026-09-02 07:24:55.794141+00:00,5.1,4.2,5.661596725237392,3,1.2000000000000002,1.2000000000000002,2.661596725237392,2.661596725237392,0.0,OK,7,Wednesday,2026-09-02
2026-09-02 07:33:00+00:00,2026-09-02 07:35:12.729357+00:00,-2.2,4.6,6.2007964133552385,3,1.5999999999999996,1.5999999999999996,3.2007964133552385,3.2007964133552385,0.0,OK,7,Wednesday,2026-09-02
2026-09-02 07:36:00+00:00,2026-09-02 07:35:12.729357+00:00,0.8,4.8,6.470396257414162,4,0.7999999999999998,0.7999999999999998,2.470396257414162,2.470396257414162,0.0,OK,7,Wednesday,2026-09-02
2026-09-02 07:39:00+00:00,2026-09-02 07:35:12.729357+00:00,3.8,4.9,6.605196179443625,9,-4.1,4.1,-2.3948038205563753,2.3948038205563753,0.0,OK,7,Wednesday,2026-09-02
2026-09-02 07:42:00+00:00,2026-09-02 07:35:12.729357+00:00,6.8,5.0,6.739996101473086,3,2.0,2.0,3.7399961014730856,3.7399961014730856,0.0,OK,7,Wednesday,2026-09-02
2026-09-02 07:45:00+00:00,2026-09-02 07:44:20.534362+00:00,0.7,4.8,6.470396257414162,1,3.8,3.8,5.470396257414162,5.470396257414162,0.0,OK,7,Wednesday,2026-09-02
2026-09-02 07:48:00+00:00,2026-09-02 07:44:20.534362+00:00,3.7,4.7,6.335596335384701,4,0.7000000000000002,0.7000000000000002,2.335596335384701,2.335596335384701,0.0,OK,7,Wednesday,2026-09-02
2026-09-02 07:51:00+00:00,2026-09-02 07:44:20.534362+00:00,6.7,4.9,6.605196179443625,7,-2.0999999999999996,2.0999999999999996,-0.3948038205563753,0.3948038205563753,0.0,OK,7,Wednesday,2026-09-02
2026-09-02 07:54:00+00:00,2026-09-02 07:55:39.446693+00:00,-1.7,5.7,7.683595555679318,5,0.7000000000000002,0.7000000000000002,2.683595555679318,2.683595555679318,0.0,OK,7,Wednesday,2026-09-02
2026-09-02 07:57:00+00:00,2026-09-02 07:55:39.446693+00:00,1.3,5.8,7.818395477708779,4,1.7999999999999998,1.7999999999999998,3.818395477708779,3.818395477708779,0.0,OK,7,Wednesday,2026-09-02
2026-09-02 08:00:00+00:00,2026-09-02 07:55:39.446693+00:00,4.3,5.8,7.818395477708779,3,2.8,2.8,4.818395477708779,4.818395477708779,0.0,OK,8,Wednesday,2026-09-02
2026-09-02 08:03:00+00:00,2026-09-02 08:04:23.260259+00:00,-1.4,5.1,6.874796023502547,3,2.0999999999999996,2.0999999999999996,3.8747960235025474,3.8747960235025474,0.0,OK,8,Wednesday,2026-09-02
2026-09-02 08:06:00+00:00,2026-09-02 08:04:23.260259+00:00,1.6,5.1,6.874796023502547,8,-2.9000000000000004,2.9000000000000004,-1.1252039764974526,1.1252039764974526,0.0,OK,8,Wednesday,2026-09-02
2026-09-02 08:09:00+00:00,2026-09-02 08:04:23.260259+00:00,4.6,5.1,6.874796023502547,6,-0.9000000000000004,0.9000000000000004,0.8747960235025474,0.8747960235025474,0.0,OK,8,Wednesday,2026-09-02
2026-09-02 08:12:00+00:00,2026-09-02 08:04:23.260259+00:00,7.6,5.1,6.874796023502547,5,0.09999999999999964,0.09999999999999964,1.8747960235025474,1.8747960235025474,0.0,OK,8,Wednesday,2026-09-02
2026-09-02 08:15:00+00:00,2026-09-02 08:14:27.061626+00:00,0.5,5.3,7.144395867561471,7,-1.7000000000000002,1.7000000000000002,0.14439586756147094,0.14439586756147094,0.0,OK,8,Wednesday,2026-09-02
2026-09-02 08:18:00+00:00,2026-09-02 08:14:27.061626+00:00,3.5,5.1,6.874796023502547,13,-7.9,7.9,-6.125203976497453,6.125203976497453,0.0,OK,8,Wednesday,2026-09-02
2026-09-02 08:21:00+00:00,2026-09-02 08:14:27.061626+00:00,6.5,5.2,7.009595945532009,11,-5.8,5.8,-3.990404054467991,3.990404054467991,0.0,OK,8,Wednesday,2026-09-02
2026-09-02 08:24:00+00:00,2026-09-02 08:24:27.880833+00:00,-0.5,6.4,8.62719500988555,8,-1.5999999999999996,1.5999999999999996,0.6271950098855505,0.6271950098855505,0.0,OK,8,Wednesday,2026-09-02
2026-09-02 08:27:00+00:00,2026-09-02 08:24:27.880833+00:00,2.5,6.1,8.222795243797163,2,4.1,4.1,6.222795243797163,6.222795243797163,0.0,OK,8,Wednesday,2026-09-02
2026-09-02 08:30:00+00:00,2026-09-02 08:24:27.880833+00:00,5.5,6.0,8.087995321767703,7,-1.0,1.0,1.0879953217677034,1.0879953217677034,0.0,OK,8,Wednesday,2026-09-02
2026-09-02 08:33:00+00:00,2026-09-02 08:24:27.880833+00:00,8.5,5.9,7.953195399738242,4,1.9000000000000004,1.9000000000000004,3.9531953997382416,3.9531953997382416,0.0,OK,8,Wednesday,2026-09-02
2026-09-02 08:36:00+00:00,2026-09-02 08:34:47.089133+00:00,1.2,6.6,8.896794853944472,11,-4.4,4.4,-2.1032051460555277,2.1032051460555277,0.0,OK,8,Wednesday,2026-09-02
2026-09-02 08:39:00+00:00,2026-09-02 08:34:47.089133+00:00,4.2,6.8,9.166394698003396,7,-0.20000000000000018,0.20000000000000018,2.166394698003396,2.166394698003396,0.0,OK,8,Wednesday,2026-09-02
2026-09-02 08:42:00+00:00,2026-09-02 08:34:47.089133+00:00,7.2,7.0,9.43599454206232,9,-2.0,2.0,0.43599454206231947,0.43599454206231947,0.0,OK,8,Wednesday,2026-09-02
2026-09-02 08:45:00+00:00,2026-09-02 08:44:19.055616+00:00,0.7,7.5,10.109994152209628,9,-1.5,1.5,1.1099941522096284,1.1099941522096284,0.0,OK,8,Wednesday,2026-09-02
2026-09-02 08:48:00+00:00,2026-09-02 08:44:19.055616+00:00,3.7,7.4,9.975194230180167,11,-3.5999999999999996,3.5999999999999996,-1.0248057698198334,1.0248057698198334,0.0,OK,8,Wednesday,2026-09-02
2026-09-02 08:51:00+00:00,2026-09-02 08:44:19.055616+00:00,6.7,7.5,10.109994152209628,11,-3.5,3.5,-0.8900058477903716,0.8900058477903716,0.0,OK,8,Wednesday,2026-09-02
2026-09-02 08:54:00+00:00,2026-09-02 08:54:57.559517+00:00,-1.0,8.0,10.783993762356937,5,3.0,3.0,5.783993762356937,5.783993762356937,0.0,OK,8,Wednesday,2026-09-02
2026-09-02 08:57:00+00:00,2026-09-02 08:54:57.559517+00:00,2.0,7.9,10.649193840327476,1,6.9,6.9,9.649193840327476,9.649193840327476,0.0,OK,8,Wednesday,2026-09-02
2026-09-02 09:00:00+00:00,2026-09-02 08:54:57.559517+00:00,5.0,7.6,10.24479407423909,13,-5.4,5.4,-2.75520592576091,2.75520592576091,0.0,OK,9,Wednesday,2026-09-02
2026-09-02 09:03:00+00:00,2026-09-02 09:04:19.228779+00:00,-1.3,7.8,10.514393918298014,3,4.8,4.8,7.514393918298014,7.514393918298014,0.0,OK,9,Wednesday,2026-09-02
2026-09-02 09:06:00+00:00,2026-09-02 09:04:19.228779+00:00,1.7,7.9,10.649193840327476,2,5.9,5.9,8.649193840327476,8.649193840327476,0.0,OK,9,Wednesday,2026-09-02
2026-09-02 09:09:00+00:00,2026-09-02 09:04:19.228779+00:00,4.7,7.9,10.649193840327476,3,4.9,4.9,7.6491938403274755,7.6491938403274755,0.0,OK,9,Wednesday,2026-09-02
2026-09-02 09:12:00+00:00,2026-09-02 09:04:19.228779+00:00,7.7,7.8,10.514393918298014,2,5.8,5.8,8.514393918298014,8.514393918298014,0.0,OK,9,Wednesday,2026-09-02
2026-09-02 09:15:00+00:00,2026-09-02 09:14:30.411562+00:00,0.5,5.8,7.818395477708779,8,-2.2,2.2,-0.18160452229122104,0.18160452229122104,0.0,OK,9,Wednesday,2026-09-02
2026-09-02 09:18:00+00:00,2026-09-02 09:14:30.411562+00:00,3.5,6.1,8.222795243797163,8,-1.9000000000000004,1.9000000000000004,0.22279524379716342,0.22279524379716342,0.0,OK,9,Wednesday,2026-09-02
2026-09-02 09:21:00+00:00,2026-09-02 09:14:30.411562+00:00,6.5,6.2,8.357595165826627,5,1.2000000000000002,1.2000000000000002,3.357595165826627,3.357595165826627,0.0,OK,9,Wednesday,2026-09-02
2026-09-02 09:24:00+00:00,2026-09-02 09:24:59.878371+00:00,-1.0,7.3,9.840394308150705,11,-3.7,3.7,-1.1596056918492952,1.1596056918492952,0.0,OK,9,Wednesday,2026-09-02
2026-09-02 09:27:00+00:00,2026-09-02 09:24:59.878371+00:00,2.0,7.3,9.840394308150705,3,4.3,4.3,6.840394308150705,6.840394308150705,0.0,OK,9,Wednesday,2026-09-02
2026-09-02 09:30:00+00:00,2026-09-02 09:24:59.878371+00:00,5.0,7.2,9.705594386121243,6,1.2000000000000002,1.2000000000000002,3.705594386121243,3.705594386121243,0.0,OK,9,Wednesday,2026-09-02
2026-09-02 09:33:00+00:00,2026-09-02 09:24:59.878371+00:00,8.0,7.2,9.705594386121243,2,5.2,5.2,7.705594386121243,7.705594386121243,0.0,OK,9,Wednesday,2026-09-02
2026-09-02 09:36:00+00:00,2026-09-02 09:34:23.823144+00:00,1.6,7.1,9.570794464091781,8,-0.9000000000000004,0.9000000000000004,1.5707944640917813,1.5707944640917813,0.0,OK,9,Wednesday,2026-09-02
2026-09-02 09:39:00+00:00,2026-09-02 09:34:23.823144+00:00,4.6,7.4,9.975194230180167,3,4.4,4.4,6.975194230180167,6.975194230180167,0.0,OK,9,Wednesday,2026-09-02
2026-09-02 09:42:00+00:00,2026-09-02 09:34:23.823144+00:00,7.6,7.6,10.24479407423909,2,5.6,5.6,8.24479407423909,8.24479407423909,0.0,OK,9,Wednesday,2026-09-02
2026-09-02 09:45:00+00:00,2026-09-02 09:44:21.988960+00:00,0.6,6.1,8.222795243797163,10,-3.9000000000000004,3.9000000000000004,-1.7772047562028366,1.7772047562028366,0.0,OK,9,Wednesday,2026-09-02
2026-09-02 09:48:00+00:00,2026-09-02 09:44:21.988960+00:00,3.6,6.2,8.357595165826627,10,-3.8,3.8,-1.642404834173373,1.642404834173373,0.0,OK,9,Wednesday,2026-09-02
2026-09-02 09:51:00+00:00,2026-09-02 09:44:21.988960+00:00,6.6,6.5,8.761994931915012,11,-4.5,4.5,-2.2380050680849877,2.2380050680849877,0.0,OK,9,Wednesday,2026-09-02
2026-09-02 09:54:00+00:00,2026-09-02 09:54:13.090062+00:00,-0.2,8.6,11.592793294533708,7,1.5999999999999996,1.5999999999999996,4.592793294533708,4.592793294533708,0.0,OK,9,Wednesday,2026-09-02
2026-09-02 09:57:00+00:00,2026-09-02 09:54:13.090062+00:00,2.8,8.2,11.053593606415859,5,3.1999999999999993,3.1999999999999993,6.053593606415859,6.053593606415859,0.0,OK,9,Wednesday,2026-09-02
2026-09-02 10:00:00+00:00,2026-09-02 09:54:13.090062+00:00,5.8,8.0,10.783993762356937,6,2.0,2.0,4.783993762356937,4.783993762356937,0.0,OK,10,Wednesday,2026-09-02
2026-09-02 10:03:00+00:00,2026-09-02 09:54:13.090062+00:00,8.8,7.7,10.379593996268552,8,-0.2999999999999998,0.2999999999999998,2.379593996268552,2.379593996268552,0.0,OK,10,Wednesday,2026-09-02
2026-09-02 10:06:00+00:00,2026-09-02 10:04:25.705748+00:00,1.6,6.6,8.896794853944472,9,-2.4000000000000004,2.4000000000000004,-0.10320514605552766,0.10320514605552766,0.0,OK,10,Wednesday,2026-09-02
2026-09-02 10:09:00+00:00,2026-09-02 10:04:25.705748+00:00,4.6,6.5,8.761994931915012,14,-7.5,7.5,-5.238005068084988,5.238005068084988,0.0,OK,10,Wednesday,2026-09-02
2026-09-02 10:12:00+00:00,2026-09-02 10:04:25.705748+00:00,7.6,6.7,9.031594775973936,16,-9.3,9.3,-6.968405224026064,6.968405224026064,0.0,OK,10,Wednesday,2026-09-02
2026-09-02 10:15:00+00:00,2026-09-02 10:14:21.422734+00:00,0.6,8.1,10.918793684386399,12,-3.9000000000000004,3.9000000000000004,-1.081206315613601,1.081206315613601,0.0,OK,10,Wednesday,2026-09-02
2026-09-02 10:18:00+00:00,2026-09-02 10:14:21.422734+00:00,3.6,7.9,10.649193840327476,12,-4.1,4.1,-1.3508061596725245,1.3508061596725245,0.0,OK,10,Wednesday,2026-09-02
2026-09-02 10:21:00+00:00,2026-09-02 10:14:21.422734+00:00,6.6,7.6,10.24479407423909,14,-6.4,6.4,-3.75520592576091,3.75520592576091,0.0,OK,10,Wednesday,2026-09-02
2026-09-02 10:24:00+00:00,2026-09-02 10:25:12.930778+00:00,-1.2,10.1,13.614792124975633,14,-3.9000000000000004,3.9000000000000004,-0.38520787502436704,0.38520787502436704,0.0,OK,10,Wednesday,2026-09-02
2026-09-02 10:27:00+00:00,2026-09-02 10:25:12.930778+00:00,1.8,9.7,13.075592436857786,7,2.6999999999999993,2.6999999999999993,6.075592436857786,6.075592436857786,0.0,OK,10,Wednesday,2026-09-02
2026-09-02 10:30:00+00:00,2026-09-02 10:25:12.930778+00:00,4.8,9.3,12.53639274873994,5,4.300000000000001,4.300000000000001,7.5363927487399405,7.5363927487399405,0.0,OK,10,Wednesday,2026-09-02
2026-09-02 10:33:00+00:00,2026-09-02 10:25:12.930778+00:00,7.8,8.8,11.862393138592632,10,-1.1999999999999993,1.1999999999999993,1.8623931385926316,1.8623931385926316,0.0,OK,10,Wednesday,2026-09-02
2026-09-02 10:36:00+00:00,2026-09-02 10:34:15.564127+00:00,1.7,7.2,9.705594386121243,3,4.2,4.2,6.705594386121243,6.705594386121243,0.0,OK,10,Wednesday,2026-09-02
2026-09-02 10:39:00+00:00,2026-09-02 10:34:15.564127+00:00,4.7,7.4,9.975194230180167,6,1.4000000000000004,1.4000000000000004,3.9751942301801666,3.9751942301801666,0.0,OK,10,Wednesday,2026-09-02
2026-09-02 10:42:00+00:00,2026-09-02 10:34:15.564127+00:00,7.7,7.4,9.975194230180167,11,-3.5999999999999996,3.5999999999999996,-1.0248057698198334,1.0248057698198334,0.0,OK,10,Wednesday,2026-09-02
2026-09-02 10:45:00+00:00,2026-09-02 10:44:29.830094+00:00,0.5,6.0,8.087995321767703,6,0.0,0.0,2.0879953217677034,2.0879953217677034,0.0,OK,10,Wednesday,2026-09-02
2026-09-02 10:48:00+00:00,2026-09-02 10:44:29.830094+00:00,3.5,6.0,8.087995321767703,2,4.0,4.0,6.087995321767703,6.087995321767703,0.0,OK,10,Wednesday,2026-09-02
2026-09-02 10:51:00+00:00,2026-09-02 10:44:29.830094+00:00,6.5,6.1,8.222795243797163,3,3.0999999999999996,3.0999999999999996,5.222795243797163,5.222795243797163,0.0,OK,10,Wednesday,2026-09-02
2026-09-02 10:54:00+00:00,2026-09-02 10:54:59.155190+00:00,-1.0,4.4,5.931196569296316,5,-0.5999999999999996,0.5999999999999996,0.9311965692963158,0.9311965692963158,0.0,OK,10,Wednesday,2026-09-02
2026-09-02 10:57:00+00:00,2026-09-02 10:54:59.155190+00:00,2.0,4.4,5.931196569296316,4,0.40000000000000036,0.40000000000000036,1.9311965692963158,1.9311965692963158,0.0,OK,10,Wednesday,2026-09-02
2026-09-02 11:00:00+00:00,2026-09-02 10:54:59.155190+00:00,5.0,4.4,5.931196569296316,1,3.4000000000000004,3.4000000000000004,4.931196569296316,4.931196569296316,0.0,OK,11,Wednesday,2026-09-02
2026-09-02 11:03:00+00:00,2026-09-02 10:54:59.155190+00:00,8.0,4.5,6.065996491325778,3,1.5,1.5,3.0659964913257776,3.0659964913257776,0.0,OK,11,Wednesday,2026-09-02
2026-09-02 11:06:00+00:00,2026-09-02 11:04:37.783091+00:00,1.4,5.2,7.009595945532009,2,3.2,3.2,5.009595945532009,5.009595945532009,0.0,OK,11,Wednesday,2026-09-02
2026-09-02 11:09:00+00:00,2026-09-02 11:04:37.783091+00:00,4.4,5.1,6.874796023502547,10,-4.9,4.9,-3.1252039764974526,3.1252039764974526,0.0,OK,11,Wednesday,2026-09-02
2026-09-02 11:12:00+00:00,2026-09-02 11:04:37.783091+00:00,7.4,5.0,6.739996101473086,5,0.0,0.0,1.7399961014730856,1.7399961014730856,0.0,OK,11,Wednesday,2026-09-02
2026-09-02 11:15:00+00:00,2026-09-02 11:14:42.987692+00:00,0.3,4.4,5.931196569296316,9,-4.6,4.6,-3.068803430703684,3.068803430703684,0.0,OK,11,Wednesday,2026-09-02
2026-09-02 11:18:00+00:00,2026-09-02 11:14:42.987692+00:00,3.3,4.2,5.661596725237392,6,-1.7999999999999998,1.7999999999999998,-0.3384032747626078,0.3384032747626078,0.0,OK,11,Wednesday,2026-09-02
2026-09-02 11:21:00+00:00,2026-09-02 11:14:42.987692+00:00,6.3,4.1,5.5267968032079295,8,-3.9000000000000004,3.9000000000000004,-2.4732031967920705,2.4732031967920705,0.0,OK,11,Wednesday,2026-09-02
2026-09-02 11:24:00+00:00,2026-09-02 11:24:16.901870+00:00,-0.3,4.3,5.796396647266854,4,0.2999999999999998,0.2999999999999998,1.796396647266854,1.796396647266854,0.0,OK,11,Wednesday,2026-09-02
2026-09-02 11:27:00+00:00,2026-09-02 11:24:16.901870+00:00,2.7,3.9,5.257196959149007,2,1.9,1.9,3.257196959149007,3.257196959149007,0.0,OK,11,Wednesday,2026-09-02
2026-09-02 11:30:00+00:00,2026-09-02 11:24:16.901870+00:00,5.7,3.7,4.987597115090083,3,0.7000000000000002,0.7000000000000002,1.9875971150900833,1.9875971150900833,0.0,OK,11,Wednesday,2026-09-02
2026-09-02 11:33:00+00:00,2026-09-02 11:34:24.032994+00:00,-1.4,3.9,5.257196959149007,3,0.8999999999999999,0.8999999999999999,2.257196959149007,2.257196959149007,0.0,OK,11,Wednesday,2026-09-02
2026-09-02 11:36:00+00:00,2026-09-02 11:34:24.032994+00:00,1.6,4.1,5.5267968032079295,5,-0.9000000000000004,0.9000000000000004,0.5267968032079295,0.5267968032079295,0.0,OK,11,Wednesday,2026-09-02
2026-09-02 11:39:00+00:00,2026-09-02 11:34:24.032994+00:00,4.6,4.3,5.796396647266854,4,0.2999999999999998,0.2999999999999998,1.796396647266854,1.796396647266854,0.0,OK,11,Wednesday,2026-09-02
2026-09-02 11:42:00+00:00,2026-09-02 11:34:24.032994+00:00,7.6,4.4,5.931196569296316,12,-7.6,7.6,-6.068803430703684,6.068803430703684,0.0,OK,11,Wednesday,2026-09-02
2026-09-02 11:45:00+00:00,2026-09-02 11:44:07.067468+00:00,0.9,3.7,4.987597115090083,6,-2.3,2.3,-1.0124028849099167,1.0124028849099167,0.0,OK,11,Wednesday,2026-09-02
2026-09-02 11:48:00+00:00,2026-09-02 11:44:07.067468+00:00,3.9,3.6,4.8527971930606215,17,-13.4,13.4,-12.14720280693938,12.14720280693938,0.0,OK,11,Wednesday,2026-09-02
2026-09-02 11:51:00+00:00,2026-09-02 11:44:07.067468+00:00,6.9,3.6,4.8527971930606215,7,-3.4,3.4,-2.1472028069393785,2.1472028069393785,0.0,OK,11,Wednesday,2026-09-02
2026-09-02 11:57:00+00:00,2026-09-02 11:54:36.842033+00:00,2.4,5.1,6.874796023502547,1,4.1,4.1,5.874796023502547,5.874796023502547,0.0,OK,11,Wednesday,2026-09-02
2026-09-02 12:00:00+00:00,2026-09-02 11:54:36.842033+00:00,5.4,5.0,6.739996101473086,6,-1.0,1.0,0.7399961014730856,0.7399961014730856,0.0,OK,12,Wednesday,2026-09-02
2026-09-02 12:03:00+00:00,2026-09-02 12:04:16.025518+00:00,-1.3,4.6,6.2007964133552385,9,-4.4,4.4,-2.7992035866447615,2.7992035866447615,0.0,OK,12,Wednesday,2026-09-02
2026-09-02 12:06:00+00:00,2026-09-02 12:04:16.025518+00:00,1.7,4.7,6.335596335384701,3,1.7000000000000002,1.7000000000000002,3.335596335384701,3.335596335384701,0.0,OK,12,Wednesday,2026-09-02
2026-09-02 12:09:00+00:00,2026-09-02 12:04:16.025518+00:00,4.7,4.7,6.335596335384701,1,3.7,3.7,5.335596335384701,5.335596335384701,0.0,OK,12,Wednesday,2026-09-02
2026-09-02 12:12:00+00:00,2026-09-02 12:04:16.025518+00:00,7.7,4.8,6.470396257414162,12,-7.2,7.2,-5.529603742585838,5.529603742585838,0.0,OK,12,Wednesday,2026-09-02
2026-09-02 12:15:00+00:00,2026-09-02 12:14:20.000438+00:00,0.7,3.2,4.313597504942775,5,-1.7999999999999998,1.7999999999999998,-0.6864024950572247,0.6864024950572247,0.0,OK,12,Wednesday,2026-09-02
2026-09-02 12:18:00+00:00,2026-09-02 12:14:20.000438+00:00,3.7,3.5,4.71799727103116,16,-12.5,12.5,-11.282002728968841,11.282002728968841,0.0,OK,12,Wednesday,2026-09-02
2026-09-02 12:21:00+00:00,2026-09-02 12:14:20.000438+00:00,6.7,3.7,4.987597115090083,1,2.7,2.7,3.9875971150900833,3.9875971150900833,0.0,OK,12,Wednesday,2026-09-02
2026-09-02 12:24:00+00:00,2026-09-02 12:24:11.963478+00:00,-0.2,4.4,5.931196569296316,9,-4.6,4.6,-3.068803430703684,3.068803430703684,0.0,OK,12,Wednesday,2026-09-02
2026-09-02 12:27:00+00:00,2026-09-02 12:24:11.963478+00:00,2.8,4.2,5.661596725237392,12,-7.8,7.8,-6.338403274762608,6.338403274762608,0.0,OK,12,Wednesday,2026-09-02
2026-09-02 12:30:00+00:00,2026-09-02 12:24:11.963478+00:00,5.8,4.2,5.661596725237392,5,-0.7999999999999998,0.7999999999999998,0.6615967252373922,0.6615967252373922,0.0,OK,12,Wednesday,2026-09-02
2026-09-02 12:33:00+00:00,2026-09-02 12:24:11.963478+00:00,8.8,4.3,5.796396647266854,7,-2.7,2.7,-1.203603352733146,1.203603352733146,0.0,OK,12,Wednesday,2026-09-02
2026-09-02 12:36:00+00:00,2026-09-02 12:34:06.648690+00:00,1.9,5.7,7.683595555679318,4,1.7000000000000002,1.7000000000000002,3.683595555679318,3.683595555679318,0.0,OK,12,Wednesday,2026-09-02
2026-09-02 12:39:00+00:00,2026-09-02 12:34:06.648690+00:00,4.9,5.3,7.144395867561471,9,-3.7,3.7,-1.855604132438529,1.855604132438529,0.0,OK,12,Wednesday,2026-09-02
2026-09-02 12:42:00+00:00,2026-09-02 12:34:06.648690+00:00,7.9,5.3,7.144395867561471,7,-1.7000000000000002,1.7000000000000002,0.14439586756147094,0.14439586756147094,0.0,OK,12,Wednesday,2026-09-02
2026-09-02 12:45:00+00:00,2026-09-02 12:44:05.692578+00:00,0.9,6.6,8.896794853944472,3,3.5999999999999996,3.5999999999999996,5.896794853944472,5.896794853944472,0.0,OK,12,Wednesday,2026-09-02
2026-09-02 12:48:00+00:00,2026-09-02 12:44:05.692578+00:00,3.9,6.5,8.761994931915012,2,4.5,4.5,6.761994931915012,6.761994931915012,0.0,OK,12,Wednesday,2026-09-02
2026-09-02 12:51:00+00:00,2026-09-02 12:44:05.692578+00:00,6.9,6.4,8.62719500988555,1,5.4,5.4,7.6271950098855505,7.6271950098855505,0.0,OK,12,Wednesday,2026-09-02
2026-09-02 12:57:00+00:00,2026-09-02 12:54:14.833047+00:00,2.8,3.1,4.1787975829133135,1,2.1,2.1,3.1787975829133135,3.1787975829133135,0.0,OK,12,Wednesday,2026-09-02
2026-09-02 13:00:00+00:00,2026-09-02 12:54:14.833047+00:00,5.8,3.3,4.448397426972236,1,2.3,2.3,3.448397426972236,3.448397426972236,0.0,OK,13,Wednesday,2026-09-02
2026-09-02 13:06:00+00:00,2026-09-02 13:04:08.554261+00:00,1.9,3.0,4.043997660883852,4,-1.0,1.0,0.04399766088385171,0.04399766088385171,0.0,OK,13,Wednesday,2026-09-02
2026-09-02 13:09:00+00:00,2026-09-02 13:04:08.554261+00:00,4.9,3.1,4.1787975829133135,2,1.1,1.1,2.1787975829133135,2.1787975829133135,0.0,OK,13,Wednesday,2026-09-02
2026-09-02 13:12:00+00:00,2026-09-02 13:04:08.554261+00:00,7.9,3.3,4.448397426972236,1,2.3,2.3,3.448397426972236,3.448397426972236,0.0,OK,13,Wednesday,2026-09-02
2026-09-02 13:15:00+00:00,2026-09-02 13:14:19.372173+00:00,0.7,3.3,4.448397426972236,6,-2.7,2.7,-1.5516025730277638,1.5516025730277638,0.0,OK,13,Wednesday,2026-09-02
2026-09-02 13:18:00+00:00,2026-09-02 13:14:19.372173+00:00,3.7,3.2,4.313597504942775,5,-1.7999999999999998,1.7999999999999998,-0.6864024950572247,0.6864024950572247,0.0,OK,13,Wednesday,2026-09-02
2026-09-02 13:21:00+00:00,2026-09-02 13:14:19.372173+00:00,6.7,3.3,4.448397426972236,1,2.3,2.3,3.448397426972236,3.448397426972236,0.0,OK,13,Wednesday,2026-09-02
2026-09-02 13:24:00+00:00,2026-09-02 13:24:07.572901+00:00,-0.1,4.8,6.470396257414162,10,-5.2,5.2,-3.529603742585838,3.529603742585838,0.0,OK,13,Wednesday,2026-09-02
2026-09-02 13:27:00+00:00,2026-09-02 13:24:07.572901+00:00,2.9,4.6,6.2007964133552385,12,-7.4,7.4,-5.7992035866447615,5.7992035866447615,0.0,OK,13,Wednesday,2026-09-02
2026-09-02 13:30:00+00:00,2026-09-02 13:24:07.572901+00:00,5.9,4.5,6.065996491325778,14,-9.5,9.5,-7.934003508674222,7.934003508674222,0.0,OK,13,Wednesday,2026-09-02
2026-09-02 13:33:00+00:00,2026-09-02 13:34:05.107950+00:00,-1.1,8.4,11.323193450474784,1,7.4,7.4,10.323193450474784,10.323193450474784,0.0,OK,13,Wednesday,2026-09-02
2026-09-02 13:36:00+00:00,2026-09-02 13:34:05.107950+00:00,1.9,7.5,10.109994152209628,1,6.5,6.5,9.109994152209628,9.109994152209628,0.0,OK,13,Wednesday,2026-09-02
2026-09-02 13:39:00+00:00,2026-09-02 13:34:05.107950+00:00,4.9,6.5,8.761994931915012,8,-1.5,1.5,0.7619949319150123,0.7619949319150123,0.0,OK,13,Wednesday,2026-09-02
2026-09-02 13:42:00+00:00,2026-09-02 13:34:05.107950+00:00,7.9,6.0,8.087995321767703,10,-4.0,4.0,-1.9120046782322966,1.9120046782322966,0.0,OK,13,Wednesday,2026-09-02
2026-09-02 13:45:00+00:00,2026-09-02 13:44:09.813184+00:00,0.8,2.8,3.7743978168249277,11,-8.2,8.2,-7.225602183175072,7.225602183175072,0.0,OK,13,Wednesday,2026-09-02
2026-09-02 13:48:00+00:00,2026-09-02 13:44:09.813184+00:00,3.8,2.9,3.9091977388543895,4,-1.1,1.1,-0.09080226114561052,0.09080226114561052,0.0,OK,13,Wednesday,2026-09-02
2026-09-02 13:51:00+00:00,2026-09-02 13:44:09.813184+00:00,6.8,3.2,4.313597504942775,11,-7.8,7.8,-6.686402495057225,6.686402495057225,0.0,OK,13,Wednesday,2026-09-02
2026-09-02 13:54:00+00:00,2026-09-02 13:54:08.478773+00:00,-0.1,4.1,5.5267968032079295,5,-0.9000000000000004,0.9000000000000004,0.5267968032079295,0.5267968032079295,0.0,OK,13,Wednesday,2026-09-02
2026-09-02 13:57:00+00:00,2026-09-02 13:54:08.478773+00:00,2.9,4.0,5.391996881178469,18,-14.0,14.0,-12.608003118821532,12.608003118821532,0.0,OK,13,Wednesday,2026-09-02
2026-09-02 14:00:00+00:00,2026-09-02 13:54:08.478773+00:00,5.9,4.3,5.796396647266854,5,-0.7000000000000002,0.7000000000000002,0.796396647266854,0.796396647266854,0.0,OK,14,Wednesday,2026-09-02
2026-09-02 14:03:00+00:00,2026-09-02 13:54:08.478773+00:00,8.9,4.5,6.065996491325778,5,-0.5,0.5,1.0659964913257776,1.0659964913257776,0.0,OK,14,Wednesday,2026-09-02
2026-09-02 14:06:00+00:00,2026-09-02 14:04:19.148385+00:00,1.7,5.3,7.144395867561471,11,-5.7,5.7,-3.855604132438529,3.855604132438529,0.0,OK,14,Wednesday,2026-09-02
2026-09-02 14:09:00+00:00,2026-09-02 14:04:19.148385+00:00,4.7,5.3,7.144395867561471,7,-1.7000000000000002,1.7000000000000002,0.14439586756147094,0.14439586756147094,0.0,OK,14,Wednesday,2026-09-02
2026-09-02 14:12:00+00:00,2026-09-02 14:04:19.148385+00:00,7.7,5.6,7.548795633649855,11,-5.4,5.4,-3.4512043663501446,3.4512043663501446,0.0,OK,14,Wednesday,2026-09-02
2026-09-02 14:15:00+00:00,2026-09-02 14:14:20.505001+00:00,0.7,4.6,6.2007964133552385,7,-2.4000000000000004,2.4000000000000004,-0.7992035866447615,0.7992035866447615,0.0,OK,14,Wednesday,2026-09-02
2026-09-02 14:18:00+00:00,2026-09-02 14:14:20.505001+00:00,3.7,4.7,6.335596335384701,12,-7.3,7.3,-5.664403664615299,5.664403664615299,0.0,OK,14,Wednesday,2026-09-02
2026-09-02 14:21:00+00:00,2026-09-02 14:14:20.505001+00:00,6.7,4.8,6.470396257414162,14,-9.2,9.2,-7.529603742585838,7.529603742585838,0.0,OK,14,Wednesday,2026-09-02
2026-09-02 14:24:00+00:00,2026-09-02 14:24:23.735363+00:00,-0.4,6.2,8.357595165826627,12,-5.8,5.8,-3.642404834173373,3.642404834173373,0.0,OK,14,Wednesday,2026-09-02
2026-09-02 14:27:00+00:00,2026-09-02 14:24:23.735363+00:00,2.6,6.0,8.087995321767703,7,-1.0,1.0,1.0879953217677034,1.0879953217677034,0.0,OK,14,Wednesday,2026-09-02
2026-09-02 14:30:00+00:00,2026-09-02 14:24:23.735363+00:00,5.6,6.0,8.087995321767703,8,-2.0,2.0,0.08799532176770342,0.08799532176770342,0.0,OK,14,Wednesday,2026-09-02
2026-09-02 14:33:00+00:00,2026-09-02 14:24:23.735363+00:00,8.6,6.2,8.357595165826627,8,-1.7999999999999998,1.7999999999999998,0.357595165826627,0.357595165826627,0.0,OK,14,Wednesday,2026-09-02
2026-09-02 14:36:00+00:00,2026-09-02 14:34:14.087961+00:00,1.8,6.1,8.222795243797163,10,-3.9000000000000004,3.9000000000000004,-1.7772047562028366,1.7772047562028366,0.0,OK,14,Wednesday,2026-09-02
2026-09-02 14:39:00+00:00,2026-09-02 14:34:14.087961+00:00,4.8,6.1,8.222795243797163,7,-0.9000000000000004,0.9000000000000004,1.2227952437971634,1.2227952437971634,0.0,OK,14,Wednesday,2026-09-02
2026-09-02 14:42:00+00:00,2026-09-02 14:34:14.087961+00:00,7.8,6.2,8.357595165826627,5,1.2000000000000002,1.2000000000000002,3.357595165826627,3.357595165826627,0.0,OK,14,Wednesday,2026-09-02
2026-09-02 14:45:00+00:00,2026-09-02 14:44:23.932633+00:00,0.6,7.0,9.43599454206232,10,-3.0,3.0,-0.5640054579376805,0.5640054579376805,0.0,OK,14,Wednesday,2026-09-02
2026-09-02 14:48:00+00:00,2026-09-02 14:44:23.932633+00:00,3.6,7.1,9.570794464091781,5,2.0999999999999996,2.0999999999999996,4.570794464091781,4.570794464091781,0.0,OK,14,Wednesday,2026-09-02
2026-09-02 14:51:00+00:00,2026-09-02 14:44:23.932633+00:00,6.6,7.2,9.705594386121243,8,-0.7999999999999998,0.7999999999999998,1.705594386121243,1.705594386121243,0.0,OK,14,Wednesday,2026-09-02
2026-09-02 14:54:00+00:00,2026-09-02 14:54:23.337180+00:00,-0.4,5.9,7.953195399738242,11,-5.1,5.1,-3.0468046002617584,3.0468046002617584,0.0,OK,14,Wednesday,2026-09-02
2026-09-02 14:57:00+00:00,2026-09-02 14:54:23.337180+00:00,2.6,6.0,8.087995321767703,5,1.0,1.0,3.0879953217677034,3.0879953217677034,0.0,OK,14,Wednesday,2026-09-02
2026-09-02 15:00:00+00:00,2026-09-02 14:54:23.337180+00:00,5.6,6.2,8.357595165826627,10,-3.8,3.8,-1.642404834173373,1.642404834173373,0.0,OK,15,Wednesday,2026-09-02
2026-09-02 15:03:00+00:00,2026-09-02 14:54:23.337180+00:00,8.6,6.3,8.492395087856089,12,-5.7,5.7,-3.5076049121439112,3.5076049121439112,0.0,OK,15,Wednesday,2026-09-02
2026-09-02 15:06:00+00:00,2026-09-02 15:04:33.951742+00:00,1.4,7.5,10.109994152209628,6,1.5,1.5,4.109994152209628,4.109994152209628,0.0,OK,15,Wednesday,2026-09-02
2026-09-02 15:09:00+00:00,2026-09-02 15:04:33.951742+00:00,4.4,7.6,10.24479407423909,16,-8.4,8.4,-5.75520592576091,5.75520592576091,0.0,OK,15,Wednesday,2026-09-02
2026-09-02 15:12:00+00:00,2026-09-02 15:04:33.951742+00:00,7.4,7.5,10.109994152209628,8,-0.5,0.5,2.1099941522096284,2.1099941522096284,0.0,OK,15,Wednesday,2026-09-02
2026-09-02 15:15:00+00:00,2026-09-02 15:14:40.977208+00:00,0.3,10.8,14.558391579181865,13,-2.1999999999999993,2.1999999999999993,1.5583915791818654,1.5583915791818654,0.0,OK,15,Wednesday,2026-09-02
2026-09-02 15:18:00+00:00,2026-09-02 15:14:40.977208+00:00,3.3,10.6,14.288791735122942,9,1.5999999999999996,1.5999999999999996,5.288791735122942,5.288791735122942,0.0,OK,15,Wednesday,2026-09-02
2026-09-02 15:21:00+00:00,2026-09-02 15:14:40.977208+00:00,6.3,10.3,13.884391969034558,8,2.3000000000000007,2.3000000000000007,5.884391969034558,5.884391969034558,0.0,OK,15,Wednesday,2026-09-02
2026-09-02 15:24:00+00:00,2026-09-02 15:24:35.243110+00:00,-0.6,6.7,9.031594775973936,7,-0.2999999999999998,0.2999999999999998,2.031594775973936,2.031594775973936,0.0,OK,15,Wednesday,2026-09-02
2026-09-02 15:27:00+00:00,2026-09-02 15:24:35.243110+00:00,2.4,6.7,9.031594775973936,6,0.7000000000000002,0.7000000000000002,3.031594775973936,3.031594775973936,0.0,OK,15,Wednesday,2026-09-02
2026-09-02 15:30:00+00:00,2026-09-02 15:24:35.243110+00:00,5.4,6.6,8.896794853944472,2,4.6,4.6,6.896794853944472,6.896794853944472,0.0,OK,15,Wednesday,2026-09-02
2026-09-02 15:33:00+00:00,2026-09-02 15:24:35.243110+00:00,8.4,6.8,9.166394698003396,18,-11.2,11.2,-8.833605301996604,8.833605301996604,0.0,OK,15,Wednesday,2026-09-02
2026-09-02 15:36:00+00:00,2026-09-02 15:34:26.124236+00:00,1.6,5.9,7.953195399738242,14,-8.1,8.1,-6.046804600261758,6.046804600261758,0.0,OK,15,Wednesday,2026-09-02
2026-09-02 15:39:00+00:00,2026-09-02 15:34:26.124236+00:00,4.6,5.9,7.953195399738242,12,-6.1,6.1,-4.046804600261758,4.046804600261758,0.0,OK,15,Wednesday,2026-09-02
2026-09-02 15:42:00+00:00,2026-09-02 15:34:26.124236+00:00,7.6,6.0,8.087995321767703,8,-2.0,2.0,0.08799532176770342,0.08799532176770342,0.0,OK,15,Wednesday,2026-09-02
2026-09-02 15:45:00+00:00,2026-09-02 15:44:19.364904+00:00,0.7,7.4,9.975194230180167,21,-13.6,13.6,-11.024805769819833,11.024805769819833,0.0,OK,15,Wednesday,2026-09-02
2026-09-02 15:48:00+00:00,2026-09-02 15:44:19.364904+00:00,3.7,7.0,9.43599454206232,9,-2.0,2.0,0.43599454206231947,0.43599454206231947,0.0,OK,15,Wednesday,2026-09-02
2026-09-02 15:51:00+00:00,2026-09-02 15:44:19.364904+00:00,6.7,6.8,9.166394698003396,10,-3.2,3.2,-0.8336053019966041,0.8336053019966041,0.0,OK,15,Wednesday,2026-09-02
2026-09-02 15:54:00+00:00,2026-09-02 15:54:12.176588+00:00,-0.2,7.5,10.109994152209628,6,1.5,1.5,4.109994152209628,4.109994152209628,0.0,OK,15,Wednesday,2026-09-02
2026-09-02 15:57:00+00:00,2026-09-02 15:54:12.176588+00:00,2.8,7.7,10.379593996268552,5,2.7,2.7,5.379593996268552,5.379593996268552,0.0,OK,15,Wednesday,2026-09-02
2026-09-02 16:00:00+00:00,2026-09-02 15:54:12.176588+00:00,5.8,8.1,10.918793684386399,12,-3.9000000000000004,3.9000000000000004,-1.081206315613601,1.081206315613601,0.0,OK,16,Wednesday,2026-09-02
2026-09-02 16:03:00+00:00,2026-09-02 15:54:12.176588+00:00,8.8,8.4,11.323193450474784,11,-2.5999999999999996,2.5999999999999996,0.3231934504747844,0.3231934504747844,0.0,OK,16,Wednesday,2026-09-02
2026-09-02 16:06:00+00:00,2026-09-02 16:04:32.710849+00:00,1.5,9.3,12.53639274873994,16,-6.699999999999999,6.699999999999999,-3.4636072512600595,3.4636072512600595,0.0,OK,16,Wednesday,2026-09-02
2026-09-02 16:09:00+00:00,2026-09-02 16:04:32.710849+00:00,4.5,9.4,12.671192670769402,11,-1.5999999999999996,1.5999999999999996,1.6711926707694023,1.6711926707694023,0.0,OK,16,Wednesday,2026-09-02
2026-09-02 16:12:00+00:00,2026-09-02 16:04:32.710849+00:00,7.5,9.3,12.53639274873994,9,0.3000000000000007,0.3000000000000007,3.5363927487399405,3.5363927487399405,0.0,OK,16,Wednesday,2026-09-02
2026-09-02 16:15:00+00:00,2026-09-02 16:15:01.005905+00:00,-0.0,8.0,10.783993762356937,14,-6.0,6.0,-3.2160062376430627,3.2160062376430627,0.0,OK,16,Wednesday,2026-09-02
2026-09-02 16:18:00+00:00,2026-09-02 16:15:01.005905+00:00,3.0,7.8,10.514393918298014,18,-10.2,10.2,-7.485606081701986,7.485606081701986,0.0,OK,16,Wednesday,2026-09-02
2026-09-02 16:21:00+00:00,2026-09-02 16:15:01.005905+00:00,6.0,7.6,10.24479407423909,8,-0.40000000000000036,0.40000000000000036,2.24479407423909,2.24479407423909,0.0,OK,16,Wednesday,2026-09-02
2026-09-02 16:24:00+00:00,2026-09-02 16:24:23.014830+00:00,-0.4,9.8,13.21039235888725,12,-2.1999999999999993,2.1999999999999993,1.2103923588872494,1.2103923588872494,0.0,OK,16,Wednesday,2026-09-02
2026-09-02 16:27:00+00:00,2026-09-02 16:24:23.014830+00:00,2.6,9.9,13.345192280916711,19,-9.1,9.1,-5.654807719083289,5.654807719083289,0.0,OK,16,Wednesday,2026-09-02
2026-09-02 16:30:00+00:00,2026-09-02 16:24:23.014830+00:00,5.6,9.8,13.21039235888725,21,-11.2,11.2,-7.789607641112751,7.789607641112751,0.0,OK,16,Wednesday,2026-09-02
2026-09-02 16:33:00+00:00,2026-09-02 16:34:02.995483+00:00,-1.0,13.7,18.467589318036254,14,-0.3000000000000007,0.3000000000000007,4.467589318036254,4.467589318036254,0.0,OK,16,Wednesday,2026-09-02
2026-09-02 16:36:00+00:00,2026-09-02 16:34:02.995483+00:00,2.0,13.0,17.523989863830025,9,4.0,4.0,8.523989863830025,8.523989863830025,0.0,OK,16,Wednesday,2026-09-02
2026-09-02 16:39:00+00:00,2026-09-02 16:34:02.995483+00:00,5.0,12.7,17.119590097741636,12,0.6999999999999993,0.6999999999999993,5.119590097741636,5.119590097741636,0.0,OK,16,Wednesday,2026-09-02
2026-09-02 16:42:00+00:00,2026-09-02 16:34:02.995483+00:00,8.0,12.5,16.849990253682716,13,-0.5,0.5,3.8499902536827157,3.8499902536827157,0.0,OK,16,Wednesday,2026-09-02
2026-09-02 16:45:00+00:00,2026-09-02 16:44:19.012963+00:00,0.7,10.6,14.288791735122942,9,1.5999999999999996,1.5999999999999996,5.288791735122942,5.288791735122942,0.0,OK,16,Wednesday,2026-09-02
2026-09-02 16:48:00+00:00,2026-09-02 16:44:19.012963+00:00,3.7,10.3,13.884391969034558,15,-4.699999999999999,4.699999999999999,-1.1156080309654417,1.1156080309654417,0.0,OK,16,Wednesday,2026-09-02
2026-09-02 16:51:00+00:00,2026-09-02 16:44:19.012963+00:00,6.7,10.1,13.614792124975633,23,-12.9,12.9,-9.385207875024367,9.385207875024367,0.0,OK,16,Wednesday,2026-09-02
2026-09-02 16:54:00+00:00,2026-09-02 16:54:22.302348+00:00,-0.4,11.0,14.827991423240789,16,-5.0,5.0,-1.172008576759211,1.172008576759211,0.0,OK,16,Wednesday,2026-09-02
2026-09-02 16:57:00+00:00,2026-09-02 16:54:22.302348+00:00,2.6,10.8,14.558391579181865,24,-13.2,13.2,-9.441608420818135,9.441608420818135,0.0,OK,16,Wednesday,2026-09-02
2026-09-02 17:00:00+00:00,2026-09-02 16:54:22.302348+00:00,5.6,10.6,14.288791735122942,16,-5.4,5.4,-1.7112082648770581,1.7112082648770581,0.0,OK,17,Wednesday,2026-09-02
2026-09-02 17:03:00+00:00,2026-09-02 17:04:04.741679+00:00,-1.1,11.9,16.041190721505945,13,-1.0999999999999996,1.0999999999999996,3.041190721505945,3.041190721505945,0.0,OK,17,Wednesday,2026-09-02
2026-09-02 17:06:00+00:00,2026-09-02 17:04:04.741679+00:00,1.9,11.0,14.827991423240789,11,0.0,0.0,3.827991423240789,3.827991423240789,0.0,OK,17,Wednesday,2026-09-02
2026-09-02 17:09:00+00:00,2026-09-02 17:04:04.741679+00:00,4.9,10.6,14.288791735122942,17,-6.4,6.4,-2.711208264877058,2.711208264877058,0.0,OK,17,Wednesday,2026-09-02
2026-09-02 17:12:00+00:00,2026-09-02 17:04:04.741679+00:00,7.9,10.3,13.884391969034558,9,1.3000000000000007,1.3000000000000007,4.884391969034558,4.884391969034558,0.0,OK,17,Wednesday,2026-09-02
2026-09-02 17:15:00+00:00,2026-09-02 17:13:54.088299+00:00,1.1,8.3,11.188393528445323,9,-0.6999999999999993,0.6999999999999993,2.1883935284453226,2.1883935284453226,0.0,OK,17,Wednesday,2026-09-02
2026-09-02 17:18:00+00:00,2026-09-02 17:13:54.088299+00:00,4.1,7.9,10.649193840327476,12,-4.1,4.1,-1.3508061596725245,1.3508061596725245,0.0,OK,17,Wednesday,2026-09-02
2026-09-02 17:21:00+00:00,2026-09-02 17:13:54.088299+00:00,7.1,8.2,11.053593606415859,10,-1.8000000000000007,1.8000000000000007,1.053593606415859,1.053593606415859,0.0,OK,17,Wednesday,2026-09-02
2026-09-02 17:24:00+00:00,2026-09-02 17:24:29.417606+00:00,-0.5,8.6,11.592793294533708,12,-3.4000000000000004,3.4000000000000004,-0.407206705466292,0.407206705466292,0.0,OK,17,Wednesday,2026-09-02
2026-09-02 17:27:00+00:00,2026-09-02 17:24:29.417606+00:00,2.5,8.4,11.323193450474784,7,1.4000000000000004,1.4000000000000004,4.323193450474784,4.323193450474784,0.0,OK,17,Wednesday,2026-09-02
2026-09-02 17:30:00+00:00,2026-09-02 17:24:29.417606+00:00,5.5,8.1,10.918793684386399,9,-0.9000000000000004,0.9000000000000004,1.918793684386399,1.918793684386399,0.0,OK,17,Wednesday,2026-09-02
2026-09-02 17:33:00+00:00,2026-09-02 17:24:29.417606+00:00,8.5,7.8,10.514393918298014,13,-5.2,5.2,-2.4856060817019863,2.4856060817019863,0.0,OK,17,Wednesday,2026-09-02
2026-09-02 17:36:00+00:00,2026-09-02 17:34:11.341340+00:00,1.8,8.2,11.053593606415859,15,-6.800000000000001,6.800000000000001,-3.946406393584141,3.946406393584141,0.0,OK,17,Wednesday,2026-09-02
2026-09-02 17:39:00+00:00,2026-09-02 17:34:11.341340+00:00,4.8,8.1,10.918793684386399,18,-9.9,9.9,-7.081206315613601,7.081206315613601,0.0,OK,17,Wednesday,2026-09-02
2026-09-02 17:42:00+00:00,2026-09-02 17:34:11.341340+00:00,7.8,7.9,10.649193840327476,19,-11.1,11.1,-8.350806159672524,8.350806159672524,0.0,OK,17,Wednesday,2026-09-02
2026-09-02 17:45:00+00:00,2026-09-02 17:44:40.537554+00:00,0.3,8.8,11.862393138592632,15,-6.199999999999999,6.199999999999999,-3.1376068614073684,3.1376068614073684,0.0,OK,17,Wednesday,2026-09-02
2026-09-02 17:48:00+00:00,2026-09-02 17:44:40.537554+00:00,3.3,8.5,11.457993372504246,8,0.5,0.5,3.457993372504246,3.457993372504246,0.0,OK,17,Wednesday,2026-09-02
2026-09-02 17:51:00+00:00,2026-09-02 17:44:40.537554+00:00,6.3,8.1,10.918793684386399,9,-0.9000000000000004,0.9000000000000004,1.918793684386399,1.918793684386399,0.0,OK,17,Wednesday,2026-09-02
2026-09-02 17:54:00+00:00,2026-09-02 17:53:58.971820+00:00,0.0,6.1,8.222795243797163,5,1.0999999999999996,1.0999999999999996,3.2227952437971634,3.2227952437971634,0.0,OK,17,Wednesday,2026-09-02
2026-09-02 17:57:00+00:00,2026-09-02 17:53:58.971820+00:00,3.0,5.6,7.548795633649855,3,2.5999999999999996,2.5999999999999996,4.548795633649855,4.548795633649855,0.0,OK,17,Wednesday,2026-09-02
2026-09-02 18:00:00+00:00,2026-09-02 17:53:58.971820+00:00,6.0,5.6,7.548795633649855,7,-1.4000000000000004,1.4000000000000004,0.5487956336498554,0.5487956336498554,0.0,OK,18,Wednesday,2026-09-02
2026-09-02 18:03:00+00:00,2026-09-02 17:53:58.971820+00:00,9.0,5.3,7.144395867561471,7,-1.7000000000000002,1.7000000000000002,0.14439586756147094,0.14439586756147094,0.0,OK,18,Wednesday,2026-09-02
2026-09-02 18:06:00+00:00,2026-09-02 18:03:51.197317+00:00,2.1,5.4,7.279195789590933,9,-3.5999999999999996,3.5999999999999996,-1.7208042104090673,1.7208042104090673,0.0,OK,18,Wednesday,2026-09-02
2026-09-02 18:09:00+00:00,2026-09-02 18:03:51.197317+00:00,5.1,5.7,7.683595555679318,14,-8.3,8.3,-6.316404444320682,6.316404444320682,0.0,OK,18,Wednesday,2026-09-02
2026-09-02 18:12:00+00:00,2026-09-02 18:03:51.197317+00:00,8.1,5.4,7.279195789590933,8,-2.5999999999999996,2.5999999999999996,-0.7208042104090673,0.7208042104090673,0.0,OK,18,Wednesday,2026-09-02
2026-09-02 18:15:00+00:00,2026-09-02 18:13:50.390200+00:00,1.2,4.8,6.470396257414162,5,-0.20000000000000018,0.20000000000000018,1.470396257414162,1.470396257414162,0.0,OK,18,Wednesday,2026-09-02
2026-09-02 18:21:00+00:00,2026-09-02 18:13:50.390200+00:00,7.2,3.9,5.257196959149007,2,1.9,1.9,3.257196959149007,3.257196959149007,0.0,OK,18,Wednesday,2026-09-02
2026-09-02 18:24:00+00:00,2026-09-02 18:23:35.860505+00:00,0.4,4.8,6.470396257414162,6,-1.2000000000000002,1.2000000000000002,0.470396257414162,0.470396257414162,0.0,OK,18,Wednesday,2026-09-02
2026-09-02 18:27:00+00:00,2026-09-02 18:23:35.860505+00:00,3.4,4.2,5.661596725237392,4,0.20000000000000018,0.20000000000000018,1.6615967252373922,1.6615967252373922,0.0,OK,18,Wednesday,2026-09-02
2026-09-03 06:30:00+00:00,2026-09-03 06:25:25.290327+00:00,4.6,4.0,5.391996881178469,9,-5.0,5.0,-3.6080031188215314,3.6080031188215314,0.0,OK,6,Thursday,2026-09-03
2026-09-03 06:33:00+00:00,2026-09-03 06:25:25.290327+00:00,7.6,3.9,5.257196959149007,6,-2.1,2.1,-0.7428030408509931,0.7428030408509931,0.0,OK,6,Thursday,2026-09-03
2026-09-03 06:36:00+00:00,2026-09-03 06:34:53.818178+00:00,1.1,6.0,8.087995321767703,1,5.0,5.0,7.087995321767703,7.087995321767703,0.0,OK,6,Thursday,2026-09-03
2026-09-03 06:39:00+00:00,2026-09-03 06:34:53.818178+00:00,4.1,5.5,7.4139957116203945,5,0.5,0.5,2.4139957116203945,2.4139957116203945,0.0,OK,6,Thursday,2026-09-03
2026-09-03 06:42:00+00:00,2026-09-03 06:34:53.818178+00:00,7.1,6.0,8.087995321767703,2,4.0,4.0,6.087995321767703,6.087995321767703,0.0,OK,6,Thursday,2026-09-03
2026-09-03 06:45:00+00:00,2026-09-03 06:45:18.641776+00:00,-0.3,3.8,5.122397037119545,4,-0.20000000000000018,0.20000000000000018,1.122397037119545,1.122397037119545,0.0,OK,6,Thursday,2026-09-03
2026-09-03 06:48:00+00:00,2026-09-03 06:45:18.641776+00:00,2.7,3.8,5.122397037119545,2,1.7999999999999998,1.7999999999999998,3.122397037119545,3.122397037119545,0.0,OK,6,Thursday,2026-09-03
2026-09-03 06:51:00+00:00,2026-09-03 06:45:18.641776+00:00,5.7,4.3,5.796396647266854,1,3.3,3.3,4.796396647266854,4.796396647266854,0.0,OK,6,Thursday,2026-09-03
2026-09-03 06:54:00+00:00,2026-09-03 06:55:01.079799+00:00,-1.0,3.8,5.122397037119545,4,-0.20000000000000018,0.20000000000000018,1.122397037119545,1.122397037119545,0.0,OK,6,Thursday,2026-09-03
2026-09-03 06:57:00+00:00,2026-09-03 06:55:01.079799+00:00,2.0,4.2,5.661596725237392,8,-3.8,3.8,-2.338403274762608,2.338403274762608,0.0,OK,6,Thursday,2026-09-03
2026-09-03 07:00:00+00:00,2026-09-03 06:55:01.079799+00:00,5.0,4.4,5.931196569296316,7,-2.5999999999999996,2.5999999999999996,-1.0688034307036842,1.0688034307036842,0.0,OK,7,Thursday,2026-09-03
2026-09-03 07:03:00+00:00,2026-09-03 06:55:01.079799+00:00,8.0,4.7,6.335596335384701,8,-3.3,3.3,-1.6644036646152989,1.6644036646152989,0.0,OK,7,Thursday,2026-09-03
2026-09-03 07:06:00+00:00,2026-09-03 07:04:44.389121+00:00,1.3,5.6,7.548795633649855,3,2.5999999999999996,2.5999999999999996,4.548795633649855,4.548795633649855,0.0,OK,7,Thursday,2026-09-03
2026-09-03 07:09:00+00:00,2026-09-03 07:04:44.389121+00:00,4.3,5.5,7.4139957116203945,5,0.5,0.5,2.4139957116203945,2.4139957116203945,0.0,OK,7,Thursday,2026-09-03
2026-09-03 07:12:00+00:00,2026-09-03 07:04:44.389121+00:00,7.3,5.4,7.279195789590933,7,-1.5999999999999996,1.5999999999999996,0.2791957895909327,0.2791957895909327,0.0,OK,7,Thursday,2026-09-03
2026-09-03 07:15:00+00:00,2026-09-03 07:15:00.332768+00:00,-0.0,4.5,6.065996491325778,5,-0.5,0.5,1.0659964913257776,1.0659964913257776,0.0,OK,7,Thursday,2026-09-03
2026-09-03 07:18:00+00:00,2026-09-03 07:15:00.332768+00:00,3.0,4.4,5.931196569296316,4,0.40000000000000036,0.40000000000000036,1.9311965692963158,1.9311965692963158,0.0,OK,7,Thursday,2026-09-03
2026-09-03 07:21:00+00:00,2026-09-03 07:15:00.332768+00:00,6.0,4.9,6.605196179443625,8,-3.0999999999999996,3.0999999999999996,-1.3948038205563753,1.3948038205563753,0.0,OK,7,Thursday,2026-09-03
2026-09-03 07:24:00+00:00,2026-09-03 07:24:58.115874+00:00,-1.0,5.1,6.874796023502547,5,0.09999999999999964,0.09999999999999964,1.8747960235025474,1.8747960235025474,0.0,OK,7,Thursday,2026-09-03
2026-09-03 07:27:00+00:00,2026-09-03 07:24:58.115874+00:00,2.0,5.2,7.009595945532009,5,0.20000000000000018,0.20000000000000018,2.009595945532009,2.009595945532009,0.0,OK,7,Thursday,2026-09-03
2026-09-03 07:30:00+00:00,2026-09-03 07:24:58.115874+00:00,5.0,5.4,7.279195789590933,2,3.4000000000000004,3.4000000000000004,5.279195789590933,5.279195789590933,0.0,OK,7,Thursday,2026-09-03
2026-09-03 07:33:00+00:00,2026-09-03 07:24:58.115874+00:00,8.0,5.5,7.4139957116203945,2,3.5,3.5,5.4139957116203945,5.4139957116203945,0.0,OK,7,Thursday,2026-09-03
2026-09-03 07:36:00+00:00,2026-09-03 07:34:36.420757+00:00,1.4,5.2,7.009595945532009,10,-4.8,4.8,-2.990404054467991,2.990404054467991,0.0,OK,7,Thursday,2026-09-03
2026-09-03 07:39:00+00:00,2026-09-03 07:34:36.420757+00:00,4.4,5.3,7.144395867561471,11,-5.7,5.7,-3.855604132438529,3.855604132438529,0.0,OK,7,Thursday,2026-09-03
2026-09-03 07:42:00+00:00,2026-09-03 07:34:36.420757+00:00,7.4,5.5,7.4139957116203945,12,-6.5,6.5,-4.5860042883796055,4.5860042883796055,0.0,OK,7,Thursday,2026-09-03
2026-09-03 07:45:00+00:00,2026-09-03 07:44:45.457445+00:00,0.2,6.9,9.30119462003286,12,-5.1,5.1,-2.6988053799671405,2.6988053799671405,0.0,OK,7,Thursday,2026-09-03
2026-09-03 07:48:00+00:00,2026-09-03 07:44:45.457445+00:00,3.2,6.4,8.62719500988555,2,4.4,4.4,6.6271950098855505,6.6271950098855505,0.0,OK,7,Thursday,2026-09-03
2026-09-03 07:51:00+00:00,2026-09-03 07:44:45.457445+00:00,6.2,6.0,8.087995321767703,3,3.0,3.0,5.087995321767703,5.087995321767703,0.0,OK,7,Thursday,2026-09-03
2026-09-03 07:54:00+00:00,2026-09-03 07:54:17.917473+00:00,-0.3,4.1,5.5267968032079295,1,3.0999999999999996,3.0999999999999996,4.5267968032079295,4.5267968032079295,0.0,OK,7,Thursday,2026-09-03
2026-09-03 07:57:00+00:00,2026-09-03 07:54:17.917473+00:00,2.7,4.2,5.661596725237392,8,-3.8,3.8,-2.338403274762608,2.338403274762608,0.0,OK,7,Thursday,2026-09-03
2026-09-03 08:00:00+00:00,2026-09-03 07:54:17.917473+00:00,5.7,4.3,5.796396647266854,11,-6.7,6.7,-5.203603352733146,5.203603352733146,0.0,OK,8,Thursday,2026-09-03
2026-09-03 08:03:00+00:00,2026-09-03 07:54:17.917473+00:00,8.7,4.5,6.065996491325778,12,-7.5,7.5,-5.934003508674222,5.934003508674222,0.0,OK,8,Thursday,2026-09-03
2026-09-03 08:06:00+00:00,2026-09-03 08:04:30.831018+00:00,1.5,8.4,11.323193450474784,7,1.4000000000000004,1.4000000000000004,4.323193450474784,4.323193450474784,0.0,OK,8,Thursday,2026-09-03
2026-09-03 08:09:00+00:00,2026-09-03 08:04:30.831018+00:00,4.5,8.4,11.323193450474784,4,4.4,4.4,7.323193450474784,7.323193450474784,0.0,OK,8,Thursday,2026-09-03
2026-09-03 08:12:00+00:00,2026-09-03 08:04:30.831018+00:00,7.5,8.1,10.918793684386399,9,-0.9000000000000004,0.9000000000000004,1.918793684386399,1.918793684386399,0.0,OK,8,Thursday,2026-09-03
2026-09-03 08:15:00+00:00,2026-09-03 08:14:28.648384+00:00,0.5,6.3,8.492395087856089,1,5.3,5.3,7.492395087856089,7.492395087856089,0.0,OK,8,Thursday,2026-09-03
2026-09-03 08:18:00+00:00,2026-09-03 08:14:28.648384+00:00,3.5,5.9,7.953195399738242,4,1.9000000000000004,1.9000000000000004,3.9531953997382416,3.9531953997382416,0.0,OK,8,Thursday,2026-09-03
2026-09-03 08:21:00+00:00,2026-09-03 08:14:28.648384+00:00,6.5,5.9,7.953195399738242,2,3.9000000000000004,3.9000000000000004,5.953195399738242,5.953195399738242,0.0,OK,8,Thursday,2026-09-03
2026-09-03 08:24:00+00:00,2026-09-03 08:24:54.092006+00:00,-0.9,4.3,5.796396647266854,6,-1.7000000000000002,1.7000000000000002,-0.203603352733146,0.203603352733146,0.0,OK,8,Thursday,2026-09-03
2026-09-03 08:27:00+00:00,2026-09-03 08:24:54.092006+00:00,2.1,4.6,6.2007964133552385,6,-1.4000000000000004,1.4000000000000004,0.20079641335523846,0.20079641335523846,0.0,OK,8,Thursday,2026-09-03
2026-09-03 08:30:00+00:00,2026-09-03 08:24:54.092006+00:00,5.1,4.9,6.605196179443625,2,2.9000000000000004,2.9000000000000004,4.605196179443625,4.605196179443625,0.0,OK,8,Thursday,2026-09-03
2026-09-03 08:33:00+00:00,2026-09-03 08:24:54.092006+00:00,8.1,5.1,6.874796023502547,6,-0.9000000000000004,0.9000000000000004,0.8747960235025474,0.8747960235025474,0.0,OK,8,Thursday,2026-09-03
2026-09-03 08:36:00+00:00,2026-09-03 08:34:27.906399+00:00,1.5,5.7,7.683595555679318,8,-2.3,2.3,-0.31640444432068193,0.31640444432068193,0.0,OK,8,Thursday,2026-09-03
2026-09-03 08:39:00+00:00,2026-09-03 08:34:27.906399+00:00,4.5,5.5,7.4139957116203945,8,-2.5,2.5,-0.5860042883796055,0.5860042883796055,0.0,OK,8,Thursday,2026-09-03
2026-09-03 08:42:00+00:00,2026-09-03 08:34:27.906399+00:00,7.5,5.7,7.683595555679318,2,3.7,3.7,5.683595555679318,5.683595555679318,0.0,OK,8,Thursday,2026-09-03
2026-09-03 08:45:00+00:00,2026-09-03 08:44:39.814775+00:00,0.3,7.9,10.649193840327476,3,4.9,4.9,7.6491938403274755,7.6491938403274755,0.0,OK,8,Thursday,2026-09-03
2026-09-03 08:48:00+00:00,2026-09-03 08:44:39.814775+00:00,3.3,7.7,10.379593996268552,7,0.7000000000000002,0.7000000000000002,3.379593996268552,3.379593996268552,0.0,OK,8,Thursday,2026-09-03
2026-09-03 08:51:00+00:00,2026-09-03 08:44:39.814775+00:00,6.3,7.5,10.109994152209628,1,6.5,6.5,9.109994152209628,9.109994152209628,0.0,OK,8,Thursday,2026-09-03
2026-09-03 08:54:00+00:00,2026-09-03 08:54:19.776297+00:00,-0.3,5.1,6.874796023502547,3,2.0999999999999996,2.0999999999999996,3.8747960235025474,3.8747960235025474,0.0,OK,8,Thursday,2026-09-03
2026-09-03 08:57:00+00:00,2026-09-03 08:54:19.776297+00:00,2.7,5.2,7.009595945532009,8,-2.8,2.8,-0.9904040544679908,0.9904040544679908,0.0,OK,8,Thursday,2026-09-03
2026-09-03 09:00:00+00:00,2026-09-03 08:54:19.776297+00:00,5.7,5.5,7.4139957116203945,2,3.5,3.5,5.4139957116203945,5.4139957116203945,0.0,OK,9,Thursday,2026-09-03
2026-09-03 09:03:00+00:00,2026-09-03 08:54:19.776297+00:00,8.7,5.7,7.683595555679318,9,-3.3,3.3,-1.316404444320682,1.316404444320682,0.0,OK,9,Thursday,2026-09-03
2026-09-03 09:06:00+00:00,2026-09-03 09:05:03.557319+00:00,0.9,5.2,7.009595945532009,2,3.2,3.2,5.009595945532009,5.009595945532009,0.0,OK,9,Thursday,2026-09-03
2026-09-03 09:09:00+00:00,2026-09-03 09:05:03.557319+00:00,3.9,5.3,7.144395867561471,9,-3.7,3.7,-1.855604132438529,1.855604132438529,0.0,OK,9,Thursday,2026-09-03
2026-09-03 09:12:00+00:00,2026-09-03 09:05:03.557319+00:00,6.9,5.4,7.279195789590933,5,0.40000000000000036,0.40000000000000036,2.2791957895909327,2.2791957895909327,0.0,OK,9,Thursday,2026-09-03
2026-09-03 09:15:00+00:00,2026-09-03 09:14:18.448426+00:00,0.7,8.1,10.918793684386399,9,-0.9000000000000004,0.9000000000000004,1.918793684386399,1.918793684386399,0.0,OK,9,Thursday,2026-09-03
2026-09-03 09:18:00+00:00,2026-09-03 09:14:18.448426+00:00,3.7,8.2,11.053593606415859,3,5.199999999999999,5.199999999999999,8.053593606415859,8.053593606415859,0.0,OK,9,Thursday,2026-09-03
2026-09-03 09:21:00+00:00,2026-09-03 09:14:18.448426+00:00,6.7,8.2,11.053593606415859,9,-0.8000000000000007,0.8000000000000007,2.053593606415859,2.053593606415859,0.0,OK,9,Thursday,2026-09-03
2026-09-03 09:24:00+00:00,2026-09-03 09:24:33.700123+00:00,-0.6,6.7,9.031594775973936,1,5.7,5.7,8.031594775973936,8.031594775973936,0.0,OK,9,Thursday,2026-09-03
2026-09-03 09:27:00+00:00,2026-09-03 09:24:33.700123+00:00,2.4,6.7,9.031594775973936,2,4.7,4.7,7.031594775973936,7.031594775973936,0.0,OK,9,Thursday,2026-09-03
2026-09-03 09:30:00+00:00,2026-09-03 09:24:33.700123+00:00,5.4,6.7,9.031594775973936,2,4.7,4.7,7.031594775973936,7.031594775973936,0.0,OK,9,Thursday,2026-09-03
2026-09-03 09:33:00+00:00,2026-09-03 09:24:33.700123+00:00,8.4,6.9,9.30119462003286,7,-0.09999999999999964,0.09999999999999964,2.3011946200328595,2.3011946200328595,0.0,OK,9,Thursday,2026-09-03
2026-09-03 09:36:00+00:00,2026-09-03 09:34:29.491567+00:00,1.5,5.4,7.279195789590933,4,1.4000000000000004,1.4000000000000004,3.2791957895909327,3.2791957895909327,0.0,OK,9,Thursday,2026-09-03
2026-09-03 09:39:00+00:00,2026-09-03 09:34:29.491567+00:00,4.5,5.6,7.548795633649855,10,-4.4,4.4,-2.4512043663501446,2.4512043663501446,0.0,OK,9,Thursday,2026-09-03
2026-09-03 09:42:00+00:00,2026-09-03 09:34:29.491567+00:00,7.5,5.8,7.818395477708779,12,-6.2,6.2,-4.181604522291221,4.181604522291221,0.0,OK,9,Thursday,2026-09-03
2026-09-03 09:45:00+00:00,2026-09-03 09:44:36.703011+00:00,0.4,7.2,9.705594386121243,16,-8.8,8.8,-6.294405613878757,6.294405613878757,0.0,OK,9,Thursday,2026-09-03
2026-09-03 09:48:00+00:00,2026-09-03 09:44:36.703011+00:00,3.4,7.1,9.570794464091781,7,0.09999999999999964,0.09999999999999964,2.5707944640917813,2.5707944640917813,0.0,OK,9,Thursday,2026-09-03
2026-09-03 09:51:00+00:00,2026-09-03 09:44:36.703011+00:00,6.4,7.2,9.705594386121243,6,1.2000000000000002,1.2000000000000002,3.705594386121243,3.705594386121243,0.0,OK,9,Thursday,2026-09-03
2026-09-03 09:54:00+00:00,2026-09-03 09:54:31.989966+00:00,-0.5,7.2,9.705594386121243,9,-1.7999999999999998,1.7999999999999998,0.705594386121243,0.705594386121243,0.0,OK,9,Thursday,2026-09-03
2026-09-03 09:57:00+00:00,2026-09-03 09:54:31.989966+00:00,2.5,7.2,9.705594386121243,6,1.2000000000000002,1.2000000000000002,3.705594386121243,3.705594386121243,0.0,OK,9,Thursday,2026-09-03
2026-09-03 10:00:00+00:00,2026-09-03 09:54:31.989966+00:00,5.5,7.3,9.840394308150705,9,-1.7000000000000002,1.7000000000000002,0.8403943081507048,0.8403943081507048,0.0,OK,10,Thursday,2026-09-03
2026-09-03 10:03:00+00:00,2026-09-03 09:54:31.989966+00:00,8.5,7.4,9.975194230180167,10,-2.5999999999999996,2.5999999999999996,-0.0248057698198334,0.0248057698198334,0.0,OK,10,Thursday,2026-09-03
2026-09-03 10:06:00+00:00,2026-09-03 10:04:44.784110+00:00,1.3,8.7,11.727593216563168,8,0.6999999999999993,0.6999999999999993,3.727593216563168,3.727593216563168,0.0,OK,10,Thursday,2026-09-03
2026-09-03 10:09:00+00:00,2026-09-03 10:04:44.784110+00:00,4.3,8.9,11.997193060622093,9,-0.09999999999999964,0.09999999999999964,2.9971930606220933,2.9971930606220933,0.0,OK,10,Thursday,2026-09-03
2026-09-03 10:12:00+00:00,2026-09-03 10:04:44.784110+00:00,7.3,8.7,11.727593216563168,27,-18.3,18.3,-15.272406783436832,15.272406783436832,0.0,OK,10,Thursday,2026-09-03
2026-09-03 10:15:00+00:00,2026-09-03 10:15:05.684072+00:00,-0.1,7.7,10.379593996268552,29,-21.3,21.3,-18.620406003731446,18.620406003731446,0.0,OK,10,Thursday,2026-09-03
2026-09-03 10:18:00+00:00,2026-09-03 10:15:05.684072+00:00,2.9,7.7,10.379593996268552,27,-19.3,19.3,-16.620406003731446,16.620406003731446,0.0,OK,10,Thursday,2026-09-03
2026-09-03 10:21:00+00:00,2026-09-03 10:15:05.684072+00:00,5.9,7.8,10.514393918298014,15,-7.2,7.2,-4.485606081701986,4.485606081701986,0.0,OK,10,Thursday,2026-09-03
2026-09-03 10:24:00+00:00,2026-09-03 10:24:55.985258+00:00,-0.9,14.3,19.276388850213028,1,13.3,13.3,18.276388850213028,18.276388850213028,0.0,OK,10,Thursday,2026-09-03
2026-09-03 10:27:00+00:00,2026-09-03 10:24:55.985258+00:00,2.1,12.8,17.2543900197711,11,1.8000000000000007,1.8000000000000007,6.254390019771101,6.254390019771101,0.0,OK,10,Thursday,2026-09-03
2026-09-03 10:30:00+00:00,2026-09-03 10:24:55.985258+00:00,5.1,12.0,16.175990643535407,17,-5.0,5.0,-0.8240093564645932,0.8240093564645932,0.0,OK,10,Thursday,2026-09-03
2026-09-03 10:33:00+00:00,2026-09-03 10:24:55.985258+00:00,8.1,11.7,15.77159087744702,2,9.7,9.7,13.77159087744702,13.77159087744702,0.0,OK,10,Thursday,2026-09-03
2026-09-03 10:36:00+00:00,2026-09-03 10:35:03.759116+00:00,0.9,11.8,15.906390799476483,5,6.800000000000001,6.800000000000001,10.906390799476483,10.906390799476483,0.0,OK,10,Thursday,2026-09-03
2026-09-03 10:39:00+00:00,2026-09-03 10:35:03.759116+00:00,3.9,11.6,15.636790955417558,4,7.6,7.6,11.636790955417558,11.636790955417558,0.0,OK,10,Thursday,2026-09-03
2026-09-03 10:42:00+00:00,2026-09-03 10:35:03.759116+00:00,6.9,11.8,15.906390799476483,8,3.8000000000000007,3.8000000000000007,7.906390799476483,7.906390799476483,0.0,OK,10,Thursday,2026-09-03
2026-09-03 10:45:00+00:00,2026-09-03 10:44:37.801442+00:00,0.4,5.6,7.548795633649855,6,-0.40000000000000036,0.40000000000000036,1.5487956336498554,1.5487956336498554,0.0,OK,10,Thursday,2026-09-03
2026-09-03 10:48:00+00:00,2026-09-03 10:44:37.801442+00:00,3.4,5.7,7.683595555679318,9,-3.3,3.3,-1.316404444320682,1.316404444320682,0.0,OK,10,Thursday,2026-09-03
2026-09-03 10:51:00+00:00,2026-09-03 10:44:37.801442+00:00,6.4,5.9,7.953195399738242,12,-6.1,6.1,-4.046804600261758,4.046804600261758,0.0,OK,10,Thursday,2026-09-03
2026-09-03 10:54:00+00:00,2026-09-03 10:54:26.052022+00:00,-0.4,7.2,9.705594386121243,14,-6.8,6.8,-4.294405613878757,4.294405613878757,0.0,OK,10,Thursday,2026-09-03
2026-09-03 10:57:00+00:00,2026-09-03 10:54:26.052022+00:00,2.6,7.1,9.570794464091781,6,1.0999999999999996,1.0999999999999996,3.5707944640917813,3.5707944640917813,0.0,OK,10,Thursday,2026-09-03
2026-09-03 11:00:00+00:00,2026-09-03 10:54:26.052022+00:00,5.6,6.9,9.30119462003286,6,0.9000000000000004,0.9000000000000004,3.3011946200328595,3.3011946200328595,0.0,OK,11,Thursday,2026-09-03
2026-09-03 11:03:00+00:00,2026-09-03 10:54:26.052022+00:00,8.6,6.7,9.031594775973936,3,3.7,3.7,6.031594775973936,6.031594775973936,0.0,OK,11,Thursday,2026-09-03
2026-09-03 11:06:00+00:00,2026-09-03 11:04:51.731099+00:00,1.1,6.2,8.357595165826627,8,-1.7999999999999998,1.7999999999999998,0.357595165826627,0.357595165826627,0.0,OK,11,Thursday,2026-09-03
2026-09-03 11:09:00+00:00,2026-09-03 11:04:51.731099+00:00,4.1,6.2,8.357595165826627,11,-4.8,4.8,-2.642404834173373,2.642404834173373,0.0,OK,11,Thursday,2026-09-03
2026-09-03 11:12:00+00:00,2026-09-03 11:04:51.731099+00:00,7.1,6.1,8.222795243797163,14,-7.9,7.9,-5.777204756202837,5.777204756202837,0.0,OK,11,Thursday,2026-09-03
2026-09-03 11:15:00+00:00,2026-09-03 11:14:39.667299+00:00,0.3,5.4,7.279195789590933,9,-3.5999999999999996,3.5999999999999996,-1.7208042104090673,1.7208042104090673,0.0,OK,11,Thursday,2026-09-03
2026-09-03 11:18:00+00:00,2026-09-03 11:14:39.667299+00:00,3.3,5.0,6.739996101473086,8,-3.0,3.0,-1.2600038985269144,1.2600038985269144,0.0,OK,11,Thursday,2026-09-03
2026-09-03 11:21:00+00:00,2026-09-03 11:14:39.667299+00:00,6.3,4.9,6.605196179443625,1,3.9000000000000004,3.9000000000000004,5.605196179443625,5.605196179443625,0.0,OK,11,Thursday,2026-09-03
2026-09-03 11:24:00+00:00,2026-09-03 11:24:36.702005+00:00,-0.6,7.1,9.570794464091781,3,4.1,4.1,6.570794464091781,6.570794464091781,0.0,OK,11,Thursday,2026-09-03
2026-09-03 11:27:00+00:00,2026-09-03 11:24:36.702005+00:00,2.4,7.0,9.43599454206232,5,2.0,2.0,4.4359945420623195,4.4359945420623195,0.0,OK,11,Thursday,2026-09-03
2026-09-03 11:30:00+00:00,2026-09-03 11:24:36.702005+00:00,5.4,6.9,9.30119462003286,4,2.9000000000000004,2.9000000000000004,5.3011946200328595,5.3011946200328595,0.0,OK,11,Thursday,2026-09-03
2026-09-03 11:33:00+00:00,2026-09-03 11:24:36.702005+00:00,8.4,6.8,9.166394698003396,3,3.8,3.8,6.166394698003396,6.166394698003396,0.0,OK,11,Thursday,2026-09-03
2026-09-03 11:36:00+00:00,2026-09-03 11:37:09.859965+00:00,-1.2,4.2,5.661596725237392,14,-9.8,9.8,-8.338403274762609,8.338403274762609,0.0,OK,11,Thursday,2026-09-03
2026-09-03 11:39:00+00:00,2026-09-03 11:37:09.859965+00:00,1.8,4.3,5.796396647266854,16,-11.7,11.7,-10.203603352733147,10.203603352733147,0.0,OK,11,Thursday,2026-09-03
2026-09-03 11:42:00+00:00,2026-09-03 11:37:09.859965+00:00,4.8,4.6,6.2007964133552385,18,-13.4,13.4,-11.799203586644762,11.799203586644762,0.0,OK,11,Thursday,2026-09-03
2026-09-03 11:45:00+00:00,2026-09-03 11:44:22.972857+00:00,0.6,7.2,9.705594386121243,14,-6.8,6.8,-4.294405613878757,4.294405613878757,0.0,OK,11,Thursday,2026-09-03
2026-09-03 11:48:00+00:00,2026-09-03 11:44:22.972857+00:00,3.6,6.8,9.166394698003396,16,-9.2,9.2,-6.833605301996604,6.833605301996604,0.0,OK,11,Thursday,2026-09-03
2026-09-03 11:51:00+00:00,2026-09-03 11:44:22.972857+00:00,6.6,6.5,8.761994931915012,12,-5.5,5.5,-3.2380050680849877,3.2380050680849877,0.0,OK,11,Thursday,2026-09-03
2026-09-03 11:54:00+00:00,2026-09-03 11:54:32.506844+00:00,-0.5,7.7,10.379593996268552,6,1.7000000000000002,1.7000000000000002,4.379593996268552,4.379593996268552,0.0,OK,11,Thursday,2026-09-03
2026-09-03 11:57:00+00:00,2026-09-03 11:54:32.506844+00:00,2.5,7.2,9.705594386121243,4,3.2,3.2,5.705594386121243,5.705594386121243,0.0,OK,11,Thursday,2026-09-03
2026-09-03 12:00:00+00:00,2026-09-03 11:54:32.506844+00:00,5.5,7.0,9.43599454206232,3,4.0,4.0,6.4359945420623195,6.4359945420623195,0.0,OK,12,Thursday,2026-09-03
2026-09-03 12:03:00+00:00,2026-09-03 11:54:32.506844+00:00,8.5,7.0,9.43599454206232,2,5.0,5.0,7.4359945420623195,7.4359945420623195,0.0,OK,12,Thursday,2026-09-03
2026-09-03 12:06:00+00:00,2026-09-03 12:06:14.069850+00:00,-0.2,4.3,5.796396647266854,5,-0.7000000000000002,0.7000000000000002,0.796396647266854,0.796396647266854,0.0,OK,12,Thursday,2026-09-03
2026-09-03 12:09:00+00:00,2026-09-03 12:06:14.069850+00:00,2.8,4.8,6.470396257414162,7,-2.2,2.2,-0.529603742585838,0.529603742585838,0.0,OK,12,Thursday,2026-09-03
2026-09-03 12:12:00+00:00,2026-09-03 12:06:14.069850+00:00,5.8,5.1,6.874796023502547,10,-4.9,4.9,-3.1252039764974526,3.1252039764974526,0.0,OK,12,Thursday,2026-09-03
2026-09-03 12:15:00+00:00,2026-09-03 12:14:49.780556+00:00,0.2,4.6,6.2007964133552385,7,-2.4000000000000004,2.4000000000000004,-0.7992035866447615,0.7992035866447615,0.0,OK,12,Thursday,2026-09-03
2026-09-03 12:18:00+00:00,2026-09-03 12:14:49.780556+00:00,3.2,4.6,6.2007964133552385,3,1.5999999999999996,1.5999999999999996,3.2007964133552385,3.2007964133552385,0.0,OK,12,Thursday,2026-09-03
2026-09-03 12:21:00+00:00,2026-09-03 12:14:49.780556+00:00,6.2,4.7,6.335596335384701,12,-7.3,7.3,-5.664403664615299,5.664403664615299,0.0,OK,12,Thursday,2026-09-03
2026-09-03 12:24:00+00:00,2026-09-03 12:24:56.086173+00:00,-0.9,4.4,5.931196569296316,10,-5.6,5.6,-4.068803430703684,4.068803430703684,0.0,OK,12,Thursday,2026-09-03
2026-09-03 12:27:00+00:00,2026-09-03 12:24:56.086173+00:00,2.1,4.5,6.065996491325778,6,-1.5,1.5,0.06599649132577756,0.06599649132577756,0.0,OK,12,Thursday,2026-09-03
2026-09-03 12:30:00+00:00,2026-09-03 12:24:56.086173+00:00,5.1,4.6,6.2007964133552385,3,1.5999999999999996,1.5999999999999996,3.2007964133552385,3.2007964133552385,0.0,OK,12,Thursday,2026-09-03
2026-09-03 12:33:00+00:00,2026-09-03 12:24:56.086173+00:00,8.1,4.9,6.605196179443625,3,1.9000000000000004,1.9000000000000004,3.6051961794436247,3.6051961794436247,0.0,OK,12,Thursday,2026-09-03
2026-09-03 12:36:00+00:00,2026-09-03 12:34:44.217915+00:00,1.3,4.5,6.065996491325778,3,1.5,1.5,3.0659964913257776,3.0659964913257776,0.0,OK,12,Thursday,2026-09-03
2026-09-03 12:39:00+00:00,2026-09-03 12:34:44.217915+00:00,4.3,4.3,5.796396647266854,7,-2.7,2.7,-1.203603352733146,1.203603352733146,0.0,OK,12,Thursday,2026-09-03
2026-09-03 12:42:00+00:00,2026-09-03 12:34:44.217915+00:00,7.3,4.3,5.796396647266854,11,-6.7,6.7,-5.203603352733146,5.203603352733146,0.0,OK,12,Thursday,2026-09-03
2026-09-03 12:45:00+00:00,2026-09-03 12:44:17.027201+00:00,0.7,4.2,5.661596725237392,4,0.20000000000000018,0.20000000000000018,1.6615967252373922,1.6615967252373922,0.0,OK,12,Thursday,2026-09-03
2026-09-03 12:48:00+00:00,2026-09-03 12:44:17.027201+00:00,3.7,4.0,5.391996881178469,3,1.0,1.0,2.3919968811784686,2.3919968811784686,0.0,OK,12,Thursday,2026-09-03
2026-09-03 12:54:00+00:00,2026-09-03 12:55:08.156543+00:00,-1.1,4.1,5.5267968032079295,1,3.0999999999999996,3.0999999999999996,4.5267968032079295,4.5267968032079295,0.0,OK,12,Thursday,2026-09-03
2026-09-03 12:57:00+00:00,2026-09-03 12:55:08.156543+00:00,1.9,4.0,5.391996881178469,4,0.0,0.0,1.3919968811784686,1.3919968811784686,0.0,OK,12,Thursday,2026-09-03
2026-09-03 13:00:00+00:00,2026-09-03 12:55:08.156543+00:00,4.9,4.2,5.661596725237392,3,1.2000000000000002,1.2000000000000002,2.661596725237392,2.661596725237392,0.0,OK,13,Thursday,2026-09-03
2026-09-03 13:03:00+00:00,2026-09-03 12:55:08.156543+00:00,7.9,4.2,5.661596725237392,7,-2.8,2.8,-1.3384032747626078,1.3384032747626078,0.0,OK,13,Thursday,2026-09-03
2026-09-03 13:06:00+00:00,2026-09-03 13:04:11.779203+00:00,1.8,4.0,5.391996881178469,5,-1.0,1.0,0.39199688117846865,0.39199688117846865,0.0,OK,13,Thursday,2026-09-03
2026-09-03 13:09:00+00:00,2026-09-03 13:04:11.779203+00:00,4.8,3.9,5.257196959149007,2,1.9,1.9,3.257196959149007,3.257196959149007,0.0,OK,13,Thursday,2026-09-03
2026-09-03 13:12:00+00:00,2026-09-03 13:04:11.779203+00:00,7.8,4.1,5.5267968032079295,3,1.0999999999999996,1.0999999999999996,2.5267968032079295,2.5267968032079295,0.0,OK,13,Thursday,2026-09-03
2026-09-03 13:15:00+00:00,2026-09-03 13:14:25.163818+00:00,0.6,4.1,5.5267968032079295,4,0.09999999999999964,0.09999999999999964,1.5267968032079295,1.5267968032079295,0.0,OK,13,Thursday,2026-09-03
2026-09-03 13:18:00+00:00,2026-09-03 13:14:25.163818+00:00,3.6,4.0,5.391996881178469,6,-2.0,2.0,-0.6080031188215314,0.6080031188215314,0.0,OK,13,Thursday,2026-09-03
2026-09-03 13:21:00+00:00,2026-09-03 13:14:25.163818+00:00,6.6,4.1,5.5267968032079295,5,-0.9000000000000004,0.9000000000000004,0.5267968032079295,0.5267968032079295,0.0,OK,13,Thursday,2026-09-03
2026-09-03 13:24:00+00:00,2026-09-03 13:24:29.141832+00:00,-0.5,4.1,5.5267968032079295,2,2.0999999999999996,2.0999999999999996,3.5267968032079295,3.5267968032079295,0.0,OK,13,Thursday,2026-09-03
2026-09-03 13:27:00+00:00,2026-09-03 13:24:29.141832+00:00,2.5,4.1,5.5267968032079295,2,2.0999999999999996,2.0999999999999996,3.5267968032079295,3.5267968032079295,0.0,OK,13,Thursday,2026-09-03
2026-09-03 13:30:00+00:00,2026-09-03 13:24:29.141832+00:00,5.5,4.1,5.5267968032079295,4,0.09999999999999964,0.09999999999999964,1.5267968032079295,1.5267968032079295,0.0,OK,13,Thursday,2026-09-03
2026-09-03 13:33:00+00:00,2026-09-03 13:24:29.141832+00:00,8.5,4.1,5.5267968032079295,2,2.0999999999999996,2.0999999999999996,3.5267968032079295,3.5267968032079295,0.0,OK,13,Thursday,2026-09-03
2026-09-03 13:36:00+00:00,2026-09-03 13:34:09.905153+00:00,1.8,3.5,4.71799727103116,5,-1.5,1.5,-0.28200272896884027,0.28200272896884027,0.0,OK,13,Thursday,2026-09-03
2026-09-03 13:39:00+00:00,2026-09-03 13:34:09.905153+00:00,4.8,3.7,4.987597115090083,1,2.7,2.7,3.9875971150900833,3.9875971150900833,0.0,OK,13,Thursday,2026-09-03
2026-09-03 13:42:00+00:00,2026-09-03 13:34:09.905153+00:00,7.8,3.8,5.122397037119545,4,-0.20000000000000018,0.20000000000000018,1.122397037119545,1.122397037119545,0.0,OK,13,Thursday,2026-09-03
2026-09-03 13:45:00+00:00,2026-09-03 13:44:08.802699+00:00,0.9,2.6,3.5047979727660046,5,-2.4,2.4,-1.4952020272339954,1.4952020272339954,0.0,OK,13,Thursday,2026-09-03
2026-09-03 13:48:00+00:00,2026-09-03 13:44:08.802699+00:00,3.9,2.7,3.6395978947954664,6,-3.3,3.3,-2.3604021052045336,2.3604021052045336,0.0,OK,13,Thursday,2026-09-03
2026-09-03 13:51:00+00:00,2026-09-03 13:44:08.802699+00:00,6.9,2.8,3.7743978168249277,7,-4.2,4.2,-3.2256021831750723,3.2256021831750723,0.0,OK,13,Thursday,2026-09-03
2026-09-03 13:54:00+00:00,2026-09-03 13:54:36.418093+00:00,-0.6,5.0,6.739996101473086,7,-2.0,2.0,-0.2600038985269144,0.2600038985269144,0.0,OK,13,Thursday,2026-09-03
2026-09-03 13:57:00+00:00,2026-09-03 13:54:36.418093+00:00,2.4,4.9,6.605196179443625,13,-8.1,8.1,-6.394803820556375,6.394803820556375,0.0,OK,13,Thursday,2026-09-03
2026-09-03 14:00:00+00:00,2026-09-03 13:54:36.418093+00:00,5.4,4.8,6.470396257414162,8,-3.2,3.2,-1.529603742585838,1.529603742585838,0.0,OK,14,Thursday,2026-09-03
2026-09-03 14:03:00+00:00,2026-09-03 13:54:36.418093+00:00,8.4,4.9,6.605196179443625,8,-3.0999999999999996,3.0999999999999996,-1.3948038205563753,1.3948038205563753,0.0,OK,14,Thursday,2026-09-03
2026-09-03 14:06:00+00:00,2026-09-03 14:04:38.201908+00:00,1.4,6.6,8.896794853944472,12,-5.4,5.4,-3.1032051460555277,3.1032051460555277,0.0,OK,14,Thursday,2026-09-03
2026-09-03 14:09:00+00:00,2026-09-03 14:04:38.201908+00:00,4.4,6.2,8.357595165826627,10,-3.8,3.8,-1.642404834173373,1.642404834173373,0.0,OK,14,Thursday,2026-09-03
2026-09-03 14:12:00+00:00,2026-09-03 14:04:38.201908+00:00,7.4,6.1,8.222795243797163,7,-0.9000000000000004,0.9000000000000004,1.2227952437971634,1.2227952437971634,0.0,OK,14,Thursday,2026-09-03
2026-09-03 14:15:00+00:00,2026-09-03 14:14:18.215129+00:00,0.7,6.0,8.087995321767703,7,-1.0,1.0,1.0879953217677034,1.0879953217677034,0.0,OK,14,Thursday,2026-09-03
2026-09-03 14:18:00+00:00,2026-09-03 14:14:18.215129+00:00,3.7,5.9,7.953195399738242,6,-0.09999999999999964,0.09999999999999964,1.9531953997382416,1.9531953997382416,0.0,OK,14,Thursday,2026-09-03
2026-09-03 14:21:00+00:00,2026-09-03 14:14:18.215129+00:00,6.7,6.1,8.222795243797163,9,-2.9000000000000004,2.9000000000000004,-0.7772047562028366,0.7772047562028366,0.0,OK,14,Thursday,2026-09-03
2026-09-03 14:24:00+00:00,2026-09-03 14:24:13.460891+00:00,-0.2,6.8,9.166394698003396,3,3.8,3.8,6.166394698003396,6.166394698003396,0.0,OK,14,Thursday,2026-09-03
2026-09-03 14:27:00+00:00,2026-09-03 14:24:13.460891+00:00,2.8,6.9,9.30119462003286,3,3.9000000000000004,3.9000000000000004,6.3011946200328595,6.3011946200328595,0.0,OK,14,Thursday,2026-09-03
2026-09-03 14:30:00+00:00,2026-09-03 14:24:13.460891+00:00,5.8,6.8,9.166394698003396,4,2.8,2.8,5.166394698003396,5.166394698003396,0.0,OK,14,Thursday,2026-09-03
2026-09-03 14:33:00+00:00,2026-09-03 14:24:13.460891+00:00,8.8,6.8,9.166394698003396,6,0.7999999999999998,0.7999999999999998,3.166394698003396,3.166394698003396,0.0,OK,14,Thursday,2026-09-03
2026-09-03 14:36:00+00:00,2026-09-03 14:34:47.807491+00:00,1.2,4.8,6.470396257414162,11,-6.2,6.2,-4.529603742585838,4.529603742585838,0.0,OK,14,Thursday,2026-09-03
2026-09-03 14:39:00+00:00,2026-09-03 14:34:47.807491+00:00,4.2,5.1,6.874796023502547,12,-6.9,6.9,-5.125203976497453,5.125203976497453,0.0,OK,14,Thursday,2026-09-03
2026-09-03 14:42:00+00:00,2026-09-03 14:34:47.807491+00:00,7.2,5.2,7.009595945532009,9,-3.8,3.8,-1.9904040544679908,1.9904040544679908,0.0,OK,14,Thursday,2026-09-03
2026-09-03 14:45:00+00:00,2026-09-03 14:44:47.002715+00:00,0.2,6.1,8.222795243797163,9,-2.9000000000000004,2.9000000000000004,-0.7772047562028366,0.7772047562028366,0.0,OK,14,Thursday,2026-09-03
2026-09-03 14:48:00+00:00,2026-09-03 14:44:47.002715+00:00,3.2,5.6,7.548795633649855,10,-4.4,4.4,-2.4512043663501446,2.4512043663501446,0.0,OK,14,Thursday,2026-09-03
2026-09-03 14:51:00+00:00,2026-09-03 14:44:47.002715+00:00,6.2,5.4,7.279195789590933,18,-12.6,12.6,-10.720804210409067,10.720804210409067,0.0,OK,14,Thursday,2026-09-03
2026-09-03 14:54:00+00:00,2026-09-03 14:54:57.009843+00:00,-1.0,8.9,11.997193060622093,7,1.9000000000000004,1.9000000000000004,4.997193060622093,4.997193060622093,0.0,OK,14,Thursday,2026-09-03
2026-09-03 14:57:00+00:00,2026-09-03 14:54:57.009843+00:00,2.0,8.4,11.323193450474784,5,3.4000000000000004,3.4000000000000004,6.323193450474784,6.323193450474784,0.0,OK,14,Thursday,2026-09-03
2026-09-03 15:00:00+00:00,2026-09-03 14:54:57.009843+00:00,5.0,8.1,10.918793684386399,16,-7.9,7.9,-5.081206315613601,5.081206315613601,0.0,OK,15,Thursday,2026-09-03
2026-09-03 15:03:00+00:00,2026-09-03 14:54:57.009843+00:00,8.0,8.2,11.053593606415859,21,-12.8,12.8,-9.946406393584141,9.946406393584141,0.0,OK,15,Thursday,2026-09-03
2026-09-03 15:06:00+00:00,2026-09-03 15:04:41.000887+00:00,1.3,9.1,12.266792904681015,10,-0.9000000000000004,0.9000000000000004,2.266792904681015,2.266792904681015,0.0,OK,15,Thursday,2026-09-03
2026-09-03 15:09:00+00:00,2026-09-03 15:04:41.000887+00:00,4.3,9.0,12.131992982651555,9,0.0,0.0,3.131992982651555,3.131992982651555,0.0,OK,15,Thursday,2026-09-03
2026-09-03 15:12:00+00:00,2026-09-03 15:04:41.000887+00:00,7.3,8.7,11.727593216563168,8,0.6999999999999993,0.6999999999999993,3.727593216563168,3.727593216563168,0.0,OK,15,Thursday,2026-09-03
2026-09-03 15:15:00+00:00,2026-09-03 15:14:51.670735+00:00,0.1,6.9,9.30119462003286,9,-2.0999999999999996,2.0999999999999996,0.30119462003285946,0.30119462003285946,0.0,OK,15,Thursday,2026-09-03
2026-09-03 15:18:00+00:00,2026-09-03 15:14:51.670735+00:00,3.1,7.1,9.570794464091781,7,0.09999999999999964,0.09999999999999964,2.5707944640917813,2.5707944640917813,0.0,OK,15,Thursday,2026-09-03
2026-09-03 15:21:00+00:00,2026-09-03 15:14:51.670735+00:00,6.1,7.5,10.109994152209628,11,-3.5,3.5,-0.8900058477903716,0.8900058477903716,0.0,OK,15,Thursday,2026-09-03
2026-09-03 15:24:00+00:00,2026-09-03 15:24:30.631794+00:00,-0.5,6.8,9.166394698003396,12,-5.2,5.2,-2.833605301996604,2.833605301996604,0.0,OK,15,Thursday,2026-09-03
2026-09-03 15:27:00+00:00,2026-09-03 15:24:30.631794+00:00,2.5,7.0,9.43599454206232,8,-1.0,1.0,1.4359945420623195,1.4359945420623195,0.0,OK,15,Thursday,2026-09-03
2026-09-03 15:30:00+00:00,2026-09-03 15:24:30.631794+00:00,5.5,7.1,9.570794464091781,12,-4.9,4.9,-2.4292055359082187,2.4292055359082187,0.0,OK,15,Thursday,2026-09-03
2026-09-03 15:33:00+00:00,2026-09-03 15:24:30.631794+00:00,8.5,7.2,9.705594386121243,11,-3.8,3.8,-1.294405613878757,1.294405613878757,0.0,OK,15,Thursday,2026-09-03
2026-09-03 15:36:00+00:00,2026-09-03 15:34:21.186269+00:00,1.6,9.5,12.805992592798862,13,-3.5,3.5,-0.19400740720113774,0.19400740720113774,0.0,OK,15,Thursday,2026-09-03
2026-09-03 15:39:00+00:00,2026-09-03 15:34:21.186269+00:00,4.6,9.3,12.53639274873994,11,-1.6999999999999993,1.6999999999999993,1.5363927487399405,1.5363927487399405,0.0,OK,15,Thursday,2026-09-03
2026-09-03 15:42:00+00:00,2026-09-03 15:34:21.186269+00:00,7.6,9.0,12.131992982651555,11,-2.0,2.0,1.1319929826515551,1.1319929826515551,0.0,OK,15,Thursday,2026-09-03
2026-09-03 15:45:00+00:00,2026-09-03 15:44:22.168306+00:00,0.6,7.3,9.840394308150705,7,0.2999999999999998,0.2999999999999998,2.840394308150705,2.840394308150705,0.0,OK,15,Thursday,2026-09-03
2026-09-03 15:48:00+00:00,2026-09-03 15:44:22.168306+00:00,3.6,6.9,9.30119462003286,9,-2.0999999999999996,2.0999999999999996,0.30119462003285946,0.30119462003285946,0.0,OK,15,Thursday,2026-09-03
2026-09-03 15:51:00+00:00,2026-09-03 15:44:22.168306+00:00,6.6,6.8,9.166394698003396,13,-6.2,6.2,-3.833605301996604,3.833605301996604,0.0,OK,15,Thursday,2026-09-03
2026-09-03 15:54:00+00:00,2026-09-03 15:54:45.814133+00:00,-0.8,9.0,12.131992982651555,5,4.0,4.0,7.131992982651555,7.131992982651555,0.0,OK,15,Thursday,2026-09-03
2026-09-03 15:57:00+00:00,2026-09-03 15:54:45.814133+00:00,2.2,8.9,11.997193060622093,10,-1.0999999999999996,1.0999999999999996,1.9971930606220933,1.9971930606220933,0.0,OK,15,Thursday,2026-09-03
2026-09-03 16:00:00+00:00,2026-09-03 15:54:45.814133+00:00,5.2,8.8,11.862393138592632,7,1.8000000000000007,1.8000000000000007,4.862393138592632,4.862393138592632,0.0,OK,16,Thursday,2026-09-03
2026-09-03 16:03:00+00:00,2026-09-03 15:54:45.814133+00:00,8.2,8.2,11.053593606415859,10,-1.8000000000000007,1.8000000000000007,1.053593606415859,1.053593606415859,0.0,OK,16,Thursday,2026-09-03
2026-09-03 16:06:00+00:00,2026-09-03 16:04:54.331076+00:00,1.1,7.4,9.975194230180167,6,1.4000000000000004,1.4000000000000004,3.9751942301801666,3.9751942301801666,0.0,OK,16,Thursday,2026-09-03
2026-09-03 16:09:00+00:00,2026-09-03 16:04:54.331076+00:00,4.1,7.5,10.109994152209628,15,-7.5,7.5,-4.890005847790372,4.890005847790372,0.0,OK,16,Thursday,2026-09-03
2026-09-03 16:12:00+00:00,2026-09-03 16:04:54.331076+00:00,7.1,7.7,10.379593996268552,7,0.7000000000000002,0.7000000000000002,3.379593996268552,3.379593996268552,0.0,OK,16,Thursday,2026-09-03
2026-09-03 16:15:00+00:00,2026-09-03 16:14:53.993996+00:00,0.1,11.0,14.827991423240789,6,5.0,5.0,8.827991423240789,8.827991423240789,0.0,OK,16,Thursday,2026-09-03
2026-09-03 16:18:00+00:00,2026-09-03 16:14:53.993996+00:00,3.1,11.0,14.827991423240789,13,-2.0,2.0,1.827991423240789,1.827991423240789,0.0,OK,16,Thursday,2026-09-03
2026-09-03 16:21:00+00:00,2026-09-03 16:14:53.993996+00:00,6.1,10.4,14.019191891064018,14,-3.5999999999999996,3.5999999999999996,0.019191891064018307,0.019191891064018307,0.0,OK,16,Thursday,2026-09-03
2026-09-03 16:24:00+00:00,2026-09-03 16:25:29.732054+00:00,-1.5,10.4,14.019191891064018,14,-3.5999999999999996,3.5999999999999996,0.019191891064018307,0.019191891064018307,0.0,OK,16,Thursday,2026-09-03
2026-09-03 16:27:00+00:00,2026-09-03 16:25:29.732054+00:00,1.5,9.9,13.345192280916711,10,-0.09999999999999964,0.09999999999999964,3.345192280916711,3.345192280916711,0.0,OK,16,Thursday,2026-09-03
2026-09-03 16:30:00+00:00,2026-09-03 16:25:29.732054+00:00,4.5,9.6,12.940792514828324,11,-1.4000000000000004,1.4000000000000004,1.940792514828324,1.940792514828324,0.0,OK,16,Thursday,2026-09-03
2026-09-03 16:33:00+00:00,2026-09-03 16:25:29.732054+00:00,7.5,9.2,12.401592826710477,20,-10.8,10.8,-7.598407173289523,7.598407173289523,0.0,OK,16,Thursday,2026-09-03
2026-09-03 16:36:00+00:00,2026-09-03 16:35:42.208359+00:00,0.3,9.2,12.401592826710477,11,-1.8000000000000007,1.8000000000000007,1.401592826710477,1.401592826710477,0.0,OK,16,Thursday,2026-09-03
2026-09-03 16:39:00+00:00,2026-09-03 16:35:42.208359+00:00,3.3,9.4,12.671192670769402,19,-9.6,9.6,-6.328807329230598,6.328807329230598,0.0,OK,16,Thursday,2026-09-03
2026-09-03 16:42:00+00:00,2026-09-03 16:35:42.208359+00:00,6.3,9.6,12.940792514828324,20,-10.4,10.4,-7.059207485171676,7.059207485171676,0.0,OK,16,Thursday,2026-09-03
2026-09-03 16:45:00+00:00,2026-09-03 16:44:34.287040+00:00,0.4,9.0,12.131992982651555,9,0.0,0.0,3.131992982651555,3.131992982651555,0.0,OK,16,Thursday,2026-09-03
2026-09-03 16:48:00+00:00,2026-09-03 16:44:34.287040+00:00,3.4,8.4,11.323193450474784,8,0.40000000000000036,0.40000000000000036,3.3231934504747844,3.3231934504747844,0.0,OK,16,Thursday,2026-09-03
2026-09-03 16:51:00+00:00,2026-09-03 16:44:34.287040+00:00,6.4,8.4,11.323193450474784,9,-0.5999999999999996,0.5999999999999996,2.3231934504747844,2.3231934504747844,0.0,OK,16,Thursday,2026-09-03
2026-09-03 16:54:00+00:00,2026-09-03 16:44:34.287040+00:00,9.4,8.6,11.592793294533708,19,-10.4,10.4,-7.407206705466292,7.407206705466292,0.0,OK,16,Thursday,2026-09-03
2026-09-03 16:57:00+00:00,2026-09-03 16:55:33.163679+00:00,1.4,9.0,12.131992982651555,12,-3.0,3.0,0.13199298265155512,0.13199298265155512,0.0,OK,16,Thursday,2026-09-03
2026-09-03 17:00:00+00:00,2026-09-03 16:55:33.163679+00:00,4.4,9.1,12.266792904681015,17,-7.9,7.9,-4.733207095318985,4.733207095318985,0.0,OK,17,Thursday,2026-09-03
2026-09-03 17:03:00+00:00,2026-09-03 16:55:33.163679+00:00,7.4,9.3,12.53639274873994,10,-0.6999999999999993,0.6999999999999993,2.5363927487399405,2.5363927487399405,0.0,OK,17,Thursday,2026-09-03
2026-09-03 17:06:00+00:00,2026-09-03 17:04:22.046949+00:00,1.6,12.5,16.849990253682716,10,2.5,2.5,6.849990253682716,6.849990253682716,0.0,OK,17,Thursday,2026-09-03
2026-09-03 17:09:00+00:00,2026-09-03 17:04:22.046949+00:00,4.6,12.1,16.31079056556487,12,0.09999999999999964,0.09999999999999964,4.310790565564869,4.310790565564869,0.0,OK,17,Thursday,2026-09-03
2026-09-03 17:12:00+00:00,2026-09-03 17:04:22.046949+00:00,7.6,11.7,15.77159087744702,14,-2.3000000000000007,2.3000000000000007,1.7715908774470197,1.7715908774470197,0.0,OK,17,Thursday,2026-09-03
2026-09-03 17:15:00+00:00,2026-09-03 17:16:05.180143+00:00,-1.1,7.6,10.24479407423909,13,-5.4,5.4,-2.75520592576091,2.75520592576091,0.0,OK,17,Thursday,2026-09-03
2026-09-03 17:18:00+00:00,2026-09-03 17:16:05.180143+00:00,1.9,7.1,9.570794464091781,8,-0.9000000000000004,0.9000000000000004,1.5707944640917813,1.5707944640917813,0.0,OK,17,Thursday,2026-09-03
2026-09-03 17:21:00+00:00,2026-09-03 17:16:05.180143+00:00,4.9,7.0,9.43599454206232,17,-10.0,10.0,-7.5640054579376805,7.5640054579376805,0.0,OK,17,Thursday,2026-09-03
2026-09-03 17:24:00+00:00,2026-09-03 17:24:13.450282+00:00,-0.2,7.7,10.379593996268552,14,-6.3,6.3,-3.620406003731448,3.620406003731448,0.0,OK,17,Thursday,2026-09-03
2026-09-03 17:27:00+00:00,2026-09-03 17:24:13.450282+00:00,2.8,7.7,10.379593996268552,7,0.7000000000000002,0.7000000000000002,3.379593996268552,3.379593996268552,0.0,OK,17,Thursday,2026-09-03
2026-09-03 17:30:00+00:00,2026-09-03 17:24:13.450282+00:00,5.8,7.7,10.379593996268552,8,-0.2999999999999998,0.2999999999999998,2.379593996268552,2.379593996268552,0.0,OK,17,Thursday,2026-09-03
2026-09-03 17:33:00+00:00,2026-09-03 17:24:13.450282+00:00,8.8,7.6,10.24479407423909,9,-1.4000000000000004,1.4000000000000004,1.2447940742390902,1.2447940742390902,0.0,OK,17,Thursday,2026-09-03
2026-09-03 17:36:00+00:00,2026-09-03 17:34:05.209746+00:00,1.9,7.1,9.570794464091781,18,-10.9,10.9,-8.429205535908219,8.429205535908219,0.0,OK,17,Thursday,2026-09-03
2026-09-03 17:39:00+00:00,2026-09-03 17:34:05.209746+00:00,4.9,7.3,9.840394308150705,16,-8.7,8.7,-6.159605691849295,6.159605691849295,0.0,OK,17,Thursday,2026-09-03
2026-09-03 17:42:00+00:00,2026-09-03 17:34:05.209746+00:00,7.9,7.1,9.570794464091781,11,-3.9000000000000004,3.9000000000000004,-1.4292055359082187,1.4292055359082187,0.0,OK,17,Thursday,2026-09-03
2026-09-03 17:45:00+00:00,2026-09-03 17:44:11.170206+00:00,0.8,8.9,11.997193060622093,15,-6.1,6.1,-3.0028069393779067,3.0028069393779067,0.0,OK,17,Thursday,2026-09-03
2026-09-03 17:48:00+00:00,2026-09-03 17:44:11.170206+00:00,3.8,8.4,11.323193450474784,20,-11.6,11.6,-8.676806549525216,8.676806549525216,0.0,OK,17,Thursday,2026-09-03
2026-09-03 17:51:00+00:00,2026-09-03 17:44:11.170206+00:00,6.8,8.0,10.783993762356937,12,-4.0,4.0,-1.2160062376430627,1.2160062376430627,0.0,OK,17,Thursday,2026-09-03
2026-09-03 17:54:00+00:00,2026-09-03 17:54:04.369280+00:00,-0.1,8.0,10.783993762356937,8,0.0,0.0,2.7839937623569373,2.7839937623569373,0.0,OK,17,Thursday,2026-09-03
2026-09-03 17:57:00+00:00,2026-09-03 17:54:04.369280+00:00,2.9,7.7,10.379593996268552,14,-6.3,6.3,-3.620406003731448,3.620406003731448,0.0,OK,17,Thursday,2026-09-03
2026-09-03 18:00:00+00:00,2026-09-03 17:54:04.369280+00:00,5.9,7.4,9.975194230180167,17,-9.6,9.6,-7.024805769819833,7.024805769819833,0.0,OK,18,Thursday,2026-09-03
2026-09-03 18:03:00+00:00,2026-09-03 18:03:50.761249+00:00,-0.8,10.7,14.423591657152402,10,0.6999999999999993,0.6999999999999993,4.423591657152402,4.423591657152402,0.0,OK,18,Thursday,2026-09-03
2026-09-03 18:06:00+00:00,2026-09-03 18:03:50.761249+00:00,2.2,10.3,13.884391969034558,8,2.3000000000000007,2.3000000000000007,5.884391969034558,5.884391969034558,0.0,OK,18,Thursday,2026-09-03
2026-09-03 18:09:00+00:00,2026-09-03 18:03:50.761249+00:00,5.2,9.8,13.21039235888725,4,5.800000000000001,5.800000000000001,9.21039235888725,9.21039235888725,0.0,OK,18,Thursday,2026-09-03
2026-09-03 18:12:00+00:00,2026-09-03 18:03:50.761249+00:00,8.2,9.7,13.075592436857786,5,4.699999999999999,4.699999999999999,8.075592436857786,8.075592436857786,0.0,OK,18,Thursday,2026-09-03
2026-09-03 18:15:00+00:00,2026-09-03 18:14:18.083806+00:00,0.7,3.4,4.583197349001698,7,-3.6,3.6,-2.416802650998302,2.416802650998302,0.0,OK,18,Thursday,2026-09-03
2026-09-03 18:18:00+00:00,2026-09-03 18:14:18.083806+00:00,3.7,3.1,4.1787975829133135,1,2.1,2.1,3.1787975829133135,3.1787975829133135,0.0,OK,18,Thursday,2026-09-03
2026-09-03 18:21:00+00:00,2026-09-03 18:14:18.083806+00:00,6.7,3.0,4.043997660883852,5,-2.0,2.0,-0.9560023391161483,0.9560023391161483,0.0,OK,18,Thursday,2026-09-03
2026-09-03 18:24:00+00:00,2026-09-03 18:23:51.754260+00:00,0.1,1.7,2.291598674500849,3,-1.3,1.3,-0.708401325499151,0.708401325499151,0.0,OK,18,Thursday,2026-09-03
2026-09-04 06:30:00+00:00,2026-09-04 06:33:56.764352+00:00,-3.9,3.6,4.8527971930606215,4,-0.3999999999999999,0.3999999999999999,0.8527971930606215,0.8527971930606215,0.0,OK,6,Friday,2026-09-04
2026-09-04 06:33:00+00:00,2026-09-04 06:33:56.764352+00:00,-0.9,3.5,4.71799727103116,2,1.5,1.5,2.7179972710311597,2.7179972710311597,0.0,OK,6,Friday,2026-09-04
2026-09-04 06:36:00+00:00,2026-09-04 06:33:56.764352+00:00,2.1,4.1,5.5267968032079295,7,-2.9000000000000004,2.9000000000000004,-1.4732031967920705,1.4732031967920705,0.0,OK,6,Friday,2026-09-04
2026-09-04 06:42:00+00:00,2026-09-04 06:33:56.764352+00:00,8.1,4.7,6.335596335384701,5,-0.2999999999999998,0.2999999999999998,1.3355963353847011,1.3355963353847011,0.0,OK,6,Friday,2026-09-04
2026-09-04 06:45:00+00:00,2026-09-04 06:45:16.890889+00:00,-0.3,4.9,6.605196179443625,3,1.9000000000000004,1.9000000000000004,3.6051961794436247,3.6051961794436247,0.0,OK,6,Friday,2026-09-04
2026-09-04 06:51:00+00:00,2026-09-04 06:45:16.890889+00:00,5.7,4.8,6.470396257414162,12,-7.2,7.2,-5.529603742585838,5.529603742585838,0.0,OK,6,Friday,2026-09-04
2026-09-04 06:54:00+00:00,2026-09-04 06:55:49.972484+00:00,-1.8,6.0,8.087995321767703,8,-2.0,2.0,0.08799532176770342,0.08799532176770342,0.0,OK,6,Friday,2026-09-04
2026-09-04 06:57:00+00:00,2026-09-04 06:55:49.972484+00:00,1.2,6.1,8.222795243797163,9,-2.9000000000000004,2.9000000000000004,-0.7772047562028366,0.7772047562028366,0.0,OK,6,Friday,2026-09-04
2026-09-04 07:00:00+00:00,2026-09-04 06:55:49.972484+00:00,4.2,5.9,7.953195399738242,4,1.9000000000000004,1.9000000000000004,3.9531953997382416,3.9531953997382416,0.0,OK,7,Friday,2026-09-04
2026-09-04 07:03:00+00:00,2026-09-04 06:55:49.972484+00:00,7.2,6.1,8.222795243797163,2,4.1,4.1,6.222795243797163,6.222795243797163,0.0,OK,7,Friday,2026-09-04
2026-09-04 07:06:00+00:00,2026-09-04 07:05:02.258325+00:00,1.0,5.2,7.009595945532009,2,3.2,3.2,5.009595945532009,5.009595945532009,0.0,OK,7,Friday,2026-09-04
2026-09-04 07:09:00+00:00,2026-09-04 07:05:02.258325+00:00,4.0,5.1,6.874796023502547,6,-0.9000000000000004,0.9000000000000004,0.8747960235025474,0.8747960235025474,0.0,OK,7,Friday,2026-09-04
2026-09-04 07:12:00+00:00,2026-09-04 07:05:02.258325+00:00,7.0,5.2,7.009595945532009,9,-3.8,3.8,-1.9904040544679908,1.9904040544679908,0.0,OK,7,Friday,2026-09-04
2026-09-04 07:15:00+00:00,2026-09-04 07:14:40.991786+00:00,0.3,4.1,5.5267968032079295,11,-6.9,6.9,-5.4732031967920705,5.4732031967920705,0.0,OK,7,Friday,2026-09-04
2026-09-04 07:18:00+00:00,2026-09-04 07:14:40.991786+00:00,3.3,4.3,5.796396647266854,9,-4.7,4.7,-3.203603352733146,3.203603352733146,0.0,OK,7,Friday,2026-09-04
2026-09-04 07:21:00+00:00,2026-09-04 07:14:40.991786+00:00,6.3,4.8,6.470396257414162,3,1.7999999999999998,1.7999999999999998,3.470396257414162,3.470396257414162,0.0,OK,7,Friday,2026-09-04
2026-09-04 07:24:00+00:00,2026-09-04 07:25:22.890733+00:00,-1.4,5.3,7.144395867561471,5,0.2999999999999998,0.2999999999999998,2.144395867561471,2.144395867561471,0.0,OK,7,Friday,2026-09-04
2026-09-04 07:27:00+00:00,2026-09-04 07:25:22.890733+00:00,1.6,5.1,6.874796023502547,5,0.09999999999999964,0.09999999999999964,1.8747960235025474,1.8747960235025474,0.0,OK,7,Friday,2026-09-04
2026-09-04 07:30:00+00:00,2026-09-04 07:25:22.890733+00:00,4.6,5.2,7.009595945532009,5,0.20000000000000018,0.20000000000000018,2.009595945532009,2.009595945532009,0.0,OK,7,Friday,2026-09-04
2026-09-04 07:33:00+00:00,2026-09-04 07:25:22.890733+00:00,7.6,5.2,7.009595945532009,10,-4.8,4.8,-2.990404054467991,2.990404054467991,0.0,OK,7,Friday,2026-09-04
2026-09-04 07:36:00+00:00,2026-09-04 07:35:21.987633+00:00,0.6,5.9,7.953195399738242,6,-0.09999999999999964,0.09999999999999964,1.9531953997382416,1.9531953997382416,0.0,OK,7,Friday,2026-09-04
2026-09-04 07:39:00+00:00,2026-09-04 07:35:21.987633+00:00,3.6,6.0,8.087995321767703,15,-9.0,9.0,-6.912004678232297,6.912004678232297,0.0,OK,7,Friday,2026-09-04
2026-09-04 07:42:00+00:00,2026-09-04 07:35:21.987633+00:00,6.6,6.1,8.222795243797163,9,-2.9000000000000004,2.9000000000000004,-0.7772047562028366,0.7772047562028366,0.0,OK,7,Friday,2026-09-04
2026-09-04 07:45:00+00:00,2026-09-04 07:44:47.853042+00:00,0.2,6.2,8.357595165826627,14,-7.8,7.8,-5.642404834173373,5.642404834173373,0.0,OK,7,Friday,2026-09-04
2026-09-04 07:48:00+00:00,2026-09-04 07:44:47.853042+00:00,3.2,6.2,8.357595165826627,19,-12.8,12.8,-10.642404834173373,10.642404834173373,0.0,OK,7,Friday,2026-09-04
2026-09-04 07:51:00+00:00,2026-09-04 07:44:47.853042+00:00,6.2,6.3,8.492395087856089,6,0.2999999999999998,0.2999999999999998,2.4923950878560888,2.4923950878560888,0.0,OK,7,Friday,2026-09-04
2026-09-04 07:54:00+00:00,2026-09-04 07:54:23.546172+00:00,-0.4,8.1,10.918793684386399,5,3.0999999999999996,3.0999999999999996,5.918793684386399,5.918793684386399,0.0,OK,7,Friday,2026-09-04
2026-09-04 07:57:00+00:00,2026-09-04 07:54:23.546172+00:00,2.6,7.8,10.514393918298014,4,3.8,3.8,6.514393918298014,6.514393918298014,0.0,OK,7,Friday,2026-09-04
2026-09-04 08:00:00+00:00,2026-09-04 07:54:23.546172+00:00,5.6,7.7,10.379593996268552,4,3.7,3.7,6.379593996268552,6.379593996268552,0.0,OK,8,Friday,2026-09-04
2026-09-04 08:03:00+00:00,2026-09-04 07:54:23.546172+00:00,8.6,7.6,10.24479407423909,3,4.6,4.6,7.24479407423909,7.24479407423909,0.0,OK,8,Friday,2026-09-04
2026-09-04 08:06:00+00:00,2026-09-04 08:04:34.817936+00:00,1.4,5.5,7.4139957116203945,7,-1.5,1.5,0.4139957116203945,0.4139957116203945,0.0,OK,8,Friday,2026-09-04
2026-09-04 08:09:00+00:00,2026-09-04 08:04:34.817936+00:00,4.4,5.7,7.683595555679318,8,-2.3,2.3,-0.31640444432068193,0.31640444432068193,0.0,OK,8,Friday,2026-09-04
2026-09-04 08:12:00+00:00,2026-09-04 08:04:34.817936+00:00,7.4,5.9,7.953195399738242,12,-6.1,6.1,-4.046804600261758,4.046804600261758,0.0,OK,8,Friday,2026-09-04
2026-09-04 08:15:00+00:00,2026-09-04 08:14:33.093310+00:00,0.4,5.7,7.683595555679318,8,-2.3,2.3,-0.31640444432068193,0.31640444432068193,0.0,OK,8,Friday,2026-09-04
2026-09-04 08:18:00+00:00,2026-09-04 08:14:33.093310+00:00,3.4,5.8,7.818395477708779,4,1.7999999999999998,1.7999999999999998,3.818395477708779,3.818395477708779,0.0,OK,8,Friday,2026-09-04
2026-09-04 08:21:00+00:00,2026-09-04 08:14:33.093310+00:00,6.4,6.0,8.087995321767703,3,3.0,3.0,5.087995321767703,5.087995321767703,0.0,OK,8,Friday,2026-09-04
2026-09-04 08:24:00+00:00,2026-09-04 08:24:43.098675+00:00,-0.7,6.3,8.492395087856089,10,-3.7,3.7,-1.5076049121439112,1.5076049121439112,0.0,OK,8,Friday,2026-09-04
2026-09-04 08:27:00+00:00,2026-09-04 08:24:43.098675+00:00,2.3,6.2,8.357595165826627,8,-1.7999999999999998,1.7999999999999998,0.357595165826627,0.357595165826627,0.0,OK,8,Friday,2026-09-04
2026-09-04 08:30:00+00:00,2026-09-04 08:24:43.098675+00:00,5.3,6.3,8.492395087856089,13,-6.7,6.7,-4.507604912143911,4.507604912143911,0.0,OK,8,Friday,2026-09-04
2026-09-04 08:33:00+00:00,2026-09-04 08:24:43.098675+00:00,8.3,6.4,8.62719500988555,10,-3.5999999999999996,3.5999999999999996,-1.3728049901144495,1.3728049901144495,0.0,OK,8,Friday,2026-09-04
2026-09-04 08:36:00+00:00,2026-09-04 08:34:40.822388+00:00,1.3,9.6,12.940792514828324,8,1.5999999999999996,1.5999999999999996,4.940792514828324,4.940792514828324,0.0,OK,8,Friday,2026-09-04
2026-09-04 08:39:00+00:00,2026-09-04 08:34:40.822388+00:00,4.3,9.4,12.671192670769402,11,-1.5999999999999996,1.5999999999999996,1.6711926707694023,1.6711926707694023,0.0,OK,8,Friday,2026-09-04
2026-09-04 08:42:00+00:00,2026-09-04 08:34:40.822388+00:00,7.3,8.8,11.862393138592632,15,-6.199999999999999,6.199999999999999,-3.1376068614073684,3.1376068614073684,0.0,OK,8,Friday,2026-09-04
2026-09-04 08:45:00+00:00,2026-09-04 08:44:38.207233+00:00,0.4,6.6,8.896794853944472,8,-1.4000000000000004,1.4000000000000004,0.8967948539444723,0.8967948539444723,0.0,OK,8,Friday,2026-09-04
2026-09-04 08:48:00+00:00,2026-09-04 08:44:38.207233+00:00,3.4,6.2,8.357595165826627,5,1.2000000000000002,1.2000000000000002,3.357595165826627,3.357595165826627,0.0,OK,8,Friday,2026-09-04
2026-09-04 08:51:00+00:00,2026-09-04 08:44:38.207233+00:00,6.4,6.4,8.62719500988555,9,-2.5999999999999996,2.5999999999999996,-0.37280499011444945,0.37280499011444945,0.0,OK,8,Friday,2026-09-04
2026-09-04 08:54:00+00:00,2026-09-04 08:54:34.074759+00:00,-0.6,6.9,9.30119462003286,8,-1.0999999999999996,1.0999999999999996,1.3011946200328595,1.3011946200328595,0.0,OK,8,Friday,2026-09-04
2026-09-04 08:57:00+00:00,2026-09-04 08:54:34.074759+00:00,2.4,7.2,9.705594386121243,7,0.20000000000000018,0.20000000000000018,2.705594386121243,2.705594386121243,0.0,OK,8,Friday,2026-09-04
2026-09-04 09:00:00+00:00,2026-09-04 08:54:34.074759+00:00,5.4,7.4,9.975194230180167,5,2.4000000000000004,2.4000000000000004,4.975194230180167,4.975194230180167,0.0,OK,9,Friday,2026-09-04
2026-09-04 09:03:00+00:00,2026-09-04 08:54:34.074759+00:00,8.4,7.5,10.109994152209628,6,1.5,1.5,4.109994152209628,4.109994152209628,0.0,OK,9,Friday,2026-09-04
2026-09-04 09:06:00+00:00,2026-09-04 09:04:37.211466+00:00,1.4,6.8,9.166394698003396,14,-7.2,7.2,-4.833605301996604,4.833605301996604,0.0,OK,9,Friday,2026-09-04
2026-09-04 09:09:00+00:00,2026-09-04 09:04:37.211466+00:00,4.4,6.9,9.30119462003286,19,-12.1,12.1,-9.69880537996714,9.69880537996714,0.0,OK,9,Friday,2026-09-04
2026-09-04 09:12:00+00:00,2026-09-04 09:04:37.211466+00:00,7.4,7.0,9.43599454206232,21,-14.0,14.0,-11.56400545793768,11.56400545793768,0.0,OK,9,Friday,2026-09-04
2026-09-04 09:15:00+00:00,2026-09-04 09:14:39.813415+00:00,0.3,9.3,12.53639274873994,20,-10.7,10.7,-7.4636072512600595,7.4636072512600595,0.0,OK,9,Friday,2026-09-04
2026-09-04 09:18:00+00:00,2026-09-04 09:14:39.813415+00:00,3.3,9.0,12.131992982651555,8,1.0,1.0,4.131992982651555,4.131992982651555,0.0,OK,9,Friday,2026-09-04
2026-09-04 09:21:00+00:00,2026-09-04 09:14:39.813415+00:00,6.3,8.6,11.592793294533708,12,-3.4000000000000004,3.4000000000000004,-0.407206705466292,0.407206705466292,0.0,OK,9,Friday,2026-09-04
2026-09-04 09:24:00+00:00,2026-09-04 09:24:47.241150+00:00,-0.8,7.8,10.514393918298014,7,0.7999999999999998,0.7999999999999998,3.5143939182980137,3.5143939182980137,0.0,OK,9,Friday,2026-09-04
2026-09-04 09:27:00+00:00,2026-09-04 09:24:47.241150+00:00,2.2,8.0,10.783993762356937,11,-3.0,3.0,-0.2160062376430627,0.2160062376430627,0.0,OK,9,Friday,2026-09-04
2026-09-04 09:30:00+00:00,2026-09-04 09:24:47.241150+00:00,5.2,8.4,11.323193450474784,3,5.4,5.4,8.323193450474784,8.323193450474784,0.0,OK,9,Friday,2026-09-04
2026-09-04 09:33:00+00:00,2026-09-04 09:24:47.241150+00:00,8.2,9.0,12.131992982651555,2,7.0,7.0,10.131992982651555,10.131992982651555,0.0,OK,9,Friday,2026-09-04
2026-09-04 09:36:00+00:00,2026-09-04 09:34:42.699979+00:00,1.3,7.7,10.379593996268552,1,6.7,6.7,9.379593996268552,9.379593996268552,0.0,OK,9,Friday,2026-09-04
2026-09-04 09:39:00+00:00,2026-09-04 09:34:42.699979+00:00,4.3,7.7,10.379593996268552,8,-0.2999999999999998,0.2999999999999998,2.379593996268552,2.379593996268552,0.0,OK,9,Friday,2026-09-04
2026-09-04 09:42:00+00:00,2026-09-04 09:34:42.699979+00:00,7.3,8.3,11.188393528445323,7,1.3000000000000007,1.3000000000000007,4.188393528445323,4.188393528445323,0.0,OK,9,Friday,2026-09-04
2026-09-04 09:45:00+00:00,2026-09-04 09:44:39.853676+00:00,0.3,5.8,7.818395477708779,7,-1.2000000000000002,1.2000000000000002,0.818395477708779,0.818395477708779,0.0,OK,9,Friday,2026-09-04
2026-09-04 09:48:00+00:00,2026-09-04 09:44:39.853676+00:00,3.3,5.8,7.818395477708779,6,-0.20000000000000018,0.20000000000000018,1.818395477708779,1.818395477708779,0.0,OK,9,Friday,2026-09-04
2026-09-04 09:51:00+00:00,2026-09-04 09:44:39.853676+00:00,6.3,6.1,8.222795243797163,5,1.0999999999999996,1.0999999999999996,3.2227952437971634,3.2227952437971634,0.0,OK,9,Friday,2026-09-04
2026-09-04 09:54:00+00:00,2026-09-04 09:55:11.417374+00:00,-1.2,6.4,8.62719500988555,18,-11.6,11.6,-9.37280499011445,9.37280499011445,0.0,OK,9,Friday,2026-09-04
2026-09-04 09:57:00+00:00,2026-09-04 09:55:11.417374+00:00,1.8,6.2,8.357595165826627,7,-0.7999999999999998,0.7999999999999998,1.357595165826627,1.357595165826627,0.0,OK,9,Friday,2026-09-04
2026-09-04 10:00:00+00:00,2026-09-04 09:55:11.417374+00:00,4.8,6.3,8.492395087856089,9,-2.7,2.7,-0.5076049121439112,0.5076049121439112,0.0,OK,10,Friday,2026-09-04
2026-09-04 10:03:00+00:00,2026-09-04 09:55:11.417374+00:00,7.8,6.4,8.62719500988555,5,1.4000000000000004,1.4000000000000004,3.6271950098855505,3.6271950098855505,0.0,OK,10,Friday,2026-09-04
2026-09-04 10:06:00+00:00,2026-09-04 10:05:02.748372+00:00,1.0,8.1,10.918793684386399,5,3.0999999999999996,3.0999999999999996,5.918793684386399,5.918793684386399,0.0,OK,10,Friday,2026-09-04
2026-09-04 10:09:00+00:00,2026-09-04 10:05:02.748372+00:00,4.0,7.9,10.649193840327476,12,-4.1,4.1,-1.3508061596725245,1.3508061596725245,0.0,OK,10,Friday,2026-09-04
2026-09-04 10:12:00+00:00,2026-09-04 10:05:02.748372+00:00,7.0,7.4,9.975194230180167,30,-22.6,22.6,-20.024805769819835,20.024805769819835,0.0,OK,10,Friday,2026-09-04
2026-09-04 10:15:00+00:00,2026-09-04 10:16:33.377521+00:00,-1.6,7.2,9.705594386121243,36,-28.8,28.8,-26.29440561387876,26.29440561387876,0.0,OK,10,Friday,2026-09-04
2026-09-04 10:18:00+00:00,2026-09-04 10:16:33.377521+00:00,1.4,7.2,9.705594386121243,9,-1.7999999999999998,1.7999999999999998,0.705594386121243,0.705594386121243,0.0,OK,10,Friday,2026-09-04
2026-09-04 10:21:00+00:00,2026-09-04 10:16:33.377521+00:00,4.4,7.2,9.705594386121243,9,-1.7999999999999998,1.7999999999999998,0.705594386121243,0.705594386121243,0.0,OK,10,Friday,2026-09-04
2026-09-04 10:24:00+00:00,2026-09-04 10:24:55.768054+00:00,-0.9,7.4,9.975194230180167,6,1.4000000000000004,1.4000000000000004,3.9751942301801666,3.9751942301801666,0.0,OK,10,Friday,2026-09-04
2026-09-04 10:27:00+00:00,2026-09-04 10:24:55.768054+00:00,2.1,7.1,9.570794464091781,8,-0.9000000000000004,0.9000000000000004,1.5707944640917813,1.5707944640917813,0.0,OK,10,Friday,2026-09-04
2026-09-04 10:30:00+00:00,2026-09-04 10:24:55.768054+00:00,5.1,7.1,9.570794464091781,11,-3.9000000000000004,3.9000000000000004,-1.4292055359082187,1.4292055359082187,0.0,OK,10,Friday,2026-09-04
2026-09-04 10:33:00+00:00,2026-09-04 10:24:55.768054+00:00,8.1,7.3,9.840394308150705,6,1.2999999999999998,1.2999999999999998,3.840394308150705,3.840394308150705,0.0,OK,10,Friday,2026-09-04
2026-09-04 10:36:00+00:00,2026-09-04 10:34:31.619957+00:00,1.5,8.9,11.997193060622093,6,2.9000000000000004,2.9000000000000004,5.997193060622093,5.997193060622093,0.0,OK,10,Friday,2026-09-04
2026-09-04 10:39:00+00:00,2026-09-04 10:34:31.619957+00:00,4.5,8.6,11.592793294533708,4,4.6,4.6,7.592793294533708,7.592793294533708,0.0,OK,10,Friday,2026-09-04
2026-09-04 10:42:00+00:00,2026-09-04 10:34:31.619957+00:00,7.5,8.3,11.188393528445323,4,4.300000000000001,4.300000000000001,7.188393528445323,7.188393528445323,0.0,OK,10,Friday,2026-09-04
2026-09-04 10:45:00+00:00,2026-09-04 10:44:34.947215+00:00,0.4,5.4,7.279195789590933,8,-2.5999999999999996,2.5999999999999996,-0.7208042104090673,0.7208042104090673,0.0,OK,10,Friday,2026-09-04
2026-09-04 10:48:00+00:00,2026-09-04 10:44:34.947215+00:00,3.4,5.3,7.144395867561471,5,0.2999999999999998,0.2999999999999998,2.144395867561471,2.144395867561471,0.0,OK,10,Friday,2026-09-04
2026-09-04 10:51:00+00:00,2026-09-04 10:44:34.947215+00:00,6.4,5.5,7.4139957116203945,9,-3.5,3.5,-1.5860042883796055,1.5860042883796055,0.0,OK,10,Friday,2026-09-04
2026-09-04 10:54:00+00:00,2026-09-04 10:54:53.561165+00:00,-0.9,5.4,7.279195789590933,8,-2.5999999999999996,2.5999999999999996,-0.7208042104090673,0.7208042104090673,0.0,OK,10,Friday,2026-09-04
2026-09-04 10:57:00+00:00,2026-09-04 10:54:53.561165+00:00,2.1,5.4,7.279195789590933,10,-4.6,4.6,-2.7208042104090673,2.7208042104090673,0.0,OK,10,Friday,2026-09-04
2026-09-04 11:00:00+00:00,2026-09-04 10:54:53.561165+00:00,5.1,5.5,7.4139957116203945,14,-8.5,8.5,-6.5860042883796055,6.5860042883796055,0.0,OK,11,Friday,2026-09-04
2026-09-04 11:03:00+00:00,2026-09-04 10:54:53.561165+00:00,8.1,5.6,7.548795633649855,13,-7.4,7.4,-5.451204366350145,5.451204366350145,0.0,OK,11,Friday,2026-09-04
2026-09-04 11:06:00+00:00,2026-09-04 11:04:46.296813+00:00,1.2,9.1,12.266792904681015,8,1.0999999999999996,1.0999999999999996,4.266792904681015,4.266792904681015,0.0,OK,11,Friday,2026-09-04
2026-09-04 11:09:00+00:00,2026-09-04 11:04:46.296813+00:00,4.2,8.6,11.592793294533708,13,-4.4,4.4,-1.407206705466292,1.407206705466292,0.0,OK,11,Friday,2026-09-04
2026-09-04 11:12:00+00:00,2026-09-04 11:04:46.296813+00:00,7.2,8.2,11.053593606415859,9,-0.8000000000000007,0.8000000000000007,2.053593606415859,2.053593606415859,0.0,OK,11,Friday,2026-09-04
2026-09-04 11:15:00+00:00,2026-09-04 11:14:42.870726+00:00,0.3,5.3,7.144395867561471,8,-2.7,2.7,-0.8556041324385291,0.8556041324385291,0.0,OK,11,Friday,2026-09-04
2026-09-04 11:18:00+00:00,2026-09-04 11:14:42.870726+00:00,3.3,4.9,6.605196179443625,4,0.9000000000000004,0.9000000000000004,2.6051961794436247,2.6051961794436247,0.0,OK,11,Friday,2026-09-04
2026-09-04 11:21:00+00:00,2026-09-04 11:14:42.870726+00:00,6.3,5.0,6.739996101473086,8,-3.0,3.0,-1.2600038985269144,1.2600038985269144,0.0,OK,11,Friday,2026-09-04
2026-09-04 11:24:00+00:00,2026-09-04 11:25:03.503610+00:00,-1.1,5.0,6.739996101473086,13,-8.0,8.0,-6.260003898526914,6.260003898526914,0.0,OK,11,Friday,2026-09-04
2026-09-04 11:27:00+00:00,2026-09-04 11:25:03.503610+00:00,1.9,5.2,7.009595945532009,5,0.20000000000000018,0.20000000000000018,2.009595945532009,2.009595945532009,0.0,OK,11,Friday,2026-09-04
2026-09-04 11:30:00+00:00,2026-09-04 11:25:03.503610+00:00,4.9,5.4,7.279195789590933,3,2.4000000000000004,2.4000000000000004,4.279195789590933,4.279195789590933,0.0,OK,11,Friday,2026-09-04
2026-09-04 11:33:00+00:00,2026-09-04 11:25:03.503610+00:00,7.9,5.6,7.548795633649855,12,-6.4,6.4,-4.451204366350145,4.451204366350145,0.0,OK,11,Friday,2026-09-04
2026-09-04 11:36:00+00:00,2026-09-04 11:34:49.216992+00:00,1.2,3.8,5.122397037119545,14,-10.2,10.2,-8.877602962880456,8.877602962880456,0.0,OK,11,Friday,2026-09-04
2026-09-04 11:39:00+00:00,2026-09-04 11:34:49.216992+00:00,4.2,3.9,5.257196959149007,19,-15.1,15.1,-13.742803040850994,13.742803040850994,0.0,OK,11,Friday,2026-09-04
2026-09-04 11:42:00+00:00,2026-09-04 11:34:49.216992+00:00,7.2,4.0,5.391996881178469,7,-3.0,3.0,-1.6080031188215314,1.6080031188215314,0.0,OK,11,Friday,2026-09-04
2026-09-04 11:45:00+00:00,2026-09-04 11:44:33.187153+00:00,0.4,10.9,14.693191501211327,6,4.9,4.9,8.693191501211327,8.693191501211327,0.0,OK,11,Friday,2026-09-04
2026-09-04 11:48:00+00:00,2026-09-04 11:44:33.187153+00:00,3.4,9.8,13.21039235888725,8,1.8000000000000007,1.8000000000000007,5.210392358887249,5.210392358887249,0.0,OK,11,Friday,2026-09-04
2026-09-04 11:51:00+00:00,2026-09-04 11:44:33.187153+00:00,6.4,8.5,11.457993372504246,6,2.5,2.5,5.457993372504246,5.457993372504246,0.0,OK,11,Friday,2026-09-04
2026-09-04 11:54:00+00:00,2026-09-04 11:54:56.208558+00:00,-0.9,5.0,6.739996101473086,3,2.0,2.0,3.7399961014730856,3.7399961014730856,0.0,OK,11,Friday,2026-09-04
2026-09-04 11:57:00+00:00,2026-09-04 11:54:56.208558+00:00,2.1,4.9,6.605196179443625,6,-1.0999999999999996,1.0999999999999996,0.6051961794436247,0.6051961794436247,0.0,OK,11,Friday,2026-09-04
2026-09-04 12:00:00+00:00,2026-09-04 11:54:56.208558+00:00,5.1,5.0,6.739996101473086,5,0.0,0.0,1.7399961014730856,1.7399961014730856,0.0,OK,12,Friday,2026-09-04
2026-09-04 12:03:00+00:00,2026-09-04 11:54:56.208558+00:00,8.1,5.1,6.874796023502547,17,-11.9,11.9,-10.125203976497453,10.125203976497453,0.0,OK,12,Friday,2026-09-04
2026-09-04 12:06:00+00:00,2026-09-04 12:04:52.148573+00:00,1.1,5.4,7.279195789590933,17,-11.6,11.6,-9.720804210409067,9.720804210409067,0.0,OK,12,Friday,2026-09-04
2026-09-04 12:09:00+00:00,2026-09-04 12:04:52.148573+00:00,4.1,5.6,7.548795633649855,8,-2.4000000000000004,2.4000000000000004,-0.4512043663501446,0.4512043663501446,0.0,OK,12,Friday,2026-09-04
2026-09-04 12:12:00+00:00,2026-09-04 12:04:52.148573+00:00,7.1,5.6,7.548795633649855,7,-1.4000000000000004,1.4000000000000004,0.5487956336498554,0.5487956336498554,0.0,OK,12,Friday,2026-09-04
2026-09-04 12:15:00+00:00,2026-09-04 12:14:58.365328+00:00,0.0,4.7,6.335596335384701,14,-9.3,9.3,-7.664403664615299,7.664403664615299,0.0,OK,12,Friday,2026-09-04
2026-09-04 12:18:00+00:00,2026-09-04 12:14:58.365328+00:00,3.0,4.5,6.065996491325778,11,-6.5,6.5,-4.934003508674222,4.934003508674222,0.0,OK,12,Friday,2026-09-04
2026-09-04 12:21:00+00:00,2026-09-04 12:14:58.365328+00:00,6.0,4.5,6.065996491325778,10,-5.5,5.5,-3.9340035086742224,3.9340035086742224,0.0,OK,12,Friday,2026-09-04
2026-09-04 12:24:00+00:00,2026-09-04 12:24:30.381050+00:00,-0.5,6.6,8.896794853944472,8,-1.4000000000000004,1.4000000000000004,0.8967948539444723,0.8967948539444723,0.0,OK,12,Friday,2026-09-04
2026-09-04 12:27:00+00:00,2026-09-04 12:24:30.381050+00:00,2.5,6.4,8.62719500988555,16,-9.6,9.6,-7.3728049901144495,7.3728049901144495,0.0,OK,12,Friday,2026-09-04
2026-09-04 12:30:00+00:00,2026-09-04 12:24:30.381050+00:00,5.5,6.5,8.761994931915012,12,-5.5,5.5,-3.2380050680849877,3.2380050680849877,0.0,OK,12,Friday,2026-09-04
2026-09-04 12:33:00+00:00,2026-09-04 12:24:30.381050+00:00,8.5,6.3,8.492395087856089,10,-3.7,3.7,-1.5076049121439112,1.5076049121439112,0.0,OK,12,Friday,2026-09-04
2026-09-04 12:36:00+00:00,2026-09-04 12:35:22.273386+00:00,0.6,9.2,12.401592826710477,3,6.199999999999999,6.199999999999999,9.401592826710477,9.401592826710477,0.0,OK,12,Friday,2026-09-04
2026-09-04 12:39:00+00:00,2026-09-04 12:35:22.273386+00:00,3.6,9.0,12.131992982651555,9,0.0,0.0,3.131992982651555,3.131992982651555,0.0,OK,12,Friday,2026-09-04
2026-09-04 12:42:00+00:00,2026-09-04 12:35:22.273386+00:00,6.6,8.6,11.592793294533708,11,-2.4000000000000004,2.4000000000000004,0.592793294533708,0.592793294533708,0.0,OK,12,Friday,2026-09-04
2026-09-04 12:48:00+00:00,2026-09-04 12:44:26.661487+00:00,3.6,3.6,4.8527971930606215,1,2.6,2.6,3.8527971930606215,3.8527971930606215,0.0,OK,12,Friday,2026-09-04
2026-09-04 12:51:00+00:00,2026-09-04 12:44:26.661487+00:00,6.6,3.8,5.122397037119545,5,-1.2000000000000002,1.2000000000000002,0.12239703711954508,0.12239703711954508,0.0,OK,12,Friday,2026-09-04
2026-09-04 12:54:00+00:00,2026-09-04 12:54:12.280421+00:00,-0.2,3.3,4.448397426972236,5,-1.7000000000000002,1.7000000000000002,-0.5516025730277638,0.5516025730277638,0.0,OK,12,Friday,2026-09-04
2026-09-04 12:57:00+00:00,2026-09-04 12:54:12.280421+00:00,2.8,3.5,4.71799727103116,10,-6.5,6.5,-5.28200272896884,5.28200272896884,0.0,OK,12,Friday,2026-09-04
2026-09-04 13:00:00+00:00,2026-09-04 12:54:12.280421+00:00,5.8,3.7,4.987597115090083,9,-5.3,5.3,-4.012402884909917,4.012402884909917,0.0,OK,13,Friday,2026-09-04
2026-09-04 13:03:00+00:00,2026-09-04 13:04:15.584026+00:00,-1.3,6.9,9.30119462003286,5,1.9000000000000004,1.9000000000000004,4.3011946200328595,4.3011946200328595,0.0,OK,13,Friday,2026-09-04
2026-09-04 13:06:00+00:00,2026-09-04 13:04:15.584026+00:00,1.7,6.6,8.896794853944472,13,-6.4,6.4,-4.103205146055528,4.103205146055528,0.0,OK,13,Friday,2026-09-04
2026-09-04 13:09:00+00:00,2026-09-04 13:04:15.584026+00:00,4.7,6.2,8.357595165826627,15,-8.8,8.8,-6.642404834173373,6.642404834173373,0.0,OK,13,Friday,2026-09-04
2026-09-04 13:12:00+00:00,2026-09-04 13:04:15.584026+00:00,7.7,6.2,8.357595165826627,6,0.20000000000000018,0.20000000000000018,2.357595165826627,2.357595165826627,0.0,OK,13,Friday,2026-09-04
2026-09-04 13:15:00+00:00,2026-09-04 13:14:16.288342+00:00,0.7,6.7,9.031594775973936,2,4.7,4.7,7.031594775973936,7.031594775973936,0.0,OK,13,Friday,2026-09-04
2026-09-04 13:18:00+00:00,2026-09-04 13:14:16.288342+00:00,3.7,6.3,8.492395087856089,1,5.3,5.3,7.492395087856089,7.492395087856089,0.0,OK,13,Friday,2026-09-04
2026-09-04 13:21:00+00:00,2026-09-04 13:14:16.288342+00:00,6.7,6.1,8.222795243797163,7,-0.9000000000000004,0.9000000000000004,1.2227952437971634,1.2227952437971634,0.0,OK,13,Friday,2026-09-04
2026-09-04 13:24:00+00:00,2026-09-04 13:24:09.904717+00:00,-0.2,3.4,4.583197349001698,2,1.4,1.4,2.583197349001698,2.583197349001698,0.0,OK,13,Friday,2026-09-04
2026-09-04 13:27:00+00:00,2026-09-04 13:24:09.904717+00:00,2.8,3.7,4.987597115090083,2,1.7000000000000002,1.7000000000000002,2.9875971150900833,2.9875971150900833,0.0,OK,13,Friday,2026-09-04
2026-09-04 13:30:00+00:00,2026-09-04 13:24:09.904717+00:00,5.8,3.8,5.122397037119545,9,-5.2,5.2,-3.877602962880455,3.877602962880455,0.0,OK,13,Friday,2026-09-04
2026-09-04 13:33:00+00:00,2026-09-04 13:24:09.904717+00:00,8.8,4.0,5.391996881178469,16,-12.0,12.0,-10.608003118821532,10.608003118821532,0.0,OK,13,Friday,2026-09-04
2026-09-04 13:36:00+00:00,2026-09-04 13:34:33.987793+00:00,1.4,4.6,6.2007964133552385,1,3.5999999999999996,3.5999999999999996,5.2007964133552385,5.2007964133552385,0.0,OK,13,Friday,2026-09-04
2026-09-04 13:39:00+00:00,2026-09-04 13:34:33.987793+00:00,4.4,4.7,6.335596335384701,6,-1.2999999999999998,1.2999999999999998,0.3355963353847011,0.3355963353847011,0.0,OK,13,Friday,2026-09-04
2026-09-04 13:42:00+00:00,2026-09-04 13:34:33.987793+00:00,7.4,4.6,6.2007964133552385,5,-0.40000000000000036,0.40000000000000036,1.2007964133552385,1.2007964133552385,0.0,OK,13,Friday,2026-09-04
2026-09-04 13:45:00+00:00,2026-09-04 13:44:12.858523+00:00,0.8,3.1,4.1787975829133135,8,-4.9,4.9,-3.8212024170866865,3.8212024170866865,0.0,OK,13,Friday,2026-09-04
2026-09-04 13:48:00+00:00,2026-09-04 13:44:12.858523+00:00,3.8,2.9,3.9091977388543895,12,-9.1,9.1,-8.09080226114561,8.09080226114561,0.0,OK,13,Friday,2026-09-04
2026-09-04 13:51:00+00:00,2026-09-04 13:44:12.858523+00:00,6.8,3.2,4.313597504942775,16,-12.8,12.8,-11.686402495057225,11.686402495057225,0.0,OK,13,Friday,2026-09-04
2026-09-04 13:54:00+00:00,2026-09-04 13:54:17.346241+00:00,-0.3,7.2,9.705594386121243,9,-1.7999999999999998,1.7999999999999998,0.705594386121243,0.705594386121243,0.0,OK,13,Friday,2026-09-04
2026-09-04 13:57:00+00:00,2026-09-04 13:54:17.346241+00:00,2.7,7.0,9.43599454206232,8,-1.0,1.0,1.4359945420623195,1.4359945420623195,0.0,OK,13,Friday,2026-09-04
2026-09-04 14:00:00+00:00,2026-09-04 13:54:17.346241+00:00,5.7,6.8,9.166394698003396,17,-10.2,10.2,-7.833605301996604,7.833605301996604,0.0,OK,14,Friday,2026-09-04
2026-09-04 14:03:00+00:00,2026-09-04 13:54:17.346241+00:00,8.7,6.8,9.166394698003396,5,1.7999999999999998,1.7999999999999998,4.166394698003396,4.166394698003396,0.0,OK,14,Friday,2026-09-04
2026-09-04 14:06:00+00:00,2026-09-04 14:04:27.123174+00:00,1.5,9.0,12.131992982651555,3,6.0,6.0,9.131992982651555,9.131992982651555,0.0,OK,14,Friday,2026-09-04
2026-09-04 14:09:00+00:00,2026-09-04 14:04:27.123174+00:00,4.5,8.7,11.727593216563168,5,3.6999999999999993,3.6999999999999993,6.727593216563168,6.727593216563168,0.0,OK,14,Friday,2026-09-04
2026-09-04 14:12:00+00:00,2026-09-04 14:04:27.123174+00:00,7.5,8.1,10.918793684386399,2,6.1,6.1,8.918793684386399,8.918793684386399,0.0,OK,14,Friday,2026-09-04
2026-09-04 14:15:00+00:00,2026-09-04 14:14:25.470729+00:00,0.6,4.2,5.661596725237392,9,-4.8,4.8,-3.338403274762608,3.338403274762608,0.0,OK,14,Friday,2026-09-04
2026-09-04 14:18:00+00:00,2026-09-04 14:14:25.470729+00:00,3.6,4.3,5.796396647266854,7,-2.7,2.7,-1.203603352733146,1.203603352733146,0.0,OK,14,Friday,2026-09-04
2026-09-04 14:21:00+00:00,2026-09-04 14:14:25.470729+00:00,6.6,4.6,6.2007964133552385,8,-3.4000000000000004,3.4000000000000004,-1.7992035866447615,1.7992035866447615,0.0,OK,14,Friday,2026-09-04
2026-09-04 14:24:00+00:00,2026-09-04 14:24:35.274205+00:00,-0.6,5.8,7.818395477708779,11,-5.2,5.2,-3.181604522291221,3.181604522291221,0.0,OK,14,Friday,2026-09-04
2026-09-04 14:27:00+00:00,2026-09-04 14:24:35.274205+00:00,2.4,5.9,7.953195399738242,5,0.9000000000000004,0.9000000000000004,2.9531953997382416,2.9531953997382416,0.0,OK,14,Friday,2026-09-04
2026-09-04 14:30:00+00:00,2026-09-04 14:24:35.274205+00:00,5.4,6.1,8.222795243797163,4,2.0999999999999996,2.0999999999999996,4.222795243797163,4.222795243797163,0.0,OK,14,Friday,2026-09-04
2026-09-04 14:33:00+00:00,2026-09-04 14:24:35.274205+00:00,8.4,5.9,7.953195399738242,5,0.9000000000000004,0.9000000000000004,2.9531953997382416,2.9531953997382416,0.0,OK,14,Friday,2026-09-04
2026-09-04 14:36:00+00:00,2026-09-04 14:34:37.536639+00:00,1.4,4.8,6.470396257414162,10,-5.2,5.2,-3.529603742585838,3.529603742585838,0.0,OK,14,Friday,2026-09-04
2026-09-04 14:39:00+00:00,2026-09-04 14:34:37.536639+00:00,4.4,4.7,6.335596335384701,10,-5.3,5.3,-3.664403664615299,3.664403664615299,0.0,OK,14,Friday,2026-09-04
2026-09-04 14:42:00+00:00,2026-09-04 14:34:37.536639+00:00,7.4,4.9,6.605196179443625,9,-4.1,4.1,-2.3948038205563753,2.3948038205563753,0.0,OK,14,Friday,2026-09-04
2026-09-04 14:45:00+00:00,2026-09-04 14:44:17.214039+00:00,0.7,6.5,8.761994931915012,7,-0.5,0.5,1.7619949319150123,1.7619949319150123,0.0,OK,14,Friday,2026-09-04
2026-09-04 14:48:00+00:00,2026-09-04 14:44:17.214039+00:00,3.7,6.1,8.222795243797163,4,2.0999999999999996,2.0999999999999996,4.222795243797163,4.222795243797163,0.0,OK,14,Friday,2026-09-04
2026-09-04 14:51:00+00:00,2026-09-04 14:44:17.214039+00:00,6.7,6.0,8.087995321767703,8,-2.0,2.0,0.08799532176770342,0.08799532176770342,0.0,OK,14,Friday,2026-09-04
2026-09-04 14:54:00+00:00,2026-09-04 14:54:33.228599+00:00,-0.6,6.5,8.761994931915012,4,2.5,2.5,4.761994931915012,4.761994931915012,0.0,OK,14,Friday,2026-09-04
2026-09-04 14:57:00+00:00,2026-09-04 14:54:33.228599+00:00,2.4,6.5,8.761994931915012,8,-1.5,1.5,0.7619949319150123,0.7619949319150123,0.0,OK,14,Friday,2026-09-04
2026-09-04 15:00:00+00:00,2026-09-04 14:54:33.228599+00:00,5.4,6.6,8.896794853944472,3,3.5999999999999996,3.5999999999999996,5.896794853944472,5.896794853944472,0.0,OK,15,Friday,2026-09-04
2026-09-04 15:03:00+00:00,2026-09-04 14:54:33.228599+00:00,8.4,6.8,9.166394698003396,8,-1.2000000000000002,1.2000000000000002,1.166394698003396,1.166394698003396,0.0,OK,15,Friday,2026-09-04
2026-09-04 15:06:00+00:00,2026-09-04 15:04:54.406803+00:00,1.1,4.3,5.796396647266854,10,-5.7,5.7,-4.203603352733146,4.203603352733146,0.0,OK,15,Friday,2026-09-04
2026-09-04 15:09:00+00:00,2026-09-04 15:04:54.406803+00:00,4.1,4.5,6.065996491325778,5,-0.5,0.5,1.0659964913257776,1.0659964913257776,0.0,OK,15,Friday,2026-09-04
2026-09-04 15:12:00+00:00,2026-09-04 15:04:54.406803+00:00,7.1,4.6,6.2007964133552385,8,-3.4000000000000004,3.4000000000000004,-1.7992035866447615,1.7992035866447615,0.0,OK,15,Friday,2026-09-04
2026-09-04 15:15:00+00:00,2026-09-04 15:14:31.343907+00:00,0.5,5.4,7.279195789590933,10,-4.6,4.6,-2.7208042104090673,2.7208042104090673,0.0,OK,15,Friday,2026-09-04
2026-09-04 15:18:00+00:00,2026-09-04 15:14:31.343907+00:00,3.5,5.6,7.548795633649855,9,-3.4000000000000004,3.4000000000000004,-1.4512043663501446,1.4512043663501446,0.0,OK,15,Friday,2026-09-04
2026-09-04 15:21:00+00:00,2026-09-04 15:14:31.343907+00:00,6.5,5.8,7.818395477708779,9,-3.2,3.2,-1.181604522291221,1.181604522291221,0.0,OK,15,Friday,2026-09-04
2026-09-04 15:24:00+00:00,2026-09-04 15:24:34.847019+00:00,-0.6,7.4,9.975194230180167,10,-2.5999999999999996,2.5999999999999996,-0.0248057698198334,0.0248057698198334,0.0,OK,15,Friday,2026-09-04
2026-09-04 15:27:00+00:00,2026-09-04 15:24:34.847019+00:00,2.4,7.4,9.975194230180167,11,-3.5999999999999996,3.5999999999999996,-1.0248057698198334,1.0248057698198334,0.0,OK,15,Friday,2026-09-04
2026-09-04 15:30:00+00:00,2026-09-04 15:24:34.847019+00:00,5.4,7.5,10.109994152209628,9,-1.5,1.5,1.1099941522096284,1.1099941522096284,0.0,OK,15,Friday,2026-09-04
2026-09-04 15:33:00+00:00,2026-09-04 15:24:34.847019+00:00,8.4,7.6,10.24479407423909,16,-8.4,8.4,-5.75520592576091,5.75520592576091,0.0,OK,15,Friday,2026-09-04
2026-09-04 15:36:00+00:00,2026-09-04 15:34:24.714922+00:00,1.6,8.7,11.727593216563168,18,-9.3,9.3,-6.272406783436832,6.272406783436832,0.0,OK,15,Friday,2026-09-04
2026-09-04 15:39:00+00:00,2026-09-04 15:34:24.714922+00:00,4.6,8.6,11.592793294533708,11,-2.4000000000000004,2.4000000000000004,0.592793294533708,0.592793294533708,0.0,OK,15,Friday,2026-09-04
2026-09-04 15:42:00+00:00,2026-09-04 15:34:24.714922+00:00,7.6,8.6,11.592793294533708,3,5.6,5.6,8.592793294533708,8.592793294533708,0.0,OK,15,Friday,2026-09-04
2026-09-04 15:45:00+00:00,2026-09-04 15:44:54.636681+00:00,0.1,7.4,9.975194230180167,4,3.4000000000000004,3.4000000000000004,5.975194230180167,5.975194230180167,0.0,OK,15,Friday,2026-09-04
2026-09-04 15:48:00+00:00,2026-09-04 15:44:54.636681+00:00,3.1,7.2,9.705594386121243,7,0.20000000000000018,0.20000000000000018,2.705594386121243,2.705594386121243,0.0,OK,15,Friday,2026-09-04
2026-09-04 15:51:00+00:00,2026-09-04 15:44:54.636681+00:00,6.1,7.2,9.705594386121243,14,-6.8,6.8,-4.294405613878757,4.294405613878757,0.0,OK,15,Friday,2026-09-04
2026-09-04 15:54:00+00:00,2026-09-04 15:54:31.985005+00:00,-0.5,8.6,11.592793294533708,9,-0.40000000000000036,0.40000000000000036,2.592793294533708,2.592793294533708,0.0,OK,15,Friday,2026-09-04
2026-09-04 15:57:00+00:00,2026-09-04 15:54:31.985005+00:00,2.5,8.8,11.862393138592632,4,4.800000000000001,4.800000000000001,7.862393138592632,7.862393138592632,0.0,OK,15,Friday,2026-09-04
2026-09-04 16:00:00+00:00,2026-09-04 15:54:31.985005+00:00,5.5,8.8,11.862393138592632,9,-0.1999999999999993,0.1999999999999993,2.8623931385926316,2.8623931385926316,0.0,OK,16,Friday,2026-09-04
2026-09-04 16:03:00+00:00,2026-09-04 15:54:31.985005+00:00,8.5,8.6,11.592793294533708,10,-1.4000000000000004,1.4000000000000004,1.592793294533708,1.592793294533708,0.0,OK,16,Friday,2026-09-04
2026-09-04 16:06:00+00:00,2026-09-04 16:04:19.246175+00:00,1.7,8.7,11.727593216563168,12,-3.3000000000000007,3.3000000000000007,-0.272406783436832,0.272406783436832,0.0,OK,16,Friday,2026-09-04
2026-09-04 16:09:00+00:00,2026-09-04 16:04:19.246175+00:00,4.7,8.8,11.862393138592632,8,0.8000000000000007,0.8000000000000007,3.8623931385926316,3.8623931385926316,0.0,OK,16,Friday,2026-09-04
2026-09-04 16:12:00+00:00,2026-09-04 16:04:19.246175+00:00,7.7,8.8,11.862393138592632,11,-2.1999999999999993,2.1999999999999993,0.8623931385926316,0.8623931385926316,0.0,OK,16,Friday,2026-09-04
2026-09-04 16:15:00+00:00,2026-09-04 16:14:58.400839+00:00,0.0,7.4,9.975194230180167,7,0.40000000000000036,0.40000000000000036,2.9751942301801666,2.9751942301801666,0.0,OK,16,Friday,2026-09-04
2026-09-04 16:18:00+00:00,2026-09-04 16:14:58.400839+00:00,3.0,7.3,9.840394308150705,9,-1.7000000000000002,1.7000000000000002,0.8403943081507048,0.8403943081507048,0.0,OK,16,Friday,2026-09-04
2026-09-04 16:21:00+00:00,2026-09-04 16:14:58.400839+00:00,6.0,7.5,10.109994152209628,8,-0.5,0.5,2.1099941522096284,2.1099941522096284,0.0,OK,16,Friday,2026-09-04
2026-09-04 16:24:00+00:00,2026-09-04 16:24:43.540972+00:00,-0.7,8.5,11.457993372504246,13,-4.5,4.5,-1.5420066274957538,1.5420066274957538,0.0,OK,16,Friday,2026-09-04
2026-09-04 16:27:00+00:00,2026-09-04 16:24:43.540972+00:00,2.3,8.6,11.592793294533708,14,-5.4,5.4,-2.407206705466292,2.407206705466292,0.0,OK,16,Friday,2026-09-04
2026-09-04 16:30:00+00:00,2026-09-04 16:24:43.540972+00:00,5.3,8.8,11.862393138592632,8,0.8000000000000007,0.8000000000000007,3.8623931385926316,3.8623931385926316,0.0,OK,16,Friday,2026-09-04
2026-09-04 16:33:00+00:00,2026-09-04 16:24:43.540972+00:00,8.3,9.2,12.401592826710477,9,0.1999999999999993,0.1999999999999993,3.401592826710477,3.401592826710477,0.0,OK,16,Friday,2026-09-04
2026-09-04 16:36:00+00:00,2026-09-04 16:34:37.928035+00:00,1.4,7.0,9.43599454206232,6,1.0,1.0,3.4359945420623195,3.4359945420623195,0.0,OK,16,Friday,2026-09-04
2026-09-04 16:39:00+00:00,2026-09-04 16:34:37.928035+00:00,4.4,6.9,9.30119462003286,11,-4.1,4.1,-1.6988053799671405,1.6988053799671405,0.0,OK,16,Friday,2026-09-04
2026-09-04 16:42:00+00:00,2026-09-04 16:34:37.928035+00:00,7.4,7.1,9.570794464091781,13,-5.9,5.9,-3.4292055359082187,3.4292055359082187,0.0,OK,16,Friday,2026-09-04
2026-09-04 16:45:00+00:00,2026-09-04 16:44:34.151028+00:00,0.4,7.7,10.379593996268552,15,-7.3,7.3,-4.620406003731448,4.620406003731448,0.0,OK,16,Friday,2026-09-04
2026-09-04 16:48:00+00:00,2026-09-04 16:44:34.151028+00:00,3.4,7.5,10.109994152209628,15,-7.5,7.5,-4.890005847790372,4.890005847790372,0.0,OK,16,Friday,2026-09-04
2026-09-04 16:51:00+00:00,2026-09-04 16:44:34.151028+00:00,6.4,7.6,10.24479407423909,24,-16.4,16.4,-13.75520592576091,13.75520592576091,0.0,OK,16,Friday,2026-09-04
2026-09-04 16:54:00+00:00,2026-09-04 16:55:02.457814+00:00,-1.0,11.8,15.906390799476483,17,-5.199999999999999,5.199999999999999,-1.0936092005235167,1.0936092005235167,0.0,OK,16,Friday,2026-09-04
2026-09-04 16:57:00+00:00,2026-09-04 16:55:02.457814+00:00,2.0,11.5,15.501991033388098,12,-0.5,0.5,3.501991033388098,3.501991033388098,0.0,OK,16,Friday,2026-09-04
2026-09-04 17:00:00+00:00,2026-09-04 16:55:02.457814+00:00,5.0,11.1,14.96279134527025,16,-4.9,4.9,-1.0372086547297492,1.0372086547297492,0.0,OK,17,Friday,2026-09-04
2026-09-04 17:03:00+00:00,2026-09-04 16:55:02.457814+00:00,8.0,10.9,14.693191501211327,22,-11.1,11.1,-7.306808498788673,7.306808498788673,0.0,OK,17,Friday,2026-09-04
2026-09-04 17:06:00+00:00,2026-09-04 17:04:55.635172+00:00,1.1,12.0,16.175990643535407,20,-8.0,8.0,-3.824009356464593,3.824009356464593,0.0,OK,17,Friday,2026-09-04
2026-09-04 17:09:00+00:00,2026-09-04 17:04:55.635172+00:00,4.1,11.3,15.232391189329174,9,2.3000000000000007,2.3000000000000007,6.232391189329174,6.232391189329174,0.0,OK,17,Friday,2026-09-04
2026-09-04 17:12:00+00:00,2026-09-04 17:04:55.635172+00:00,7.1,11.0,14.827991423240789,21,-10.0,10.0,-6.172008576759211,6.172008576759211,0.0,OK,17,Friday,2026-09-04
2026-09-04 17:15:00+00:00,2026-09-04 17:15:04.955343+00:00,-0.1,8.3,11.188393528445323,16,-7.699999999999999,7.699999999999999,-4.811606471554677,4.811606471554677,0.0,OK,17,Friday,2026-09-04
2026-09-04 17:18:00+00:00,2026-09-04 17:15:04.955343+00:00,2.9,8.4,11.323193450474784,9,-0.5999999999999996,0.5999999999999996,2.3231934504747844,2.3231934504747844,0.0,OK,17,Friday,2026-09-04
2026-09-04 17:21:00+00:00,2026-09-04 17:15:04.955343+00:00,5.9,8.6,11.592793294533708,9,-0.40000000000000036,0.40000000000000036,2.592793294533708,2.592793294533708,0.0,OK,17,Friday,2026-09-04
2026-09-04 17:24:00+00:00,2026-09-04 17:15:04.955343+00:00,8.9,8.6,11.592793294533708,12,-3.4000000000000004,3.4000000000000004,-0.407206705466292,0.407206705466292,0.0,OK,17,Friday,2026-09-04
2026-09-04 17:27:00+00:00,2026-09-04 17:26:36.625431+00:00,0.4,9.5,12.805992592798862,13,-3.5,3.5,-0.19400740720113774,0.19400740720113774,0.0,OK,17,Friday,2026-09-04
2026-09-04 17:30:00+00:00,2026-09-04 17:26:36.625431+00:00,3.4,9.3,12.53639274873994,14,-4.699999999999999,4.699999999999999,-1.4636072512600595,1.4636072512600595,0.0,OK,17,Friday,2026-09-04
2026-09-04 17:33:00+00:00,2026-09-04 17:26:36.625431+00:00,6.4,9.5,12.805992592798862,23,-13.5,13.5,-10.194007407201138,10.194007407201138,0.0,OK,17,Friday,2026-09-04
2026-09-04 17:36:00+00:00,2026-09-04 17:35:25.817174+00:00,0.6,8.0,10.783993762356937,15,-7.0,7.0,-4.216006237643063,4.216006237643063,0.0,OK,17,Friday,2026-09-04
2026-09-04 17:39:00+00:00,2026-09-04 17:35:25.817174+00:00,3.6,7.7,10.379593996268552,16,-8.3,8.3,-5.620406003731448,5.620406003731448,0.0,OK,17,Friday,2026-09-04
2026-09-04 17:42:00+00:00,2026-09-04 17:35:25.817174+00:00,6.6,7.6,10.24479407423909,9,-1.4000000000000004,1.4000000000000004,1.2447940742390902,1.2447940742390902,0.0,OK,17,Friday,2026-09-04
2026-09-04 17:45:00+00:00,2026-09-04 17:44:04.582177+00:00,0.9,8.2,11.053593606415859,9,-0.8000000000000007,0.8000000000000007,2.053593606415859,2.053593606415859,0.0,OK,17,Friday,2026-09-04
2026-09-04 17:48:00+00:00,2026-09-04 17:44:04.582177+00:00,3.9,7.5,10.109994152209628,8,-0.5,0.5,2.1099941522096284,2.1099941522096284,0.0,OK,17,Friday,2026-09-04
2026-09-04 17:51:00+00:00,2026-09-04 17:44:04.582177+00:00,6.9,7.2,9.705594386121243,7,0.20000000000000018,0.20000000000000018,2.705594386121243,2.705594386121243,0.0,OK,17,Friday,2026-09-04
2026-09-04 17:54:00+00:00,2026-09-04 17:54:05.222980+00:00,-0.1,6.1,8.222795243797163,7,-0.9000000000000004,0.9000000000000004,1.2227952437971634,1.2227952437971634,0.0,OK,17,Friday,2026-09-04
2026-09-04 17:57:00+00:00,2026-09-04 17:54:05.222980+00:00,2.9,5.9,7.953195399738242,8,-2.0999999999999996,2.0999999999999996,-0.04680460026175837,0.04680460026175837,0.0,OK,17,Friday,2026-09-04
2026-09-04 18:00:00+00:00,2026-09-04 17:54:05.222980+00:00,5.9,5.6,7.548795633649855,8,-2.4000000000000004,2.4000000000000004,-0.4512043663501446,0.4512043663501446,0.0,OK,18,Friday,2026-09-04
2026-09-04 18:03:00+00:00,2026-09-04 17:54:05.222980+00:00,8.9,5.4,7.279195789590933,10,-4.6,4.6,-2.7208042104090673,2.7208042104090673,0.0,OK,18,Friday,2026-09-04
2026-09-04 18:06:00+00:00,2026-09-04 18:04:06.460155+00:00,1.9,6.6,8.896794853944472,11,-4.4,4.4,-2.1032051460555277,2.1032051460555277,0.0,OK,18,Friday,2026-09-04
2026-09-04 18:09:00+00:00,2026-09-04 18:04:06.460155+00:00,4.9,6.2,8.357595165826627,17,-10.8,10.8,-8.642404834173373,8.642404834173373,0.0,OK,18,Friday,2026-09-04
2026-09-04 18:12:00+00:00,2026-09-04 18:04:06.460155+00:00,7.9,5.8,7.818395477708779,5,0.7999999999999998,0.7999999999999998,2.818395477708779,2.818395477708779,0.0,OK,18,Friday,2026-09-04
2026-09-04 18:15:00+00:00,2026-09-04 18:14:09.246912+00:00,0.8,5.7,7.683595555679318,10,-4.3,4.3,-2.316404444320682,2.316404444320682,0.0,OK,18,Friday,2026-09-04
2026-09-04 18:18:00+00:00,2026-09-04 18:14:09.246912+00:00,3.8,4.9,6.605196179443625,2,2.9000000000000004,2.9000000000000004,4.605196179443625,4.605196179443625,0.0,OK,18,Friday,2026-09-04
2026-09-04 18:21:00+00:00,2026-09-04 18:14:09.246912+00:00,6.8,4.3,5.796396647266854,1,3.3,3.3,4.796396647266854,4.796396647266854,0.0,OK,18,Friday,2026-09-04
2026-09-04 18:24:00+00:00,2026-09-04 18:24:00.428948+00:00,-0.0,2.2,2.965598284648158,2,0.20000000000000018,0.20000000000000018,0.9655982846481579,0.9655982846481579,0.0,OK,18,Friday,2026-09-04
2026-09-04 18:27:00+00:00,2026-09-04 18:24:00.428948+00:00,3.0,2.3,3.1003982066776192,3,-0.7000000000000002,0.7000000000000002,0.10039820667761923,0.10039820667761923,0.0,OK,18,Friday,2026-09-04
2026-09-05 06:33:00+00:00,2026-09-05 06:24:32.875379+00:00,8.5,3.9,5.257196959149007,3,0.8999999999999999,0.8999999999999999,2.257196959149007,2.257196959149007,0.0,OK,6,Saturday,2026-09-05
2026-09-05 06:36:00+00:00,2026-09-05 06:34:46.383818+00:00,1.2,4.9,6.605196179443625,7,-2.0999999999999996,2.0999999999999996,-0.3948038205563753,0.3948038205563753,0.0,OK,6,Saturday,2026-09-05
2026-09-05 06:39:00+00:00,2026-09-05 06:34:46.383818+00:00,4.2,4.8,6.470396257414162,4,0.7999999999999998,0.7999999999999998,2.470396257414162,2.470396257414162,0.0,OK,6,Saturday,2026-09-05
2026-09-05 06:42:00+00:00,2026-09-05 06:34:46.383818+00:00,7.2,5.4,7.279195789590933,3,2.4000000000000004,2.4000000000000004,4.279195789590933,4.279195789590933,0.0,OK,6,Saturday,2026-09-05
2026-09-05 06:45:00+00:00,2026-09-05 06:45:17.904481+00:00,-0.3,3.9,5.257196959149007,3,0.8999999999999999,0.8999999999999999,2.257196959149007,2.257196959149007,0.0,OK,6,Saturday,2026-09-05
2026-09-05 06:48:00+00:00,2026-09-05 06:45:17.904481+00:00,2.7,4.0,5.391996881178469,4,0.0,0.0,1.3919968811784686,1.3919968811784686,0.0,OK,6,Saturday,2026-09-05
2026-09-05 06:51:00+00:00,2026-09-05 06:45:17.904481+00:00,5.7,4.3,5.796396647266854,1,3.3,3.3,4.796396647266854,4.796396647266854,0.0,OK,6,Saturday,2026-09-05
2026-09-05 06:57:00+00:00,2026-09-05 06:54:35.942786+00:00,2.4,4.4,5.931196569296316,2,2.4000000000000004,2.4000000000000004,3.931196569296316,3.931196569296316,0.0,OK,6,Saturday,2026-09-05
2026-09-05 07:00:00+00:00,2026-09-05 06:54:35.942786+00:00,5.4,4.7,6.335596335384701,9,-4.3,4.3,-2.664403664615299,2.664403664615299,0.0,OK,7,Saturday,2026-09-05
2026-09-05 07:06:00+00:00,2026-09-05 07:04:44.637428+00:00,1.3,6.1,8.222795243797163,1,5.1,5.1,7.222795243797163,7.222795243797163,0.0,OK,7,Saturday,2026-09-05
2026-09-05 07:09:00+00:00,2026-09-05 07:04:44.637428+00:00,4.3,6.4,8.62719500988555,5,1.4000000000000004,1.4000000000000004,3.6271950098855505,3.6271950098855505,0.0,OK,7,Saturday,2026-09-05
2026-09-05 07:12:00+00:00,2026-09-05 07:04:44.637428+00:00,7.3,6.2,8.357595165826627,4,2.2,2.2,4.357595165826627,4.357595165826627,0.0,OK,7,Saturday,2026-09-05
2026-09-05 07:15:00+00:00,2026-09-05 07:15:16.997696+00:00,-0.3,5.5,7.4139957116203945,3,2.5,2.5,4.4139957116203945,4.4139957116203945,0.0,OK,7,Saturday,2026-09-05
2026-09-05 07:18:00+00:00,2026-09-05 07:15:16.997696+00:00,2.7,5.5,7.4139957116203945,3,2.5,2.5,4.4139957116203945,4.4139957116203945,0.0,OK,7,Saturday,2026-09-05
2026-09-05 07:21:00+00:00,2026-09-05 07:15:16.997696+00:00,5.7,5.6,7.548795633649855,13,-7.4,7.4,-5.451204366350145,5.451204366350145,0.0,OK,7,Saturday,2026-09-05
2026-09-05 07:24:00+00:00,2026-09-05 07:15:16.997696+00:00,8.7,5.7,7.683595555679318,8,-2.3,2.3,-0.31640444432068193,0.31640444432068193,0.0,OK,7,Saturday,2026-09-05
2026-09-05 07:27:00+00:00,2026-09-05 07:25:56.060067+00:00,1.1,7.4,9.975194230180167,11,-3.5999999999999996,3.5999999999999996,-1.0248057698198334,1.0248057698198334,0.0,OK,7,Saturday,2026-09-05
2026-09-05 07:30:00+00:00,2026-09-05 07:25:56.060067+00:00,4.1,7.4,9.975194230180167,20,-12.6,12.6,-10.024805769819833,10.024805769819833,0.0,OK,7,Saturday,2026-09-05
2026-09-05 07:33:00+00:00,2026-09-05 07:25:56.060067+00:00,7.1,7.0,9.43599454206232,13,-6.0,6.0,-3.5640054579376805,3.5640054579376805,0.0,OK,7,Saturday,2026-09-05
2026-09-05 07:36:00+00:00,2026-09-05 07:34:48.883522+00:00,1.2,11.3,15.232391189329174,11,0.3000000000000007,0.3000000000000007,4.232391189329174,4.232391189329174,0.0,OK,7,Saturday,2026-09-05
2026-09-05 07:39:00+00:00,2026-09-05 07:34:48.883522+00:00,4.2,10.5,14.15399181309348,7,3.5,3.5,7.15399181309348,7.15399181309348,0.0,OK,7,Saturday,2026-09-05
2026-09-05 07:42:00+00:00,2026-09-05 07:34:48.883522+00:00,7.2,9.6,12.940792514828324,8,1.5999999999999996,1.5999999999999996,4.940792514828324,4.940792514828324,0.0,OK,7,Saturday,2026-09-05
2026-09-05 07:45:00+00:00,2026-09-05 07:45:08.632063+00:00,-0.1,6.0,8.087995321767703,5,1.0,1.0,3.0879953217677034,3.0879953217677034,0.0,OK,7,Saturday,2026-09-05
2026-09-05 07:48:00+00:00,2026-09-05 07:45:08.632063+00:00,2.9,6.2,8.357595165826627,5,1.2000000000000002,1.2000000000000002,3.357595165826627,3.357595165826627,0.0,OK,7,Saturday,2026-09-05
2026-09-05 07:51:00+00:00,2026-09-05 07:45:08.632063+00:00,5.9,6.6,8.896794853944472,6,0.5999999999999996,0.5999999999999996,2.8967948539444723,2.8967948539444723,0.0,OK,7,Saturday,2026-09-05
2026-09-05 07:54:00+00:00,2026-09-05 07:54:38.697651+00:00,-0.6,6.1,8.222795243797163,1,5.1,5.1,7.222795243797163,7.222795243797163,0.0,OK,7,Saturday,2026-09-05
2026-09-05 07:57:00+00:00,2026-09-05 07:54:38.697651+00:00,2.4,6.2,8.357595165826627,8,-1.7999999999999998,1.7999999999999998,0.357595165826627,0.357595165826627,0.0,OK,7,Saturday,2026-09-05
2026-09-05 08:00:00+00:00,2026-09-05 07:54:38.697651+00:00,5.4,6.5,8.761994931915012,2,4.5,4.5,6.761994931915012,6.761994931915012,0.0,OK,8,Saturday,2026-09-05
2026-09-05 08:03:00+00:00,2026-09-05 07:54:38.697651+00:00,8.4,6.6,8.896794853944472,5,1.5999999999999996,1.5999999999999996,3.8967948539444723,3.8967948539444723,0.0,OK,8,Saturday,2026-09-05
2026-09-05 08:06:00+00:00,2026-09-05 08:05:01.715676+00:00,1.0,5.2,7.009595945532009,8,-2.8,2.8,-0.9904040544679908,0.9904040544679908,0.0,OK,8,Saturday,2026-09-05
2026-09-05 08:09:00+00:00,2026-09-05 08:05:01.715676+00:00,4.0,5.3,7.144395867561471,9,-3.7,3.7,-1.855604132438529,1.855604132438529,0.0,OK,8,Saturday,2026-09-05
2026-09-05 08:12:00+00:00,2026-09-05 08:05:01.715676+00:00,7.0,5.7,7.683595555679318,15,-9.3,9.3,-7.316404444320682,7.316404444320682,0.0,OK,8,Saturday,2026-09-05
2026-09-05 08:15:00+00:00,2026-09-05 08:14:58.126537+00:00,0.0,6.8,9.166394698003396,11,-4.2,4.2,-1.833605301996604,1.833605301996604,0.0,OK,8,Saturday,2026-09-05
2026-09-05 08:18:00+00:00,2026-09-05 08:14:58.126537+00:00,3.0,6.6,8.896794853944472,6,0.5999999999999996,0.5999999999999996,2.8967948539444723,2.8967948539444723,0.0,OK,8,Saturday,2026-09-05
2026-09-05 08:21:00+00:00,2026-09-05 08:14:58.126537+00:00,6.0,6.4,8.62719500988555,12,-5.6,5.6,-3.3728049901144495,3.3728049901144495,0.0,OK,8,Saturday,2026-09-05
2026-09-05 08:24:00+00:00,2026-09-05 08:25:35.698626+00:00,-1.6,7.4,9.975194230180167,7,0.40000000000000036,0.40000000000000036,2.9751942301801666,2.9751942301801666,0.0,OK,8,Saturday,2026-09-05
2026-09-05 08:27:00+00:00,2026-09-05 08:25:35.698626+00:00,1.4,7.3,9.840394308150705,4,3.3,3.3,5.840394308150705,5.840394308150705,0.0,OK,8,Saturday,2026-09-05
2026-09-05 08:30:00+00:00,2026-09-05 08:25:35.698626+00:00,4.4,7.2,9.705594386121243,15,-7.8,7.8,-5.294405613878757,5.294405613878757,0.0,OK,8,Saturday,2026-09-05
2026-09-05 08:33:00+00:00,2026-09-05 08:25:35.698626+00:00,7.4,7.2,9.705594386121243,7,0.20000000000000018,0.20000000000000018,2.705594386121243,2.705594386121243,0.0,OK,8,Saturday,2026-09-05
2026-09-05 08:36:00+00:00,2026-09-05 08:34:57.186443+00:00,1.0,9.4,12.671192670769402,10,-0.5999999999999996,0.5999999999999996,2.6711926707694023,2.6711926707694023,0.0,OK,8,Saturday,2026-09-05
2026-09-05 08:39:00+00:00,2026-09-05 08:34:57.186443+00:00,4.0,9.2,12.401592826710477,1,8.2,8.2,11.401592826710477,11.401592826710477,0.0,OK,8,Saturday,2026-09-05
2026-09-05 08:42:00+00:00,2026-09-05 08:34:57.186443+00:00,7.0,9.0,12.131992982651555,10,-1.0,1.0,2.131992982651555,2.131992982651555,0.0,OK,8,Saturday,2026-09-05
2026-09-05 08:45:00+00:00,2026-09-05 08:45:25.368212+00:00,-0.4,5.9,7.953195399738242,9,-3.0999999999999996,3.0999999999999996,-1.0468046002617584,1.0468046002617584,0.0,OK,8,Saturday,2026-09-05
2026-09-05 08:48:00+00:00,2026-09-05 08:45:25.368212+00:00,2.6,6.1,8.222795243797163,8,-1.9000000000000004,1.9000000000000004,0.22279524379716342,0.22279524379716342,0.0,OK,8,Saturday,2026-09-05
2026-09-05 08:51:00+00:00,2026-09-05 08:45:25.368212+00:00,5.6,6.2,8.357595165826627,11,-4.8,4.8,-2.642404834173373,2.642404834173373,0.0,OK,8,Saturday,2026-09-05
2026-09-05 08:54:00+00:00,2026-09-05 08:54:59.185009+00:00,-1.0,7.2,9.705594386121243,10,-2.8,2.8,-0.29440561387875697,0.29440561387875697,0.0,OK,8,Saturday,2026-09-05
2026-09-05 08:57:00+00:00,2026-09-05 08:54:59.185009+00:00,2.0,7.2,9.705594386121243,7,0.20000000000000018,0.20000000000000018,2.705594386121243,2.705594386121243,0.0,OK,8,Saturday,2026-09-05
2026-09-05 09:00:00+00:00,2026-09-05 08:54:59.185009+00:00,5.0,7.3,9.840394308150705,7,0.2999999999999998,0.2999999999999998,2.840394308150705,2.840394308150705,0.0,OK,9,Saturday,2026-09-05
2026-09-05 09:03:00+00:00,2026-09-05 08:54:59.185009+00:00,8.0,7.3,9.840394308150705,11,-3.7,3.7,-1.1596056918492952,1.1596056918492952,0.0,OK,9,Saturday,2026-09-05
2026-09-05 09:06:00+00:00,2026-09-05 09:05:12.063353+00:00,0.8,8.0,10.783993762356937,7,1.0,1.0,3.7839937623569373,3.7839937623569373,0.0,OK,9,Saturday,2026-09-05
2026-09-05 09:09:00+00:00,2026-09-05 09:05:12.063353+00:00,3.8,8.3,11.188393528445323,8,0.3000000000000007,0.3000000000000007,3.1883935284453226,3.1883935284453226,0.0,OK,9,Saturday,2026-09-05
2026-09-05 09:12:00+00:00,2026-09-05 09:05:12.063353+00:00,6.8,8.4,11.323193450474784,13,-4.6,4.6,-1.6768065495252156,1.6768065495252156,0.0,OK,9,Saturday,2026-09-05
2026-09-05 09:15:00+00:00,2026-09-05 09:14:46.901861+00:00,0.2,7.0,9.43599454206232,14,-7.0,7.0,-4.5640054579376805,4.5640054579376805,0.0,OK,9,Saturday,2026-09-05
2026-09-05 09:18:00+00:00,2026-09-05 09:14:46.901861+00:00,3.2,7.0,9.43599454206232,14,-7.0,7.0,-4.5640054579376805,4.5640054579376805,0.0,OK,9,Saturday,2026-09-05
2026-09-05 09:21:00+00:00,2026-09-05 09:14:46.901861+00:00,6.2,7.1,9.570794464091781,8,-0.9000000000000004,0.9000000000000004,1.5707944640917813,1.5707944640917813,0.0,OK,9,Saturday,2026-09-05
2026-09-05 09:24:00+00:00,2026-09-05 09:25:11.077304+00:00,-1.2,9.5,12.805992592798862,16,-6.5,6.5,-3.1940074072011377,3.1940074072011377,0.0,OK,9,Saturday,2026-09-05
2026-09-05 09:27:00+00:00,2026-09-05 09:25:11.077304+00:00,1.8,9.1,12.266792904681015,17,-7.9,7.9,-4.733207095318985,4.733207095318985,0.0,OK,9,Saturday,2026-09-05
2026-09-05 09:30:00+00:00,2026-09-05 09:25:11.077304+00:00,4.8,8.9,11.997193060622093,10,-1.0999999999999996,1.0999999999999996,1.9971930606220933,1.9971930606220933,0.0,OK,9,Saturday,2026-09-05
2026-09-05 09:33:00+00:00,2026-09-05 09:25:11.077304+00:00,7.8,8.9,11.997193060622093,7,1.9000000000000004,1.9000000000000004,4.997193060622093,4.997193060622093,0.0,OK,9,Saturday,2026-09-05
2026-09-05 09:36:00+00:00,2026-09-05 09:35:47.046329+00:00,0.2,11.5,15.501991033388098,12,-0.5,0.5,3.501991033388098,3.501991033388098,0.0,OK,9,Saturday,2026-09-05
2026-09-05 09:39:00+00:00,2026-09-05 09:35:47.046329+00:00,3.2,11.2,15.09759126729971,7,4.199999999999999,4.199999999999999,8.09759126729971,8.09759126729971,0.0,OK,9,Saturday,2026-09-05
2026-09-05 09:42:00+00:00,2026-09-05 09:35:47.046329+00:00,6.2,10.8,14.558391579181865,11,-0.1999999999999993,0.1999999999999993,3.5583915791818654,3.5583915791818654,0.0,OK,9,Saturday,2026-09-05
2026-09-05 09:45:00+00:00,2026-09-05 09:46:39.812556+00:00,-1.7,7.1,9.570794464091781,13,-5.9,5.9,-3.4292055359082187,3.4292055359082187,0.0,OK,9,Saturday,2026-09-05
2026-09-05 09:48:00+00:00,2026-09-05 09:46:39.812556+00:00,1.3,7.3,9.840394308150705,13,-5.7,5.7,-3.159605691849295,3.159605691849295,0.0,OK,9,Saturday,2026-09-05
2026-09-05 09:51:00+00:00,2026-09-05 09:46:39.812556+00:00,4.3,7.4,9.975194230180167,8,-0.5999999999999996,0.5999999999999996,1.9751942301801666,1.9751942301801666,0.0,OK,9,Saturday,2026-09-05
2026-09-05 09:54:00+00:00,2026-09-05 09:55:07.231132+00:00,-1.1,9.8,13.21039235888725,11,-1.1999999999999993,1.1999999999999993,2.2103923588872494,2.2103923588872494,0.0,OK,9,Saturday,2026-09-05
2026-09-05 09:57:00+00:00,2026-09-05 09:55:07.231132+00:00,1.9,9.4,12.671192670769402,6,3.4000000000000004,3.4000000000000004,6.671192670769402,6.671192670769402,0.0,OK,9,Saturday,2026-09-05
2026-09-05 10:00:00+00:00,2026-09-05 09:55:07.231132+00:00,4.9,9.3,12.53639274873994,10,-0.6999999999999993,0.6999999999999993,2.5363927487399405,2.5363927487399405,0.0,OK,10,Saturday,2026-09-05
2026-09-05 10:03:00+00:00,2026-09-05 09:55:07.231132+00:00,7.9,9.3,12.53639274873994,9,0.3000000000000007,0.3000000000000007,3.5363927487399405,3.5363927487399405,0.0,OK,10,Saturday,2026-09-05
2026-09-05 10:06:00+00:00,2026-09-05 10:05:35.512190+00:00,0.4,9.6,12.940792514828324,14,-4.4,4.4,-1.059207485171676,1.059207485171676,0.0,OK,10,Saturday,2026-09-05
2026-09-05 10:09:00+00:00,2026-09-05 10:05:35.512190+00:00,3.4,9.8,13.21039235888725,15,-5.199999999999999,5.199999999999999,-1.7896076411127506,1.7896076411127506,0.0,OK,10,Saturday,2026-09-05
2026-09-05 10:12:00+00:00,2026-09-05 10:05:35.512190+00:00,6.4,9.9,13.345192280916711,16,-6.1,6.1,-2.654807719083289,2.654807719083289,0.0,OK,10,Saturday,2026-09-05
2026-09-05 10:15:00+00:00,2026-09-05 10:15:05.758894+00:00,-0.1,10.8,14.558391579181865,8,2.8000000000000007,2.8000000000000007,6.558391579181865,6.558391579181865,0.0,OK,10,Saturday,2026-09-05
2026-09-05 10:18:00+00:00,2026-09-05 10:15:05.758894+00:00,2.9,10.2,13.749592047005095,11,-0.8000000000000007,0.8000000000000007,2.7495920470050947,2.7495920470050947,0.0,OK,10,Saturday,2026-09-05
2026-09-05 10:21:00+00:00,2026-09-05 10:15:05.758894+00:00,5.9,9.8,13.21039235888725,17,-7.199999999999999,7.199999999999999,-3.7896076411127506,3.7896076411127506,0.0,OK,10,Saturday,2026-09-05
2026-09-05 10:24:00+00:00,2026-09-05 10:24:47.482979+00:00,-0.8,8.4,11.323193450474784,9,-0.5999999999999996,0.5999999999999996,2.3231934504747844,2.3231934504747844,0.0,OK,10,Saturday,2026-09-05
2026-09-05 10:27:00+00:00,2026-09-05 10:24:47.482979+00:00,2.2,8.4,11.323193450474784,12,-3.5999999999999996,3.5999999999999996,-0.6768065495252156,0.6768065495252156,0.0,OK,10,Saturday,2026-09-05
2026-09-05 10:30:00+00:00,2026-09-05 10:24:47.482979+00:00,5.2,8.8,11.862393138592632,6,2.8000000000000007,2.8000000000000007,5.862393138592632,5.862393138592632,0.0,OK,10,Saturday,2026-09-05
2026-09-05 10:33:00+00:00,2026-09-05 10:24:47.482979+00:00,8.2,8.9,11.997193060622093,8,0.9000000000000004,0.9000000000000004,3.9971930606220933,3.9971930606220933,0.0,OK,10,Saturday,2026-09-05
2026-09-05 10:36:00+00:00,2026-09-05 10:34:56.698353+00:00,1.1,8.4,11.323193450474784,10,-1.5999999999999996,1.5999999999999996,1.3231934504747844,1.3231934504747844,0.0,OK,10,Saturday,2026-09-05
2026-09-05 10:39:00+00:00,2026-09-05 10:34:56.698353+00:00,4.1,8.3,11.188393528445323,20,-11.7,11.7,-8.811606471554677,8.811606471554677,0.0,OK,10,Saturday,2026-09-05
2026-09-05 10:42:00+00:00,2026-09-05 10:34:56.698353+00:00,7.1,8.3,11.188393528445323,13,-4.699999999999999,4.699999999999999,-1.8116064715546774,1.8116064715546774,0.0,OK,10,Saturday,2026-09-05
2026-09-05 10:45:00+00:00,2026-09-05 10:45:52.632783+00:00,-0.9,7.5,10.109994152209628,13,-5.5,5.5,-2.8900058477903716,2.8900058477903716,0.0,OK,10,Saturday,2026-09-05
2026-09-05 10:48:00+00:00,2026-09-05 10:45:52.632783+00:00,2.1,7.2,9.705594386121243,16,-8.8,8.8,-6.294405613878757,6.294405613878757,0.0,OK,10,Saturday,2026-09-05
2026-09-05 10:51:00+00:00,2026-09-05 10:45:52.632783+00:00,5.1,7.1,9.570794464091781,9,-1.9000000000000004,1.9000000000000004,0.5707944640917813,0.5707944640917813,0.0,OK,10,Saturday,2026-09-05
2026-09-05 10:54:00+00:00,2026-09-05 10:55:21.408638+00:00,-1.4,9.5,12.805992592798862,8,1.5,1.5,4.805992592798862,4.805992592798862,0.0,OK,10,Saturday,2026-09-05
2026-09-05 10:57:00+00:00,2026-09-05 10:55:21.408638+00:00,1.6,9.2,12.401592826710477,4,5.199999999999999,5.199999999999999,8.401592826710477,8.401592826710477,0.0,OK,10,Saturday,2026-09-05
2026-09-05 11:00:00+00:00,2026-09-05 10:55:21.408638+00:00,4.6,9.0,12.131992982651555,5,4.0,4.0,7.131992982651555,7.131992982651555,0.0,OK,11,Saturday,2026-09-05
2026-09-05 11:03:00+00:00,2026-09-05 10:55:21.408638+00:00,7.6,8.8,11.862393138592632,5,3.8000000000000007,3.8000000000000007,6.862393138592632,6.862393138592632,0.0,OK,11,Saturday,2026-09-05
2026-09-05 11:06:00+00:00,2026-09-05 11:04:58.684179+00:00,1.0,6.5,8.761994931915012,8,-1.5,1.5,0.7619949319150123,0.7619949319150123,0.0,OK,11,Saturday,2026-09-05
2026-09-05 11:09:00+00:00,2026-09-05 11:04:58.684179+00:00,4.0,6.7,9.031594775973936,12,-5.3,5.3,-2.968405224026064,2.968405224026064,0.0,OK,11,Saturday,2026-09-05
2026-09-05 11:12:00+00:00,2026-09-05 11:04:58.684179+00:00,7.0,6.8,9.166394698003396,10,-3.2,3.2,-0.8336053019966041,0.8336053019966041,0.0,OK,11,Saturday,2026-09-05
2026-09-05 11:15:00+00:00,2026-09-05 11:15:17.862473+00:00,-0.3,6.3,8.492395087856089,8,-1.7000000000000002,1.7000000000000002,0.49239508785608876,0.49239508785608876,0.0,OK,11,Saturday,2026-09-05
2026-09-05 11:18:00+00:00,2026-09-05 11:15:17.862473+00:00,2.7,6.0,8.087995321767703,14,-8.0,8.0,-5.912004678232297,5.912004678232297,0.0,OK,11,Saturday,2026-09-05
2026-09-05 11:21:00+00:00,2026-09-05 11:15:17.862473+00:00,5.7,5.9,7.953195399738242,7,-1.0999999999999996,1.0999999999999996,0.9531953997382416,0.9531953997382416,0.0,OK,11,Saturday,2026-09-05
2026-09-05 11:24:00+00:00,2026-09-05 11:25:45.499544+00:00,-1.8,6.6,8.896794853944472,8,-1.4000000000000004,1.4000000000000004,0.8967948539444723,0.8967948539444723,0.0,OK,11,Saturday,2026-09-05
2026-09-05 11:27:00+00:00,2026-09-05 11:25:45.499544+00:00,1.2,6.3,8.492395087856089,2,4.3,4.3,6.492395087856089,6.492395087856089,0.0,OK,11,Saturday,2026-09-05
2026-09-05 11:30:00+00:00,2026-09-05 11:25:45.499544+00:00,4.2,6.2,8.357595165826627,8,-1.7999999999999998,1.7999999999999998,0.357595165826627,0.357595165826627,0.0,OK,11,Saturday,2026-09-05
2026-09-05 11:33:00+00:00,2026-09-05 11:25:45.499544+00:00,7.2,6.3,8.492395087856089,5,1.2999999999999998,1.2999999999999998,3.4923950878560888,3.4923950878560888,0.0,OK,11,Saturday,2026-09-05
2026-09-05 11:36:00+00:00,2026-09-05 11:34:15.487940+00:00,1.7,6.8,9.166394698003396,4,2.8,2.8,5.166394698003396,5.166394698003396,0.0,OK,11,Saturday,2026-09-05
2026-09-05 11:39:00+00:00,2026-09-05 11:34:15.487940+00:00,4.7,7.0,9.43599454206232,3,4.0,4.0,6.4359945420623195,6.4359945420623195,0.0,OK,11,Saturday,2026-09-05
2026-09-05 11:42:00+00:00,2026-09-05 11:34:15.487940+00:00,7.7,6.8,9.166394698003396,12,-5.2,5.2,-2.833605301996604,2.833605301996604,0.0,OK,11,Saturday,2026-09-05
2026-09-05 11:45:00+00:00,2026-09-05 11:45:10.260908+00:00,-0.2,5.0,6.739996101473086,11,-6.0,6.0,-4.260003898526914,4.260003898526914,0.0,OK,11,Saturday,2026-09-05
2026-09-05 11:48:00+00:00,2026-09-05 11:45:10.260908+00:00,2.8,5.2,7.009595945532009,10,-4.8,4.8,-2.990404054467991,2.990404054467991,0.0,OK,11,Saturday,2026-09-05
2026-09-05 11:51:00+00:00,2026-09-05 11:45:10.260908+00:00,5.8,5.2,7.009595945532009,6,-0.7999999999999998,0.7999999999999998,1.0095959455320092,1.0095959455320092,0.0,OK,11,Saturday,2026-09-05
2026-09-05 11:54:00+00:00,2026-09-05 11:54:48.696629+00:00,-0.8,6.5,8.761994931915012,10,-3.5,3.5,-1.2380050680849877,1.2380050680849877,0.0,OK,11,Saturday,2026-09-05
2026-09-05 11:57:00+00:00,2026-09-05 11:54:48.696629+00:00,2.2,6.1,8.222795243797163,13,-6.9,6.9,-4.777204756202837,4.777204756202837,0.0,OK,11,Saturday,2026-09-05
2026-09-05 12:00:00+00:00,2026-09-05 11:54:48.696629+00:00,5.2,6.0,8.087995321767703,11,-5.0,5.0,-2.9120046782322966,2.9120046782322966,0.0,OK,12,Saturday,2026-09-05
2026-09-05 12:03:00+00:00,2026-09-05 11:54:48.696629+00:00,8.2,6.1,8.222795243797163,8,-1.9000000000000004,1.9000000000000004,0.22279524379716342,0.22279524379716342,0.0,OK,12,Saturday,2026-09-05
2026-09-05 12:06:00+00:00,2026-09-05 12:04:59.329170+00:00,1.0,8.6,11.592793294533708,10,-1.4000000000000004,1.4000000000000004,1.592793294533708,1.592793294533708,0.0,OK,12,Saturday,2026-09-05
2026-09-05 12:09:00+00:00,2026-09-05 12:04:59.329170+00:00,4.0,8.2,11.053593606415859,10,-1.8000000000000007,1.8000000000000007,1.053593606415859,1.053593606415859,0.0,OK,12,Saturday,2026-09-05
2026-09-05 12:12:00+00:00,2026-09-05 12:04:59.329170+00:00,7.0,7.8,10.514393918298014,6,1.7999999999999998,1.7999999999999998,4.514393918298014,4.514393918298014,0.0,OK,12,Saturday,2026-09-05
2026-09-05 12:15:00+00:00,2026-09-05 12:14:33.304720+00:00,0.4,6.0,8.087995321767703,7,-1.0,1.0,1.0879953217677034,1.0879953217677034,0.0,OK,12,Saturday,2026-09-05
2026-09-05 12:18:00+00:00,2026-09-05 12:14:33.304720+00:00,3.4,5.7,7.683595555679318,13,-7.3,7.3,-5.316404444320682,5.316404444320682,0.0,OK,12,Saturday,2026-09-05
2026-09-05 12:21:00+00:00,2026-09-05 12:14:33.304720+00:00,6.4,5.8,7.818395477708779,8,-2.2,2.2,-0.18160452229122104,0.18160452229122104,0.0,OK,12,Saturday,2026-09-05
2026-09-05 12:24:00+00:00,2026-09-05 12:24:33.041734+00:00,-0.6,5.6,7.548795633649855,5,0.5999999999999996,0.5999999999999996,2.5487956336498554,2.5487956336498554,0.0,OK,12,Saturday,2026-09-05
2026-09-05 12:27:00+00:00,2026-09-05 12:24:33.041734+00:00,2.4,5.3,7.144395867561471,4,1.2999999999999998,1.2999999999999998,3.144395867561471,3.144395867561471,0.0,OK,12,Saturday,2026-09-05
2026-09-05 12:30:00+00:00,2026-09-05 12:24:33.041734+00:00,5.4,5.3,7.144395867561471,1,4.3,4.3,6.144395867561471,6.144395867561471,0.0,OK,12,Saturday,2026-09-05
2026-09-05 12:33:00+00:00,2026-09-05 12:24:33.041734+00:00,8.4,5.3,7.144395867561471,6,-0.7000000000000002,0.7000000000000002,1.144395867561471,1.144395867561471,0.0,OK,12,Saturday,2026-09-05
2026-09-05 12:36:00+00:00,2026-09-05 12:34:31.326996+00:00,1.5,4.3,5.796396647266854,9,-4.7,4.7,-3.203603352733146,3.203603352733146,0.0,OK,12,Saturday,2026-09-05
2026-09-05 12:39:00+00:00,2026-09-05 12:34:31.326996+00:00,4.5,4.4,5.931196569296316,9,-4.6,4.6,-3.068803430703684,3.068803430703684,0.0,OK,12,Saturday,2026-09-05
2026-09-05 12:42:00+00:00,2026-09-05 12:34:31.326996+00:00,7.5,4.6,6.2007964133552385,6,-1.4000000000000004,1.4000000000000004,0.20079641335523846,0.20079641335523846,0.0,OK,12,Saturday,2026-09-05
2026-09-05 12:45:00+00:00,2026-09-05 12:44:19.692995+00:00,0.7,7.9,10.649193840327476,8,-0.09999999999999964,0.09999999999999964,2.6491938403274755,2.6491938403274755,0.0,OK,12,Saturday,2026-09-05
2026-09-05 12:48:00+00:00,2026-09-05 12:44:19.692995+00:00,3.7,7.6,10.24479407423909,6,1.5999999999999996,1.5999999999999996,4.24479407423909,4.24479407423909,0.0,OK,12,Saturday,2026-09-05
2026-09-05 12:51:00+00:00,2026-09-05 12:44:19.692995+00:00,6.7,7.3,9.840394308150705,8,-0.7000000000000002,0.7000000000000002,1.8403943081507048,1.8403943081507048,0.0,OK,12,Saturday,2026-09-05
2026-09-05 12:54:00+00:00,2026-09-05 12:55:17.509903+00:00,-1.3,5.8,7.818395477708779,10,-4.2,4.2,-2.181604522291221,2.181604522291221,0.0,OK,12,Saturday,2026-09-05
2026-09-05 12:57:00+00:00,2026-09-05 12:55:17.509903+00:00,1.7,5.6,7.548795633649855,9,-3.4000000000000004,3.4000000000000004,-1.4512043663501446,1.4512043663501446,0.0,OK,12,Saturday,2026-09-05
2026-09-05 13:00:00+00:00,2026-09-05 12:55:17.509903+00:00,4.7,5.6,7.548795633649855,12,-6.4,6.4,-4.451204366350145,4.451204366350145,0.0,OK,13,Saturday,2026-09-05
2026-09-05 13:03:00+00:00,2026-09-05 12:55:17.509903+00:00,7.7,5.8,7.818395477708779,16,-10.2,10.2,-8.18160452229122,8.18160452229122,0.0,OK,13,Saturday,2026-09-05
2026-09-05 13:06:00+00:00,2026-09-05 13:04:16.165713+00:00,1.7,8.3,11.188393528445323,6,2.3000000000000007,2.3000000000000007,5.188393528445323,5.188393528445323,0.0,OK,13,Saturday,2026-09-05
2026-09-05 13:09:00+00:00,2026-09-05 13:04:16.165713+00:00,4.7,8.1,10.918793684386399,12,-3.9000000000000004,3.9000000000000004,-1.081206315613601,1.081206315613601,0.0,OK,13,Saturday,2026-09-05
2026-09-05 13:12:00+00:00,2026-09-05 13:04:16.165713+00:00,7.7,7.8,10.514393918298014,17,-9.2,9.2,-6.485606081701986,6.485606081701986,0.0,OK,13,Saturday,2026-09-05
2026-09-05 13:15:00+00:00,2026-09-05 13:14:16.115567+00:00,0.7,5.5,7.4139957116203945,11,-5.5,5.5,-3.5860042883796055,3.5860042883796055,0.0,OK,13,Saturday,2026-09-05
2026-09-05 13:18:00+00:00,2026-09-05 13:14:16.115567+00:00,3.7,5.2,7.009595945532009,8,-2.8,2.8,-0.9904040544679908,0.9904040544679908,0.0,OK,13,Saturday,2026-09-05
2026-09-05 13:21:00+00:00,2026-09-05 13:14:16.115567+00:00,6.7,5.5,7.4139957116203945,6,-0.5,0.5,1.4139957116203945,1.4139957116203945,0.0,OK,13,Saturday,2026-09-05
2026-09-05 13:24:00+00:00,2026-09-05 13:24:20.561756+00:00,-0.3,6.1,8.222795243797163,7,-0.9000000000000004,0.9000000000000004,1.2227952437971634,1.2227952437971634,0.0,OK,13,Saturday,2026-09-05
2026-09-05 13:27:00+00:00,2026-09-05 13:24:20.561756+00:00,2.7,6.1,8.222795243797163,1,5.1,5.1,7.222795243797163,7.222795243797163,0.0,OK,13,Saturday,2026-09-05
2026-09-05 13:30:00+00:00,2026-09-05 13:24:20.561756+00:00,5.7,6.1,8.222795243797163,2,4.1,4.1,6.222795243797163,6.222795243797163,0.0,OK,13,Saturday,2026-09-05
2026-09-05 13:33:00+00:00,2026-09-05 13:24:20.561756+00:00,8.7,6.2,8.357595165826627,4,2.2,2.2,4.357595165826627,4.357595165826627,0.0,OK,13,Saturday,2026-09-05
2026-09-05 13:36:00+00:00,2026-09-05 13:34:24.475635+00:00,1.6,3.3,4.448397426972236,3,0.2999999999999998,0.2999999999999998,1.4483974269722362,1.4483974269722362,0.0,OK,13,Saturday,2026-09-05
2026-09-05 13:39:00+00:00,2026-09-05 13:34:24.475635+00:00,4.6,3.6,4.8527971930606215,1,2.6,2.6,3.8527971930606215,3.8527971930606215,0.0,OK,13,Saturday,2026-09-05
2026-09-05 13:42:00+00:00,2026-09-05 13:34:24.475635+00:00,7.6,3.9,5.257196959149007,7,-3.1,3.1,-1.7428030408509931,1.7428030408509931,0.0,OK,13,Saturday,2026-09-05
2026-09-05 13:45:00+00:00,2026-09-05 13:44:51.079697+00:00,0.1,4.0,5.391996881178469,6,-2.0,2.0,-0.6080031188215314,0.6080031188215314,0.0,OK,13,Saturday,2026-09-05
2026-09-05 13:48:00+00:00,2026-09-05 13:44:51.079697+00:00,3.1,4.2,5.661596725237392,7,-2.8,2.8,-1.3384032747626078,1.3384032747626078,0.0,OK,13,Saturday,2026-09-05
2026-09-05 13:51:00+00:00,2026-09-05 13:44:51.079697+00:00,6.1,4.3,5.796396647266854,4,0.2999999999999998,0.2999999999999998,1.796396647266854,1.796396647266854,0.0,OK,13,Saturday,2026-09-05
2026-09-05 13:54:00+00:00,2026-09-05 13:54:28.126776+00:00,-0.5,4.6,6.2007964133552385,6,-1.4000000000000004,1.4000000000000004,0.20079641335523846,0.20079641335523846,0.0,OK,13,Saturday,2026-09-05
2026-09-05 13:57:00+00:00,2026-09-05 13:54:28.126776+00:00,2.5,4.2,5.661596725237392,2,2.2,2.2,3.661596725237392,3.661596725237392,0.0,OK,13,Saturday,2026-09-05
2026-09-05 14:00:00+00:00,2026-09-05 13:54:28.126776+00:00,5.5,4.0,5.391996881178469,8,-4.0,4.0,-2.6080031188215314,2.6080031188215314,0.0,OK,14,Saturday,2026-09-05
2026-09-05 14:03:00+00:00,2026-09-05 13:54:28.126776+00:00,8.5,4.0,5.391996881178469,6,-2.0,2.0,-0.6080031188215314,0.6080031188215314,0.0,OK,14,Saturday,2026-09-05
2026-09-05 14:06:00+00:00,2026-09-05 14:04:37.864589+00:00,1.4,6.1,8.222795243797163,6,0.09999999999999964,0.09999999999999964,2.2227952437971634,2.2227952437971634,0.0,OK,14,Saturday,2026-09-05
2026-09-05 14:09:00+00:00,2026-09-05 14:04:37.864589+00:00,4.4,6.4,8.62719500988555,1,5.4,5.4,7.6271950098855505,7.6271950098855505,0.0,OK,14,Saturday,2026-09-05
2026-09-05 14:12:00+00:00,2026-09-05 14:04:37.864589+00:00,7.4,6.3,8.492395087856089,5,1.2999999999999998,1.2999999999999998,3.4923950878560888,3.4923950878560888,0.0,OK,14,Saturday,2026-09-05
2026-09-05 14:15:00+00:00,2026-09-05 14:15:02.146453+00:00,-0.0,3.8,5.122397037119545,5,-1.2000000000000002,1.2000000000000002,0.12239703711954508,0.12239703711954508,0.0,OK,14,Saturday,2026-09-05
2026-09-05 14:18:00+00:00,2026-09-05 14:15:02.146453+00:00,3.0,3.9,5.257196959149007,8,-4.1,4.1,-2.742803040850993,2.742803040850993,0.0,OK,14,Saturday,2026-09-05
2026-09-05 14:21:00+00:00,2026-09-05 14:15:02.146453+00:00,6.0,3.9,5.257196959149007,8,-4.1,4.1,-2.742803040850993,2.742803040850993,0.0,OK,14,Saturday,2026-09-05
2026-09-05 14:24:00+00:00,2026-09-05 14:24:31.030584+00:00,-0.5,5.8,7.818395477708779,7,-1.2000000000000002,1.2000000000000002,0.818395477708779,0.818395477708779,0.0,OK,14,Saturday,2026-09-05
2026-09-05 14:27:00+00:00,2026-09-05 14:24:31.030584+00:00,2.5,5.7,7.683595555679318,5,0.7000000000000002,0.7000000000000002,2.683595555679318,2.683595555679318,0.0,OK,14,Saturday,2026-09-05
2026-09-05 14:30:00+00:00,2026-09-05 14:24:31.030584+00:00,5.5,5.6,7.548795633649855,6,-0.40000000000000036,0.40000000000000036,1.5487956336498554,1.5487956336498554,0.0,OK,14,Saturday,2026-09-05
2026-09-05 14:33:00+00:00,2026-09-05 14:24:31.030584+00:00,8.5,5.8,7.818395477708779,12,-6.2,6.2,-4.181604522291221,4.181604522291221,0.0,OK,14,Saturday,2026-09-05
2026-09-05 14:36:00+00:00,2026-09-05 14:34:20.460973+00:00,1.7,6.0,8.087995321767703,10,-4.0,4.0,-1.9120046782322966,1.9120046782322966,0.0,OK,14,Saturday,2026-09-05
2026-09-05 14:39:00+00:00,2026-09-05 14:34:20.460973+00:00,4.7,6.3,8.492395087856089,1,5.3,5.3,7.492395087856089,7.492395087856089,0.0,OK,14,Saturday,2026-09-05
2026-09-05 14:42:00+00:00,2026-09-05 14:34:20.460973+00:00,7.7,6.5,8.761994931915012,11,-4.5,4.5,-2.2380050680849877,2.2380050680849877,0.0,OK,14,Saturday,2026-09-05
2026-09-05 14:45:00+00:00,2026-09-05 14:44:58.598080+00:00,0.0,3.9,5.257196959149007,10,-6.1,6.1,-4.742803040850993,4.742803040850993,0.0,OK,14,Saturday,2026-09-05
2026-09-05 14:48:00+00:00,2026-09-05 14:44:58.598080+00:00,3.0,4.0,5.391996881178469,11,-7.0,7.0,-5.608003118821531,5.608003118821531,0.0,OK,14,Saturday,2026-09-05
2026-09-05 14:51:00+00:00,2026-09-05 14:44:58.598080+00:00,6.0,4.2,5.661596725237392,5,-0.7999999999999998,0.7999999999999998,0.6615967252373922,0.6615967252373922,0.0,OK,14,Saturday,2026-09-05
2026-09-05 14:54:00+00:00,2026-09-05 14:55:24.353544+00:00,-1.4,6.7,9.031594775973936,18,-11.3,11.3,-8.968405224026064,8.968405224026064,0.0,OK,14,Saturday,2026-09-05
2026-09-05 14:57:00+00:00,2026-09-05 14:55:24.353544+00:00,1.6,6.4,8.62719500988555,8,-1.5999999999999996,1.5999999999999996,0.6271950098855505,0.6271950098855505,0.0,OK,14,Saturday,2026-09-05
2026-09-05 15:00:00+00:00,2026-09-05 14:55:24.353544+00:00,4.6,6.4,8.62719500988555,11,-4.6,4.6,-2.3728049901144495,2.3728049901144495,0.0,OK,15,Saturday,2026-09-05
2026-09-05 15:03:00+00:00,2026-09-05 15:05:17.046477+00:00,-2.3,8.1,10.918793684386399,19,-10.9,10.9,-8.081206315613601,8.081206315613601,0.0,OK,15,Saturday,2026-09-05
2026-09-05 15:06:00+00:00,2026-09-05 15:05:17.046477+00:00,0.7,8.3,11.188393528445323,5,3.3000000000000007,3.3000000000000007,6.188393528445323,6.188393528445323,0.0,OK,15,Saturday,2026-09-05
2026-09-05 15:09:00+00:00,2026-09-05 15:05:17.046477+00:00,3.7,8.5,11.457993372504246,5,3.5,3.5,6.457993372504246,6.457993372504246,0.0,OK,15,Saturday,2026-09-05
2026-09-05 15:12:00+00:00,2026-09-05 15:05:17.046477+00:00,6.7,8.7,11.727593216563168,6,2.6999999999999993,2.6999999999999993,5.727593216563168,5.727593216563168,0.0,OK,15,Saturday,2026-09-05
2026-09-05 15:15:00+00:00,2026-09-05 15:15:15.177018+00:00,-0.3,6.1,8.222795243797163,10,-3.9000000000000004,3.9000000000000004,-1.7772047562028366,1.7772047562028366,0.0,OK,15,Saturday,2026-09-05
2026-09-05 15:18:00+00:00,2026-09-05 15:15:15.177018+00:00,2.7,6.2,8.357595165826627,4,2.2,2.2,4.357595165826627,4.357595165826627,0.0,OK,15,Saturday,2026-09-05
2026-09-05 15:21:00+00:00,2026-09-05 15:15:15.177018+00:00,5.7,6.6,8.896794853944472,13,-6.4,6.4,-4.103205146055528,4.103205146055528,0.0,OK,15,Saturday,2026-09-05
2026-09-05 15:24:00+00:00,2026-09-05 15:24:21.727988+00:00,-0.4,7.2,9.705594386121243,10,-2.8,2.8,-0.29440561387875697,0.29440561387875697,0.0,OK,15,Saturday,2026-09-05
2026-09-05 15:27:00+00:00,2026-09-05 15:24:21.727988+00:00,2.6,7.5,10.109994152209628,10,-2.5,2.5,0.10999415220962838,0.10999415220962838,0.0,OK,15,Saturday,2026-09-05
2026-09-05 15:30:00+00:00,2026-09-05 15:24:21.727988+00:00,5.6,7.5,10.109994152209628,12,-4.5,4.5,-1.8900058477903716,1.8900058477903716,0.0,OK,15,Saturday,2026-09-05
2026-09-05 15:33:00+00:00,2026-09-05 15:24:21.727988+00:00,8.6,7.6,10.24479407423909,8,-0.40000000000000036,0.40000000000000036,2.24479407423909,2.24479407423909,0.0,OK,15,Saturday,2026-09-05
2026-09-05 15:36:00+00:00,2026-09-05 15:34:40.195808+00:00,1.3,9.5,12.805992592798862,13,-3.5,3.5,-0.19400740720113774,0.19400740720113774,0.0,OK,15,Saturday,2026-09-05
2026-09-05 15:39:00+00:00,2026-09-05 15:34:40.195808+00:00,4.3,9.2,12.401592826710477,13,-3.8000000000000007,3.8000000000000007,-0.5984071732895231,0.5984071732895231,0.0,OK,15,Saturday,2026-09-05
2026-09-05 15:42:00+00:00,2026-09-05 15:34:40.195808+00:00,7.3,9.0,12.131992982651555,7,2.0,2.0,5.131992982651555,5.131992982651555,0.0,OK,15,Saturday,2026-09-05
2026-09-05 15:45:00+00:00,2026-09-05 15:44:41.076981+00:00,0.3,8.2,11.053593606415859,10,-1.8000000000000007,1.8000000000000007,1.053593606415859,1.053593606415859,0.0,OK,15,Saturday,2026-09-05
2026-09-05 15:48:00+00:00,2026-09-05 15:44:41.076981+00:00,3.3,8.0,10.783993762356937,11,-3.0,3.0,-0.2160062376430627,0.2160062376430627,0.0,OK,15,Saturday,2026-09-05
2026-09-05 15:51:00+00:00,2026-09-05 15:44:41.076981+00:00,6.3,7.8,10.514393918298014,7,0.7999999999999998,0.7999999999999998,3.5143939182980137,3.5143939182980137,0.0,OK,15,Saturday,2026-09-05
2026-09-05 15:54:00+00:00,2026-09-05 15:54:21.580787+00:00,-0.4,7.3,9.840394308150705,12,-4.7,4.7,-2.159605691849295,2.159605691849295,0.0,OK,15,Saturday,2026-09-05
2026-09-05 15:57:00+00:00,2026-09-05 15:54:21.580787+00:00,2.6,7.3,9.840394308150705,8,-0.7000000000000002,0.7000000000000002,1.8403943081507048,1.8403943081507048,0.0,OK,15,Saturday,2026-09-05
2026-09-05 16:00:00+00:00,2026-09-05 15:54:21.580787+00:00,5.6,7.4,9.975194230180167,14,-6.6,6.6,-4.024805769819833,4.024805769819833,0.0,OK,16,Saturday,2026-09-05
2026-09-05 16:03:00+00:00,2026-09-05 15:54:21.580787+00:00,8.6,7.2,9.705594386121243,18,-10.8,10.8,-8.294405613878757,8.294405613878757,0.0,OK,16,Saturday,2026-09-05
2026-09-05 16:06:00+00:00,2026-09-05 16:06:26.386934+00:00,-0.4,10.8,14.558391579181865,10,0.8000000000000007,0.8000000000000007,4.558391579181865,4.558391579181865,0.0,OK,16,Saturday,2026-09-05
2026-09-05 16:09:00+00:00,2026-09-05 16:06:26.386934+00:00,2.6,10.8,14.558391579181865,13,-2.1999999999999993,2.1999999999999993,1.5583915791818654,1.5583915791818654,0.0,OK,16,Saturday,2026-09-05
2026-09-05 16:12:00+00:00,2026-09-05 16:06:26.386934+00:00,5.6,10.3,13.884391969034558,14,-3.6999999999999993,3.6999999999999993,-0.1156080309654417,0.1156080309654417,0.0,OK,16,Saturday,2026-09-05
2026-09-05 16:15:00+00:00,2026-09-05 16:14:16.458754+00:00,0.7,8.1,10.918793684386399,17,-8.9,8.9,-6.081206315613601,6.081206315613601,0.0,OK,16,Saturday,2026-09-05
2026-09-05 16:18:00+00:00,2026-09-05 16:14:16.458754+00:00,3.7,7.9,10.649193840327476,11,-3.0999999999999996,3.0999999999999996,-0.3508061596725245,0.3508061596725245,0.0,OK,16,Saturday,2026-09-05
2026-09-05 16:21:00+00:00,2026-09-05 16:14:16.458754+00:00,6.7,7.9,10.649193840327476,10,-2.0999999999999996,2.0999999999999996,0.6491938403274755,0.6491938403274755,0.0,OK,16,Saturday,2026-09-05
2026-09-05 16:24:00+00:00,2026-09-05 16:24:31.123546+00:00,-0.5,8.6,11.592793294533708,16,-7.4,7.4,-4.407206705466292,4.407206705466292,0.0,OK,16,Saturday,2026-09-05
2026-09-05 16:27:00+00:00,2026-09-05 16:24:31.123546+00:00,2.5,8.2,11.053593606415859,7,1.1999999999999993,1.1999999999999993,4.053593606415859,4.053593606415859,0.0,OK,16,Saturday,2026-09-05
2026-09-05 16:30:00+00:00,2026-09-05 16:24:31.123546+00:00,5.5,8.2,11.053593606415859,9,-0.8000000000000007,0.8000000000000007,2.053593606415859,2.053593606415859,0.0,OK,16,Saturday,2026-09-05
2026-09-05 16:33:00+00:00,2026-09-05 16:24:31.123546+00:00,8.5,8.2,11.053593606415859,12,-3.8000000000000007,3.8000000000000007,-0.9464063935841409,0.9464063935841409,0.0,OK,16,Saturday,2026-09-05
2026-09-05 16:36:00+00:00,2026-09-05 16:34:16.417453+00:00,1.7,9.2,12.401592826710477,18,-8.8,8.8,-5.598407173289523,5.598407173289523,0.0,OK,16,Saturday,2026-09-05
2026-09-05 16:39:00+00:00,2026-09-05 16:34:16.417453+00:00,4.7,9.6,12.940792514828324,4,5.6,5.6,8.940792514828324,8.940792514828324,0.0,OK,16,Saturday,2026-09-05
2026-09-05 16:42:00+00:00,2026-09-05 16:34:16.417453+00:00,7.7,9.6,12.940792514828324,5,4.6,4.6,7.940792514828324,7.940792514828324,0.0,OK,16,Saturday,2026-09-05
2026-09-05 16:45:00+00:00,2026-09-05 16:44:14.587182+00:00,0.8,9.6,12.940792514828324,11,-1.4000000000000004,1.4000000000000004,1.940792514828324,1.940792514828324,0.0,OK,16,Saturday,2026-09-05
2026-09-05 16:48:00+00:00,2026-09-05 16:44:14.587182+00:00,3.8,9.5,12.805992592798862,8,1.5,1.5,4.805992592798862,4.805992592798862,0.0,OK,16,Saturday,2026-09-05
2026-09-05 16:51:00+00:00,2026-09-05 16:44:14.587182+00:00,6.8,9.5,12.805992592798862,15,-5.5,5.5,-2.1940074072011377,2.1940074072011377,0.0,OK,16,Saturday,2026-09-05
2026-09-05 16:54:00+00:00,2026-09-05 16:54:51.940964+00:00,-0.9,9.2,12.401592826710477,17,-7.800000000000001,7.800000000000001,-4.598407173289523,4.598407173289523,0.0,OK,16,Saturday,2026-09-05
2026-09-05 16:57:00+00:00,2026-09-05 16:54:51.940964+00:00,2.1,9.4,12.671192670769402,13,-3.5999999999999996,3.5999999999999996,-0.32880732923059774,0.32880732923059774,0.0,OK,16,Saturday,2026-09-05
2026-09-05 17:00:00+00:00,2026-09-05 16:54:51.940964+00:00,5.1,9.2,12.401592826710477,12,-2.8000000000000007,2.8000000000000007,0.4015928267104769,0.4015928267104769,0.0,OK,17,Saturday,2026-09-05
2026-09-05 17:03:00+00:00,2026-09-05 16:54:51.940964+00:00,8.1,9.2,12.401592826710477,20,-10.8,10.8,-7.598407173289523,7.598407173289523,0.0,OK,17,Saturday,2026-09-05
2026-09-05 17:06:00+00:00,2026-09-05 17:04:38.472343+00:00,1.4,11.2,15.09759126729971,17,-5.800000000000001,5.800000000000001,-1.9024087327002892,1.9024087327002892,0.0,OK,17,Saturday,2026-09-05
2026-09-05 17:09:00+00:00,2026-09-05 17:04:38.472343+00:00,4.4,10.7,14.423591657152402,12,-1.3000000000000007,1.3000000000000007,2.423591657152402,2.423591657152402,0.0,OK,17,Saturday,2026-09-05
2026-09-05 17:12:00+00:00,2026-09-05 17:04:38.472343+00:00,7.4,10.4,14.019191891064018,5,5.4,5.4,9.019191891064018,9.019191891064018,0.0,OK,17,Saturday,2026-09-05
2026-09-05 17:15:00+00:00,2026-09-05 17:14:17.480782+00:00,0.7,8.6,11.592793294533708,8,0.5999999999999996,0.5999999999999996,3.592793294533708,3.592793294533708,0.0,OK,17,Saturday,2026-09-05
2026-09-05 17:18:00+00:00,2026-09-05 17:14:17.480782+00:00,3.7,8.1,10.918793684386399,17,-8.9,8.9,-6.081206315613601,6.081206315613601,0.0,OK,17,Saturday,2026-09-05
2026-09-05 17:21:00+00:00,2026-09-05 17:14:17.480782+00:00,6.7,8.0,10.783993762356937,21,-13.0,13.0,-10.216006237643063,10.216006237643063,0.0,OK,17,Saturday,2026-09-05
2026-09-05 17:24:00+00:00,2026-09-05 17:24:52.325093+00:00,-0.9,10.7,14.423591657152402,22,-11.3,11.3,-7.576408342847598,7.576408342847598,0.0,OK,17,Saturday,2026-09-05
2026-09-05 17:27:00+00:00,2026-09-05 17:24:52.325093+00:00,2.1,10.2,13.749592047005095,20,-9.8,9.8,-6.250407952994905,6.250407952994905,0.0,OK,17,Saturday,2026-09-05
2026-09-05 17:30:00+00:00,2026-09-05 17:24:52.325093+00:00,5.1,10.0,13.479992202946171,16,-6.0,6.0,-2.520007797053829,2.520007797053829,0.0,OK,17,Saturday,2026-09-05
2026-09-05 17:33:00+00:00,2026-09-05 17:24:52.325093+00:00,8.1,9.7,13.075592436857786,17,-7.300000000000001,7.300000000000001,-3.924407563142214,3.924407563142214,0.0,OK,17,Saturday,2026-09-05
2026-09-05 17:36:00+00:00,2026-09-05 17:34:26.848440+00:00,1.6,13.2,17.793589707888945,12,1.1999999999999993,1.1999999999999993,5.793589707888945,5.793589707888945,0.0,OK,17,Saturday,2026-09-05
2026-09-05 17:39:00+00:00,2026-09-05 17:34:26.848440+00:00,4.6,11.7,15.77159087744702,8,3.6999999999999993,3.6999999999999993,7.77159087744702,7.77159087744702,0.0,OK,17,Saturday,2026-09-05
2026-09-05 17:42:00+00:00,2026-09-05 17:34:26.848440+00:00,7.6,10.7,14.423591657152402,17,-6.300000000000001,6.300000000000001,-2.576408342847598,2.576408342847598,0.0,OK,17,Saturday,2026-09-05
2026-09-05 17:45:00+00:00,2026-09-05 17:44:19.289569+00:00,0.7,7.6,10.24479407423909,15,-7.4,7.4,-4.75520592576091,4.75520592576091,0.0,OK,17,Saturday,2026-09-05
2026-09-05 17:48:00+00:00,2026-09-05 17:44:19.289569+00:00,3.7,7.8,10.514393918298014,13,-5.2,5.2,-2.4856060817019863,2.4856060817019863,0.0,OK,17,Saturday,2026-09-05
2026-09-05 17:51:00+00:00,2026-09-05 17:44:19.289569+00:00,6.7,8.2,11.053593606415859,11,-2.8000000000000007,2.8000000000000007,0.053593606415859085,0.053593606415859085,0.0,OK,17,Saturday,2026-09-05
2026-09-05 17:54:00+00:00,2026-09-05 17:54:02.884142+00:00,-0.0,8.5,11.457993372504246,12,-3.5,3.5,-0.5420066274957538,0.5420066274957538,0.0,OK,17,Saturday,2026-09-05
2026-09-05 17:57:00+00:00,2026-09-05 17:54:02.884142+00:00,3.0,8.6,11.592793294533708,13,-4.4,4.4,-1.407206705466292,1.407206705466292,0.0,OK,17,Saturday,2026-09-05
2026-09-05 18:00:00+00:00,2026-09-05 17:54:02.884142+00:00,6.0,8.5,11.457993372504246,8,0.5,0.5,3.457993372504246,3.457993372504246,0.0,OK,18,Saturday,2026-09-05
2026-09-05 18:03:00+00:00,2026-09-05 17:54:02.884142+00:00,9.0,8.2,11.053593606415859,20,-11.8,11.8,-8.946406393584141,8.946406393584141,0.0,OK,18,Saturday,2026-09-05
2026-09-05 18:06:00+00:00,2026-09-05 18:04:36.803336+00:00,1.4,7.2,9.705594386121243,4,3.2,3.2,5.705594386121243,5.705594386121243,0.0,OK,18,Saturday,2026-09-05
2026-09-05 18:09:00+00:00,2026-09-05 18:04:36.803336+00:00,4.4,6.4,8.62719500988555,7,-0.5999999999999996,0.5999999999999996,1.6271950098855505,1.6271950098855505,0.0,OK,18,Saturday,2026-09-05
2026-09-05 18:12:00+00:00,2026-09-05 18:04:36.803336+00:00,7.4,6.0,8.087995321767703,12,-6.0,6.0,-3.9120046782322966,3.9120046782322966,0.0,OK,18,Saturday,2026-09-05
2026-09-05 18:15:00+00:00,2026-09-05 18:14:13.703503+00:00,0.8,4.1,5.5267968032079295,12,-7.9,7.9,-6.4732031967920705,6.4732031967920705,0.0,OK,18,Saturday,2026-09-05
2026-09-05 18:18:00+00:00,2026-09-05 18:14:13.703503+00:00,3.8,3.7,4.987597115090083,6,-2.3,2.3,-1.0124028849099167,1.0124028849099167,0.0,OK,18,Saturday,2026-09-05
2026-09-05 18:21:00+00:00,2026-09-05 18:14:13.703503+00:00,6.8,3.7,4.987597115090083,1,2.7,2.7,3.9875971150900833,3.9875971150900833,0.0,OK,18,Saturday,2026-09-05
2026-09-05 18:27:00+00:00,2026-09-05 18:23:57.584961+00:00,3.0,3.6,4.8527971930606215,4,-0.3999999999999999,0.3999999999999999,0.8527971930606215,0.8527971930606215,0.0,OK,18,Saturday,2026-09-05
2026-09-06 06:42:00+00:00,2026-09-06 06:34:15.047344+00:00,7.7,4.2,5.661596725237392,1,3.2,3.2,4.661596725237392,4.661596725237392,0.0,OK,6,Sunday,2026-09-06
2026-09-06 06:45:00+00:00,2026-09-06 06:43:16.614737+00:00,1.7,3.2,4.313597504942775,1,2.2,2.2,3.3135975049427753,3.3135975049427753,0.0,OK,6,Sunday,2026-09-06
2026-09-06 06:48:00+00:00,2026-09-06 06:43:16.614737+00:00,4.7,3.4,4.583197349001698,1,2.4,2.4,3.583197349001698,3.583197349001698,0.0,OK,6,Sunday,2026-09-06
2026-09-06 06:51:00+00:00,2026-09-06 06:43:16.614737+00:00,7.7,3.7,4.987597115090083,1,2.7,2.7,3.9875971150900833,3.9875971150900833,0.0,OK,6,Sunday,2026-09-06
2026-09-06 06:54:00+00:00,2026-09-06 06:54:02.804598+00:00,-0.0,3.2,4.313597504942775,2,1.2000000000000002,1.2000000000000002,2.3135975049427753,2.3135975049427753,0.0,OK,6,Sunday,2026-09-06
2026-09-06 07:03:00+00:00,2026-09-06 06:54:02.804598+00:00,9.0,4.2,5.661596725237392,3,1.2000000000000002,1.2000000000000002,2.661596725237392,2.661596725237392,0.0,OK,7,Sunday,2026-09-06
2026-09-06 07:06:00+00:00,2026-09-06 07:04:09.911011+00:00,1.8,3.4,4.583197349001698,4,-0.6000000000000001,0.6000000000000001,0.583197349001698,0.583197349001698,0.0,OK,7,Sunday,2026-09-06
2026-09-06 07:09:00+00:00,2026-09-06 07:04:09.911011+00:00,4.8,4.0,5.391996881178469,9,-5.0,5.0,-3.6080031188215314,3.6080031188215314,0.0,OK,7,Sunday,2026-09-06
2026-09-06 07:12:00+00:00,2026-09-06 07:04:09.911011+00:00,7.8,4.3,5.796396647266854,13,-8.7,8.7,-7.203603352733146,7.203603352733146,0.0,OK,7,Sunday,2026-09-06
2026-09-06 07:15:00+00:00,2026-09-06 07:14:24.230401+00:00,0.6,4.4,5.931196569296316,9,-4.6,4.6,-3.068803430703684,3.068803430703684,0.0,OK,7,Sunday,2026-09-06
2026-09-06 07:18:00+00:00,2026-09-06 07:14:24.230401+00:00,3.6,4.1,5.5267968032079295,9,-4.9,4.9,-3.4732031967920705,3.4732031967920705,0.0,OK,7,Sunday,2026-09-06
2026-09-06 07:21:00+00:00,2026-09-06 07:14:24.230401+00:00,6.6,4.6,6.2007964133552385,12,-7.4,7.4,-5.7992035866447615,5.7992035866447615,0.0,OK,7,Sunday,2026-09-06
2026-09-06 07:24:00+00:00,2026-09-06 07:24:56.413549+00:00,-0.9,6.6,8.896794853944472,16,-9.4,9.4,-7.103205146055528,7.103205146055528,0.0,OK,7,Sunday,2026-09-06
2026-09-06 07:27:00+00:00,2026-09-06 07:24:56.413549+00:00,2.1,6.0,8.087995321767703,21,-15.0,15.0,-12.912004678232297,12.912004678232297,0.0,OK,7,Sunday,2026-09-06
2026-09-06 07:30:00+00:00,2026-09-06 07:24:56.413549+00:00,5.1,5.7,7.683595555679318,17,-11.3,11.3,-9.316404444320682,9.316404444320682,0.0,OK,7,Sunday,2026-09-06
2026-09-06 07:33:00+00:00,2026-09-06 07:24:56.413549+00:00,8.1,6.0,8.087995321767703,14,-8.0,8.0,-5.912004678232297,5.912004678232297,0.0,OK,7,Sunday,2026-09-06
2026-09-06 07:36:00+00:00,2026-09-06 07:34:25.740535+00:00,1.6,10.6,14.288791735122942,28,-17.4,17.4,-13.711208264877058,13.711208264877058,0.0,OK,7,Sunday,2026-09-06
2026-09-06 07:39:00+00:00,2026-09-06 07:34:25.740535+00:00,4.6,9.5,12.805992592798862,15,-5.5,5.5,-2.1940074072011377,2.1940074072011377,0.0,OK,7,Sunday,2026-09-06
2026-09-06 07:42:00+00:00,2026-09-06 07:34:25.740535+00:00,7.6,9.1,12.266792904681015,20,-10.9,10.9,-7.733207095318985,7.733207095318985,0.0,OK,7,Sunday,2026-09-06
2026-09-06 07:45:00+00:00,2026-09-06 07:44:16.917345+00:00,0.7,7.7,10.379593996268552,5,2.7,2.7,5.379593996268552,5.379593996268552,0.0,OK,7,Sunday,2026-09-06
2026-09-06 07:48:00+00:00,2026-09-06 07:44:16.917345+00:00,3.7,7.3,9.840394308150705,14,-6.7,6.7,-4.159605691849295,4.159605691849295,0.0,OK,7,Sunday,2026-09-06
2026-09-06 07:51:00+00:00,2026-09-06 07:44:16.917345+00:00,6.7,7.4,9.975194230180167,9,-1.5999999999999996,1.5999999999999996,0.9751942301801666,0.9751942301801666,0.0,OK,7,Sunday,2026-09-06
2026-09-06 07:54:00+00:00,2026-09-06 07:54:11.571127+00:00,-0.2,5.3,7.144395867561471,13,-7.7,7.7,-5.855604132438529,5.855604132438529,0.0,OK,7,Sunday,2026-09-06
2026-09-06 07:57:00+00:00,2026-09-06 07:54:11.571127+00:00,2.8,5.1,6.874796023502547,9,-3.9000000000000004,3.9000000000000004,-2.1252039764974526,2.1252039764974526,0.0,OK,7,Sunday,2026-09-06
2026-09-06 08:00:00+00:00,2026-09-06 07:54:11.571127+00:00,5.8,5.6,7.548795633649855,14,-8.4,8.4,-6.451204366350145,6.451204366350145,0.0,OK,8,Sunday,2026-09-06
2026-09-06 08:03:00+00:00,2026-09-06 07:54:11.571127+00:00,8.8,6.0,8.087995321767703,9,-3.0,3.0,-0.9120046782322966,0.9120046782322966,0.0,OK,8,Sunday,2026-09-06
2026-09-06 08:06:00+00:00,2026-09-06 08:04:56.950579+00:00,1.1,10.8,14.558391579181865,13,-2.1999999999999993,2.1999999999999993,1.5583915791818654,1.5583915791818654,0.0,OK,8,Sunday,2026-09-06
2026-09-06 08:09:00+00:00,2026-09-06 08:04:56.950579+00:00,4.1,10.5,14.15399181309348,1,9.5,9.5,13.15399181309348,13.15399181309348,0.0,OK,8,Sunday,2026-09-06
2026-09-06 08:12:00+00:00,2026-09-06 08:04:56.950579+00:00,7.1,10.2,13.749592047005095,7,3.1999999999999993,3.1999999999999993,6.749592047005095,6.749592047005095,0.0,OK,8,Sunday,2026-09-06
2026-09-06 08:15:00+00:00,2026-09-06 08:14:28.136629+00:00,0.5,3.8,5.122397037119545,7,-3.2,3.2,-1.877602962880455,1.877602962880455,0.0,OK,8,Sunday,2026-09-06
2026-09-06 08:18:00+00:00,2026-09-06 08:14:28.136629+00:00,3.5,4.0,5.391996881178469,9,-5.0,5.0,-3.6080031188215314,3.6080031188215314,0.0,OK,8,Sunday,2026-09-06
2026-09-06 08:21:00+00:00,2026-09-06 08:14:28.136629+00:00,6.5,4.3,5.796396647266854,2,2.3,2.3,3.796396647266854,3.796396647266854,0.0,OK,8,Sunday,2026-09-06
2026-09-06 08:24:00+00:00,2026-09-06 08:24:33.477468+00:00,-0.6,7.9,10.649193840327476,7,0.9000000000000004,0.9000000000000004,3.6491938403274755,3.6491938403274755,0.0,OK,8,Sunday,2026-09-06
2026-09-06 08:27:00+00:00,2026-09-06 08:24:33.477468+00:00,2.4,8.0,10.783993762356937,13,-5.0,5.0,-2.2160062376430627,2.2160062376430627,0.0,OK,8,Sunday,2026-09-06
2026-09-06 08:30:00+00:00,2026-09-06 08:24:33.477468+00:00,5.4,7.5,10.109994152209628,9,-1.5,1.5,1.1099941522096284,1.1099941522096284,0.0,OK,8,Sunday,2026-09-06
2026-09-06 08:33:00+00:00,2026-09-06 08:24:33.477468+00:00,8.4,7.5,10.109994152209628,5,2.5,2.5,5.109994152209628,5.109994152209628,0.0,OK,8,Sunday,2026-09-06
2026-09-06 08:36:00+00:00,2026-09-06 08:34:20.945710+00:00,1.7,6.9,9.30119462003286,10,-3.0999999999999996,3.0999999999999996,-0.6988053799671405,0.6988053799671405,0.0,OK,8,Sunday,2026-09-06
2026-09-06 08:39:00+00:00,2026-09-06 08:34:20.945710+00:00,4.7,6.4,8.62719500988555,8,-1.5999999999999996,1.5999999999999996,0.6271950098855505,0.6271950098855505,0.0,OK,8,Sunday,2026-09-06
2026-09-06 08:42:00+00:00,2026-09-06 08:34:20.945710+00:00,7.7,6.3,8.492395087856089,7,-0.7000000000000002,0.7000000000000002,1.4923950878560888,1.4923950878560888,0.0,OK,8,Sunday,2026-09-06
2026-09-06 08:45:00+00:00,2026-09-06 08:44:53.879352+00:00,0.1,6.8,9.166394698003396,2,4.8,4.8,7.166394698003396,7.166394698003396,0.0,OK,8,Sunday,2026-09-06
2026-09-06 08:48:00+00:00,2026-09-06 08:44:53.879352+00:00,3.1,6.8,9.166394698003396,8,-1.2000000000000002,1.2000000000000002,1.166394698003396,1.166394698003396,0.0,OK,8,Sunday,2026-09-06
2026-09-06 08:51:00+00:00,2026-09-06 08:44:53.879352+00:00,6.1,7.1,9.570794464091781,12,-4.9,4.9,-2.4292055359082187,2.4292055359082187,0.0,OK,8,Sunday,2026-09-06
2026-09-06 08:54:00+00:00,2026-09-06 08:54:43.109730+00:00,-0.7,7.0,9.43599454206232,14,-7.0,7.0,-4.5640054579376805,4.5640054579376805,0.0,OK,8,Sunday,2026-09-06
2026-09-06 08:57:00+00:00,2026-09-06 08:54:43.109730+00:00,2.3,7.0,9.43599454206232,12,-5.0,5.0,-2.5640054579376805,2.5640054579376805,0.0,OK,8,Sunday,2026-09-06
2026-09-06 09:00:00+00:00,2026-09-06 08:54:43.109730+00:00,5.3,7.2,9.705594386121243,13,-5.8,5.8,-3.294405613878757,3.294405613878757,0.0,OK,9,Sunday,2026-09-06
2026-09-06 09:03:00+00:00,2026-09-06 08:54:43.109730+00:00,8.3,7.5,10.109994152209628,18,-10.5,10.5,-7.890005847790372,7.890005847790372,0.0,OK,9,Sunday,2026-09-06
2026-09-06 09:06:00+00:00,2026-09-06 09:04:30.183575+00:00,1.5,10.1,13.614792124975633,8,2.0999999999999996,2.0999999999999996,5.614792124975633,5.614792124975633,0.0,OK,9,Sunday,2026-09-06
2026-09-06 09:09:00+00:00,2026-09-06 09:04:30.183575+00:00,4.5,9.6,12.940792514828324,9,0.5999999999999996,0.5999999999999996,3.940792514828324,3.940792514828324,0.0,OK,9,Sunday,2026-09-06
2026-09-06 09:12:00+00:00,2026-09-06 09:04:30.183575+00:00,7.5,9.1,12.266792904681015,14,-4.9,4.9,-1.7332070953189849,1.7332070953189849,0.0,OK,9,Sunday,2026-09-06
2026-09-06 09:15:00+00:00,2026-09-06 09:14:45.745828+00:00,0.2,7.5,10.109994152209628,16,-8.5,8.5,-5.890005847790372,5.890005847790372,0.0,OK,9,Sunday,2026-09-06
2026-09-06 09:18:00+00:00,2026-09-06 09:14:45.745828+00:00,3.2,7.7,10.379593996268552,5,2.7,2.7,5.379593996268552,5.379593996268552,0.0,OK,9,Sunday,2026-09-06
2026-09-06 09:21:00+00:00,2026-09-06 09:14:45.745828+00:00,6.2,7.9,10.649193840327476,12,-4.1,4.1,-1.3508061596725245,1.3508061596725245,0.0,OK,9,Sunday,2026-09-06
2026-09-06 09:24:00+00:00,2026-09-06 09:25:40.042000+00:00,-1.7,7.5,10.109994152209628,9,-1.5,1.5,1.1099941522096284,1.1099941522096284,0.0,OK,9,Sunday,2026-09-06
2026-09-06 09:27:00+00:00,2026-09-06 09:25:40.042000+00:00,1.3,7.5,10.109994152209628,12,-4.5,4.5,-1.8900058477903716,1.8900058477903716,0.0,OK,9,Sunday,2026-09-06
2026-09-06 09:30:00+00:00,2026-09-06 09:25:40.042000+00:00,4.3,7.8,10.514393918298014,10,-2.2,2.2,0.5143939182980137,0.5143939182980137,0.0,OK,9,Sunday,2026-09-06
2026-09-06 09:33:00+00:00,2026-09-06 09:25:40.042000+00:00,7.3,8.2,11.053593606415859,17,-8.8,8.8,-5.946406393584141,5.946406393584141,0.0,OK,9,Sunday,2026-09-06
2026-09-06 09:36:00+00:00,2026-09-06 09:35:57.498212+00:00,0.0,9.6,12.940792514828324,21,-11.4,11.4,-8.059207485171676,8.059207485171676,0.0,OK,9,Sunday,2026-09-06
2026-09-06 09:39:00+00:00,2026-09-06 09:35:57.498212+00:00,3.0,9.5,12.805992592798862,18,-8.5,8.5,-5.194007407201138,5.194007407201138,0.0,OK,9,Sunday,2026-09-06
2026-09-06 09:42:00+00:00,2026-09-06 09:35:57.498212+00:00,6.0,9.5,12.805992592798862,24,-14.5,14.5,-11.194007407201138,11.194007407201138,0.0,OK,9,Sunday,2026-09-06
2026-09-06 09:45:00+00:00,2026-09-06 09:45:04.410132+00:00,-0.1,9.9,13.345192280916711,14,-4.1,4.1,-0.6548077190832888,0.6548077190832888,0.0,OK,9,Sunday,2026-09-06
2026-09-06 09:48:00+00:00,2026-09-06 09:45:04.410132+00:00,2.9,9.2,12.401592826710477,14,-4.800000000000001,4.800000000000001,-1.598407173289523,1.598407173289523,0.0,OK,9,Sunday,2026-09-06
2026-09-06 09:51:00+00:00,2026-09-06 09:45:04.410132+00:00,5.9,9.2,12.401592826710477,20,-10.8,10.8,-7.598407173289523,7.598407173289523,0.0,OK,9,Sunday,2026-09-06
2026-09-06 09:54:00+00:00,2026-09-06 09:56:16.415140+00:00,-2.3,11.9,16.041190721505945,17,-5.1,5.1,-0.958809278494055,0.958809278494055,0.0,OK,9,Sunday,2026-09-06
2026-09-06 09:57:00+00:00,2026-09-06 09:56:16.415140+00:00,0.7,12.0,16.175990643535407,12,0.0,0.0,4.175990643535407,4.175990643535407,0.0,OK,9,Sunday,2026-09-06
2026-09-06 10:00:00+00:00,2026-09-06 09:56:16.415140+00:00,3.7,12.1,16.31079056556487,11,1.0999999999999996,1.0999999999999996,5.310790565564869,5.310790565564869,0.0,OK,10,Sunday,2026-09-06
2026-09-06 10:03:00+00:00,2026-09-06 09:56:16.415140+00:00,6.7,12.2,16.445590487594327,14,-1.8000000000000007,1.8000000000000007,2.445590487594327,2.445590487594327,0.0,OK,10,Sunday,2026-09-06
2026-09-06 10:06:00+00:00,2026-09-06 10:04:43.544481+00:00,1.3,10.8,14.558391579181865,15,-4.199999999999999,4.199999999999999,-0.44160842081813456,0.44160842081813456,0.0,OK,10,Sunday,2026-09-06
2026-09-06 10:09:00+00:00,2026-09-06 10:04:43.544481+00:00,4.3,10.7,14.423591657152402,11,-0.3000000000000007,0.3000000000000007,3.423591657152402,3.423591657152402,0.0,OK,10,Sunday,2026-09-06
2026-09-06 10:12:00+00:00,2026-09-06 10:04:43.544481+00:00,7.3,10.8,14.558391579181865,16,-5.199999999999999,5.199999999999999,-1.4416084208181346,1.4416084208181346,0.0,OK,10,Sunday,2026-09-06
2026-09-06 10:15:00+00:00,2026-09-06 10:15:12.689469+00:00,-0.2,8.6,11.592793294533708,18,-9.4,9.4,-6.407206705466292,6.407206705466292,0.0,OK,10,Sunday,2026-09-06
2026-09-06 10:18:00+00:00,2026-09-06 10:15:12.689469+00:00,2.8,8.4,11.323193450474784,20,-11.6,11.6,-8.676806549525216,8.676806549525216,0.0,OK,10,Sunday,2026-09-06
2026-09-06 10:21:00+00:00,2026-09-06 10:15:12.689469+00:00,5.8,8.2,11.053593606415859,13,-4.800000000000001,4.800000000000001,-1.946406393584141,1.946406393584141,0.0,OK,10,Sunday,2026-09-06
2026-09-06 10:24:00+00:00,2026-09-06 10:24:46.038667+00:00,-0.8,10.7,14.423591657152402,14,-3.3000000000000007,3.3000000000000007,0.4235916571524019,0.4235916571524019,0.0,OK,10,Sunday,2026-09-06
2026-09-06 10:27:00+00:00,2026-09-06 10:24:46.038667+00:00,2.2,10.0,13.479992202946171,10,0.0,0.0,3.479992202946171,3.479992202946171,0.0,OK,10,Sunday,2026-09-06
2026-09-06 10:30:00+00:00,2026-09-06 10:24:46.038667+00:00,5.2,9.6,12.940792514828324,8,1.5999999999999996,1.5999999999999996,4.940792514828324,4.940792514828324,0.0,OK,10,Sunday,2026-09-06
2026-09-06 10:33:00+00:00,2026-09-06 10:24:46.038667+00:00,8.2,9.3,12.53639274873994,5,4.300000000000001,4.300000000000001,7.5363927487399405,7.5363927487399405,0.0,OK,10,Sunday,2026-09-06
2026-09-06 10:36:00+00:00,2026-09-06 10:34:35.492953+00:00,1.4,8.4,11.323193450474784,7,1.4000000000000004,1.4000000000000004,4.323193450474784,4.323193450474784,0.0,OK,10,Sunday,2026-09-06
2026-09-06 10:39:00+00:00,2026-09-06 10:34:35.492953+00:00,4.4,8.1,10.918793684386399,11,-2.9000000000000004,2.9000000000000004,-0.08120631561360092,0.08120631561360092,0.0,OK,10,Sunday,2026-09-06
2026-09-06 10:42:00+00:00,2026-09-06 10:34:35.492953+00:00,7.4,8.0,10.783993762356937,7,1.0,1.0,3.7839937623569373,3.7839937623569373,0.0,OK,10,Sunday,2026-09-06
2026-09-06 10:45:00+00:00,2026-09-06 10:44:56.411129+00:00,0.1,8.8,11.862393138592632,10,-1.1999999999999993,1.1999999999999993,1.8623931385926316,1.8623931385926316,0.0,OK,10,Sunday,2026-09-06
2026-09-06 10:48:00+00:00,2026-09-06 10:44:56.411129+00:00,3.1,9.0,12.131992982651555,19,-10.0,10.0,-6.868007017348445,6.868007017348445,0.0,OK,10,Sunday,2026-09-06
2026-09-06 10:51:00+00:00,2026-09-06 10:44:56.411129+00:00,6.1,8.9,11.997193060622093,15,-6.1,6.1,-3.0028069393779067,3.0028069393779067,0.0,OK,10,Sunday,2026-09-06
2026-09-06 10:54:00+00:00,2026-09-06 10:54:54.800560+00:00,-0.9,10.7,14.423591657152402,9,1.6999999999999993,1.6999999999999993,5.423591657152402,5.423591657152402,0.0,OK,10,Sunday,2026-09-06
2026-09-06 10:57:00+00:00,2026-09-06 10:54:54.800560+00:00,2.1,9.5,12.805992592798862,4,5.5,5.5,8.805992592798862,8.805992592798862,0.0,OK,10,Sunday,2026-09-06
2026-09-07 06:30:00+00:00,2026-09-07 06:25:01.694752+00:00,5.0,3.5,4.71799727103116,7,-3.5,3.5,-2.2820027289688403,2.2820027289688403,0.0,OK,6,Monday,2026-09-07
2026-09-07 06:33:00+00:00,2026-09-07 06:25:01.694752+00:00,8.0,3.2,4.313597504942775,17,-13.8,13.8,-12.686402495057225,12.686402495057225,0.0,OK,6,Monday,2026-09-07
2026-09-07 06:36:00+00:00,2026-09-07 06:35:09.614199+00:00,0.8,4.6,6.2007964133552385,6,-1.4000000000000004,1.4000000000000004,0.20079641335523846,0.20079641335523846,0.0,OK,6,Monday,2026-09-07
2026-09-07 06:39:00+00:00,2026-09-07 06:35:09.614199+00:00,3.8,4.2,5.661596725237392,5,-0.7999999999999998,0.7999999999999998,0.6615967252373922,0.6615967252373922,0.0,OK,6,Monday,2026-09-07
2026-09-07 06:42:00+00:00,2026-09-07 06:35:09.614199+00:00,6.8,4.6,6.2007964133552385,4,0.5999999999999996,0.5999999999999996,2.2007964133552385,2.2007964133552385,0.0,OK,6,Monday,2026-09-07
2026-09-07 06:45:00+00:00,2026-09-07 06:45:40.018229+00:00,-0.7,4.3,5.796396647266854,1,3.3,3.3,4.796396647266854,4.796396647266854,0.0,OK,6,Monday,2026-09-07
2026-09-07 06:48:00+00:00,2026-09-07 06:45:40.018229+00:00,2.3,4.3,5.796396647266854,8,-3.7,3.7,-2.203603352733146,2.203603352733146,0.0,OK,6,Monday,2026-09-07
2026-09-07 06:51:00+00:00,2026-09-07 06:45:40.018229+00:00,5.3,4.3,5.796396647266854,11,-6.7,6.7,-5.203603352733146,5.203603352733146,0.0,OK,6,Monday,2026-09-07
2026-09-07 06:54:00+00:00,2026-09-07 06:54:55.359613+00:00,-0.9,4.6,6.2007964133552385,8,-3.4000000000000004,3.4000000000000004,-1.7992035866447615,1.7992035866447615,0.0,OK,6,Monday,2026-09-07
2026-09-07 06:57:00+00:00,2026-09-07 06:54:55.359613+00:00,2.1,4.9,6.605196179443625,5,-0.09999999999999964,0.09999999999999964,1.6051961794436247,1.6051961794436247,0.0,OK,6,Monday,2026-09-07
2026-09-07 07:00:00+00:00,2026-09-07 06:54:55.359613+00:00,5.1,5.1,6.874796023502547,1,4.1,4.1,5.874796023502547,5.874796023502547,0.0,OK,7,Monday,2026-09-07
2026-09-07 07:03:00+00:00,2026-09-07 06:54:55.359613+00:00,8.1,5.2,7.009595945532009,6,-0.7999999999999998,0.7999999999999998,1.0095959455320092,1.0095959455320092,0.0,OK,7,Monday,2026-09-07
2026-09-07 07:06:00+00:00,2026-09-07 07:04:44.416348+00:00,1.3,4.0,5.391996881178469,3,1.0,1.0,2.3919968811784686,2.3919968811784686,0.0,OK,7,Monday,2026-09-07
2026-09-07 07:09:00+00:00,2026-09-07 07:04:44.416348+00:00,4.3,4.1,5.5267968032079295,2,2.0999999999999996,2.0999999999999996,3.5267968032079295,3.5267968032079295,0.0,OK,7,Monday,2026-09-07
2026-09-07 07:12:00+00:00,2026-09-07 07:04:44.416348+00:00,7.3,4.2,5.661596725237392,6,-1.7999999999999998,1.7999999999999998,-0.3384032747626078,0.3384032747626078,0.0,OK,7,Monday,2026-09-07
2026-09-07 07:15:00+00:00,2026-09-07 07:15:12.076954+00:00,-0.2,4.1,5.5267968032079295,6,-1.9000000000000004,1.9000000000000004,-0.47320319679207046,0.47320319679207046,0.0,OK,7,Monday,2026-09-07
2026-09-07 07:18:00+00:00,2026-09-07 07:15:12.076954+00:00,2.8,4.3,5.796396647266854,5,-0.7000000000000002,0.7000000000000002,0.796396647266854,0.796396647266854,0.0,OK,7,Monday,2026-09-07
2026-09-07 07:21:00+00:00,2026-09-07 07:15:12.076954+00:00,5.8,4.8,6.470396257414162,7,-2.2,2.2,-0.529603742585838,0.529603742585838,0.0,OK,7,Monday,2026-09-07
2026-09-07 07:24:00+00:00,2026-09-07 07:26:13.317890+00:00,-2.2,6.3,8.492395087856089,3,3.3,3.3,5.492395087856089,5.492395087856089,0.0,OK,7,Monday,2026-09-07
2026-09-07 07:27:00+00:00,2026-09-07 07:26:13.317890+00:00,0.8,6.0,8.087995321767703,6,0.0,0.0,2.0879953217677034,2.0879953217677034,0.0,OK,7,Monday,2026-09-07
2026-09-07 07:30:00+00:00,2026-09-07 07:26:13.317890+00:00,3.8,5.8,7.818395477708779,5,0.7999999999999998,0.7999999999999998,2.818395477708779,2.818395477708779,0.0,OK,7,Monday,2026-09-07
2026-09-07 07:33:00+00:00,2026-09-07 07:26:13.317890+00:00,6.8,5.5,7.4139957116203945,7,-1.5,1.5,0.4139957116203945,0.4139957116203945,0.0,OK,7,Monday,2026-09-07
2026-09-07 07:36:00+00:00,2026-09-07 07:35:00.425851+00:00,1.0,5.9,7.953195399738242,13,-7.1,7.1,-5.046804600261758,5.046804600261758,0.0,OK,7,Monday,2026-09-07
2026-09-07 07:39:00+00:00,2026-09-07 07:35:00.425851+00:00,4.0,5.8,7.818395477708779,12,-6.2,6.2,-4.181604522291221,4.181604522291221,0.0,OK,7,Monday,2026-09-07
2026-09-07 07:42:00+00:00,2026-09-07 07:35:00.425851+00:00,7.0,6.0,8.087995321767703,5,1.0,1.0,3.0879953217677034,3.0879953217677034,0.0,OK,7,Monday,2026-09-07
2026-09-07 07:45:00+00:00,2026-09-07 07:44:38.446730+00:00,0.4,6.8,9.166394698003396,16,-9.2,9.2,-6.833605301996604,6.833605301996604,0.0,OK,7,Monday,2026-09-07
2026-09-07 07:48:00+00:00,2026-09-07 07:44:38.446730+00:00,3.4,6.4,8.62719500988555,3,3.4000000000000004,3.4000000000000004,5.6271950098855505,5.6271950098855505,0.0,OK,7,Monday,2026-09-07
2026-09-07 07:51:00+00:00,2026-09-07 07:44:38.446730+00:00,6.4,6.2,8.357595165826627,3,3.2,3.2,5.357595165826627,5.357595165826627,0.0,OK,7,Monday,2026-09-07
2026-09-07 07:54:00+00:00,2026-09-07 07:54:45.045465+00:00,-0.8,4.0,5.391996881178469,7,-3.0,3.0,-1.6080031188215314,1.6080031188215314,0.0,OK,7,Monday,2026-09-07
2026-09-07 07:57:00+00:00,2026-09-07 07:54:45.045465+00:00,2.2,4.3,5.796396647266854,7,-2.7,2.7,-1.203603352733146,1.203603352733146,0.0,OK,7,Monday,2026-09-07
2026-09-07 08:00:00+00:00,2026-09-07 07:54:45.045465+00:00,5.2,4.5,6.065996491325778,13,-8.5,8.5,-6.934003508674222,6.934003508674222,0.0,OK,8,Monday,2026-09-07
2026-09-07 08:03:00+00:00,2026-09-07 07:54:45.045465+00:00,8.2,4.8,6.470396257414162,6,-1.2000000000000002,1.2000000000000002,0.470396257414162,0.470396257414162,0.0,OK,8,Monday,2026-09-07
2026-09-07 08:06:00+00:00,2026-09-07 08:07:24.018100+00:00,-1.4,5.9,7.953195399738242,4,1.9000000000000004,1.9000000000000004,3.9531953997382416,3.9531953997382416,0.0,OK,8,Monday,2026-09-07
2026-09-07 08:09:00+00:00,2026-09-07 08:07:24.018100+00:00,1.6,5.7,7.683595555679318,7,-1.2999999999999998,1.2999999999999998,0.6835955556793181,0.6835955556793181,0.0,OK,8,Monday,2026-09-07
2026-09-07 08:12:00+00:00,2026-09-07 08:07:24.018100+00:00,4.6,5.8,7.818395477708779,9,-3.2,3.2,-1.181604522291221,1.181604522291221,0.0,OK,8,Monday,2026-09-07
2026-09-07 08:15:00+00:00,2026-09-07 08:14:56.195050+00:00,0.1,5.5,7.4139957116203945,2,3.5,3.5,5.4139957116203945,5.4139957116203945,0.0,OK,8,Monday,2026-09-07
2026-09-07 08:18:00+00:00,2026-09-07 08:14:56.195050+00:00,3.1,5.6,7.548795633649855,7,-1.4000000000000004,1.4000000000000004,0.5487956336498554,0.5487956336498554,0.0,OK,8,Monday,2026-09-07
2026-09-07 08:21:00+00:00,2026-09-07 08:14:56.195050+00:00,6.1,5.9,7.953195399738242,15,-9.1,9.1,-7.046804600261758,7.046804600261758,0.0,OK,8,Monday,2026-09-07
2026-09-07 08:24:00+00:00,2026-09-07 08:24:51.922213+00:00,-0.9,7.8,10.514393918298014,6,1.7999999999999998,1.7999999999999998,4.514393918298014,4.514393918298014,0.0,OK,8,Monday,2026-09-07
2026-09-07 08:27:00+00:00,2026-09-07 08:24:51.922213+00:00,2.1,7.7,10.379593996268552,4,3.7,3.7,6.379593996268552,6.379593996268552,0.0,OK,8,Monday,2026-09-07
2026-09-07 08:30:00+00:00,2026-09-07 08:24:51.922213+00:00,5.1,7.7,10.379593996268552,2,5.7,5.7,8.379593996268552,8.379593996268552,0.0,OK,8,Monday,2026-09-07
2026-09-07 08:33:00+00:00,2026-09-07 08:24:51.922213+00:00,8.1,7.8,10.514393918298014,5,2.8,2.8,5.514393918298014,5.514393918298014,0.0,OK,8,Monday,2026-09-07
2026-09-07 08:36:00+00:00,2026-09-07 08:34:46.407760+00:00,1.2,4.9,6.605196179443625,3,1.9000000000000004,1.9000000000000004,3.6051961794436247,3.6051961794436247,0.0,OK,8,Monday,2026-09-07
2026-09-07 08:39:00+00:00,2026-09-07 08:34:46.407760+00:00,4.2,5.0,6.739996101473086,4,1.0,1.0,2.7399961014730856,2.7399961014730856,0.0,OK,8,Monday,2026-09-07
2026-09-07 08:42:00+00:00,2026-09-07 08:34:46.407760+00:00,7.2,5.2,7.009595945532009,1,4.2,4.2,6.009595945532009,6.009595945532009,0.0,OK,8,Monday,2026-09-07
2026-09-07 08:45:00+00:00,2026-09-07 08:45:18.194679+00:00,-0.3,4.5,6.065996491325778,5,-0.5,0.5,1.0659964913257776,1.0659964913257776,0.0,OK,8,Monday,2026-09-07
2026-09-07 08:48:00+00:00,2026-09-07 08:45:18.194679+00:00,2.7,4.4,5.931196569296316,5,-0.5999999999999996,0.5999999999999996,0.9311965692963158,0.9311965692963158,0.0,OK,8,Monday,2026-09-07
2026-09-07 08:51:00+00:00,2026-09-07 08:45:18.194679+00:00,5.7,4.5,6.065996491325778,9,-4.5,4.5,-2.9340035086742224,2.9340035086742224,0.0,OK,8,Monday,2026-09-07
2026-09-07 08:54:00+00:00,2026-09-07 08:54:58.908018+00:00,-1.0,6.3,8.492395087856089,10,-3.7,3.7,-1.5076049121439112,1.5076049121439112,0.0,OK,8,Monday,2026-09-07
2026-09-07 08:57:00+00:00,2026-09-07 08:54:58.908018+00:00,2.0,6.4,8.62719500988555,12,-5.6,5.6,-3.3728049901144495,3.3728049901144495,0.0,OK,8,Monday,2026-09-07
2026-09-07 09:00:00+00:00,2026-09-07 08:54:58.908018+00:00,5.0,6.4,8.62719500988555,7,-0.5999999999999996,0.5999999999999996,1.6271950098855505,1.6271950098855505,0.0,OK,9,Monday,2026-09-07
2026-09-07 09:03:00+00:00,2026-09-07 08:54:58.908018+00:00,8.0,6.6,8.896794853944472,7,-0.40000000000000036,0.40000000000000036,1.8967948539444723,1.8967948539444723,0.0,OK,9,Monday,2026-09-07
2026-09-07 09:06:00+00:00,2026-09-07 09:05:04.730105+00:00,0.9,7.9,10.649193840327476,7,0.9000000000000004,0.9000000000000004,3.6491938403274755,3.6491938403274755,0.0,OK,9,Monday,2026-09-07
2026-09-07 09:09:00+00:00,2026-09-07 09:05:04.730105+00:00,3.9,7.5,10.109994152209628,11,-3.5,3.5,-0.8900058477903716,0.8900058477903716,0.0,OK,9,Monday,2026-09-07
2026-09-07 09:12:00+00:00,2026-09-07 09:05:04.730105+00:00,6.9,7.5,10.109994152209628,8,-0.5,0.5,2.1099941522096284,2.1099941522096284,0.0,OK,9,Monday,2026-09-07
2026-09-07 09:15:00+00:00,2026-09-07 09:15:12.182904+00:00,-0.2,6.5,8.761994931915012,14,-7.5,7.5,-5.238005068084988,5.238005068084988,0.0,OK,9,Monday,2026-09-07
2026-09-07 09:18:00+00:00,2026-09-07 09:15:12.182904+00:00,2.8,6.4,8.62719500988555,9,-2.5999999999999996,2.5999999999999996,-0.37280499011444945,0.37280499011444945,0.0,OK,9,Monday,2026-09-07
2026-09-07 09:21:00+00:00,2026-09-07 09:15:12.182904+00:00,5.8,6.5,8.761994931915012,11,-4.5,4.5,-2.2380050680849877,2.2380050680849877,0.0,OK,9,Monday,2026-09-07
2026-09-07 09:24:00+00:00,2026-09-07 09:25:34.425961+00:00,-1.6,7.9,10.649193840327476,13,-5.1,5.1,-2.3508061596725245,2.3508061596725245,0.0,OK,9,Monday,2026-09-07
2026-09-07 09:27:00+00:00,2026-09-07 09:25:34.425961+00:00,1.4,7.9,10.649193840327476,13,-5.1,5.1,-2.3508061596725245,2.3508061596725245,0.0,OK,9,Monday,2026-09-07
2026-09-07 09:30:00+00:00,2026-09-07 09:25:34.425961+00:00,4.4,7.9,10.649193840327476,10,-2.0999999999999996,2.0999999999999996,0.6491938403274755,0.6491938403274755,0.0,OK,9,Monday,2026-09-07
2026-09-07 09:33:00+00:00,2026-09-07 09:25:34.425961+00:00,7.4,8.0,10.783993762356937,9,-1.0,1.0,1.7839937623569373,1.7839937623569373,0.0,OK,9,Monday,2026-09-07
2026-09-07 09:36:00+00:00,2026-09-07 09:34:30.463272+00:00,1.5,10.0,13.479992202946171,7,3.0,3.0,6.479992202946171,6.479992202946171,0.0,OK,9,Monday,2026-09-07
2026-09-07 09:39:00+00:00,2026-09-07 09:34:30.463272+00:00,4.5,9.8,13.21039235888725,3,6.800000000000001,6.800000000000001,10.21039235888725,10.21039235888725,0.0,OK,9,Monday,2026-09-07
2026-09-07 09:42:00+00:00,2026-09-07 09:34:30.463272+00:00,7.5,9.7,13.075592436857786,10,-0.3000000000000007,0.3000000000000007,3.075592436857786,3.075592436857786,0.0,OK,9,Monday,2026-09-07
2026-09-07 09:45:00+00:00,2026-09-07 09:45:31.962673+00:00,-0.5,5.5,7.4139957116203945,13,-7.5,7.5,-5.5860042883796055,5.5860042883796055,0.0,OK,9,Monday,2026-09-07
2026-09-07 09:48:00+00:00,2026-09-07 09:45:31.962673+00:00,2.5,5.5,7.4139957116203945,7,-1.5,1.5,0.4139957116203945,0.4139957116203945,0.0,OK,9,Monday,2026-09-07
2026-09-07 09:51:00+00:00,2026-09-07 09:45:31.962673+00:00,5.5,5.7,7.683595555679318,8,-2.3,2.3,-0.31640444432068193,0.31640444432068193,0.0,OK,9,Monday,2026-09-07
2026-09-07 09:54:00+00:00,2026-09-07 09:55:03.604419+00:00,-1.1,8.3,11.188393528445323,2,6.300000000000001,6.300000000000001,9.188393528445323,9.188393528445323,0.0,OK,9,Monday,2026-09-07
2026-09-07 09:57:00+00:00,2026-09-07 09:55:03.604419+00:00,1.9,8.1,10.918793684386399,5,3.0999999999999996,3.0999999999999996,5.918793684386399,5.918793684386399,0.0,OK,9,Monday,2026-09-07
2026-09-07 10:00:00+00:00,2026-09-07 09:55:03.604419+00:00,4.9,8.0,10.783993762356937,13,-5.0,5.0,-2.2160062376430627,2.2160062376430627,0.0,OK,10,Monday,2026-09-07
2026-09-07 10:03:00+00:00,2026-09-07 09:55:03.604419+00:00,7.9,8.1,10.918793684386399,6,2.0999999999999996,2.0999999999999996,4.918793684386399,4.918793684386399,0.0,OK,10,Monday,2026-09-07
2026-09-07 10:06:00+00:00,2026-09-07 10:05:22.929575+00:00,0.6,8.6,11.592793294533708,13,-4.4,4.4,-1.407206705466292,1.407206705466292,0.0,OK,10,Monday,2026-09-07
2026-09-07 10:09:00+00:00,2026-09-07 10:05:22.929575+00:00,3.6,8.6,11.592793294533708,19,-10.4,10.4,-7.407206705466292,7.407206705466292,0.0,OK,10,Monday,2026-09-07
2026-09-07 10:12:00+00:00,2026-09-07 10:05:22.929575+00:00,6.6,8.4,11.323193450474784,17,-8.6,8.6,-5.676806549525216,5.676806549525216,0.0,OK,10,Monday,2026-09-07
2026-09-07 10:15:00+00:00,2026-09-07 10:15:23.607544+00:00,-0.4,10.2,13.749592047005095,17,-6.800000000000001,6.800000000000001,-3.2504079529949053,3.2504079529949053,0.0,OK,10,Monday,2026-09-07
2026-09-07 10:18:00+00:00,2026-09-07 10:15:23.607544+00:00,2.6,9.4,12.671192670769402,7,2.4000000000000004,2.4000000000000004,5.671192670769402,5.671192670769402,0.0,OK,10,Monday,2026-09-07
2026-09-07 10:21:00+00:00,2026-09-07 10:15:23.607544+00:00,5.6,8.9,11.997193060622093,3,5.9,5.9,8.997193060622093,8.997193060622093,0.0,OK,10,Monday,2026-09-07
2026-09-07 10:24:00+00:00,2026-09-07 10:26:15.908260+00:00,-2.3,6.1,8.222795243797163,10,-3.9000000000000004,3.9000000000000004,-1.7772047562028366,1.7772047562028366,0.0,OK,10,Monday,2026-09-07
2026-09-07 10:27:00+00:00,2026-09-07 10:26:15.908260+00:00,0.7,5.7,7.683595555679318,8,-2.3,2.3,-0.31640444432068193,0.31640444432068193,0.0,OK,10,Monday,2026-09-07
2026-09-07 10:30:00+00:00,2026-09-07 10:26:15.908260+00:00,3.7,5.7,7.683595555679318,13,-7.3,7.3,-5.316404444320682,5.316404444320682,0.0,OK,10,Monday,2026-09-07
2026-09-07 10:33:00+00:00,2026-09-07 10:26:15.908260+00:00,6.7,5.7,7.683595555679318,16,-10.3,10.3,-8.316404444320682,8.316404444320682,0.0,OK,10,Monday,2026-09-07
2026-09-07 10:36:00+00:00,2026-09-07 10:35:16.513877+00:00,0.7,9.1,12.266792904681015,10,-0.9000000000000004,0.9000000000000004,2.266792904681015,2.266792904681015,0.0,OK,10,Monday,2026-09-07
2026-09-07 10:39:00+00:00,2026-09-07 10:35:16.513877+00:00,3.7,9.4,12.671192670769402,11,-1.5999999999999996,1.5999999999999996,1.6711926707694023,1.6711926707694023,0.0,OK,10,Monday,2026-09-07
2026-09-07 10:42:00+00:00,2026-09-07 10:35:16.513877+00:00,6.7,9.3,12.53639274873994,9,0.3000000000000007,0.3000000000000007,3.5363927487399405,3.5363927487399405,0.0,OK,10,Monday,2026-09-07
2026-09-07 10:45:00+00:00,2026-09-07 10:44:58.201539+00:00,0.0,7.0,9.43599454206232,10,-3.0,3.0,-0.5640054579376805,0.5640054579376805,0.0,OK,10,Monday,2026-09-07
2026-09-07 10:48:00+00:00,2026-09-07 10:44:58.201539+00:00,3.0,6.6,8.896794853944472,10,-3.4000000000000004,3.4000000000000004,-1.1032051460555277,1.1032051460555277,0.0,OK,10,Monday,2026-09-07
2026-09-07 10:51:00+00:00,2026-09-07 10:44:58.201539+00:00,6.0,6.6,8.896794853944472,11,-4.4,4.4,-2.1032051460555277,2.1032051460555277,0.0,OK,10,Monday,2026-09-07
2026-09-07 10:54:00+00:00,2026-09-07 10:54:38.989987+00:00,-0.6,8.6,11.592793294533708,6,2.5999999999999996,2.5999999999999996,5.592793294533708,5.592793294533708,0.0,OK,10,Monday,2026-09-07
2026-09-07 10:57:00+00:00,2026-09-07 10:54:38.989987+00:00,2.4,8.3,11.188393528445323,4,4.300000000000001,4.300000000000001,7.188393528445323,7.188393528445323,0.0,OK,10,Monday,2026-09-07
2026-09-07 11:00:00+00:00,2026-09-07 10:54:38.989987+00:00,5.4,8.3,11.188393528445323,13,-4.699999999999999,4.699999999999999,-1.8116064715546774,1.8116064715546774,0.0,OK,11,Monday,2026-09-07
2026-09-07 11:03:00+00:00,2026-09-07 11:04:37.796544+00:00,-1.6,8.1,10.918793684386399,6,2.0999999999999996,2.0999999999999996,4.918793684386399,4.918793684386399,0.0,OK,11,Monday,2026-09-07
2026-09-07 11:06:00+00:00,2026-09-07 11:04:37.796544+00:00,1.4,7.9,10.649193840327476,4,3.9000000000000004,3.9000000000000004,6.6491938403274755,6.6491938403274755,0.0,OK,11,Monday,2026-09-07
2026-09-07 11:09:00+00:00,2026-09-07 11:04:37.796544+00:00,4.4,7.6,10.24479407423909,9,-1.4000000000000004,1.4000000000000004,1.2447940742390902,1.2447940742390902,0.0,OK,11,Monday,2026-09-07
2026-09-07 11:12:00+00:00,2026-09-07 11:04:37.796544+00:00,7.4,7.1,9.570794464091781,14,-6.9,6.9,-4.429205535908219,4.429205535908219,0.0,OK,11,Monday,2026-09-07
2026-09-07 11:15:00+00:00,2026-09-07 11:15:10.312231+00:00,-0.2,4.5,6.065996491325778,17,-12.5,12.5,-10.934003508674223,10.934003508674223,0.0,OK,11,Monday,2026-09-07
2026-09-07 11:18:00+00:00,2026-09-07 11:15:10.312231+00:00,2.8,4.4,5.931196569296316,4,0.40000000000000036,0.40000000000000036,1.9311965692963158,1.9311965692963158,0.0,OK,11,Monday,2026-09-07
2026-09-07 11:21:00+00:00,2026-09-07 11:15:10.312231+00:00,5.8,4.5,6.065996491325778,6,-1.5,1.5,0.06599649132577756,0.06599649132577756,0.0,OK,11,Monday,2026-09-07
2026-09-07 11:24:00+00:00,2026-09-07 11:24:27.267281+00:00,-0.5,4.6,6.2007964133552385,5,-0.40000000000000036,0.40000000000000036,1.2007964133552385,1.2007964133552385,0.0,OK,11,Monday,2026-09-07
2026-09-07 11:27:00+00:00,2026-09-07 11:24:27.267281+00:00,2.5,4.3,5.796396647266854,10,-5.7,5.7,-4.203603352733146,4.203603352733146,0.0,OK,11,Monday,2026-09-07
2026-09-07 11:30:00+00:00,2026-09-07 11:24:27.267281+00:00,5.5,4.4,5.931196569296316,7,-2.5999999999999996,2.5999999999999996,-1.0688034307036842,1.0688034307036842,0.0,OK,11,Monday,2026-09-07
2026-09-07 11:33:00+00:00,2026-09-07 11:24:27.267281+00:00,8.5,4.5,6.065996491325778,16,-11.5,11.5,-9.934003508674223,9.934003508674223,0.0,OK,11,Monday,2026-09-07
2026-09-07 11:36:00+00:00,2026-09-07 11:34:38.825217+00:00,1.4,6.5,8.761994931915012,5,1.5,1.5,3.7619949319150123,3.7619949319150123,0.0,OK,11,Monday,2026-09-07
2026-09-07 11:39:00+00:00,2026-09-07 11:34:38.825217+00:00,4.4,6.5,8.761994931915012,4,2.5,2.5,4.761994931915012,4.761994931915012,0.0,OK,11,Monday,2026-09-07
2026-09-07 11:42:00+00:00,2026-09-07 11:34:38.825217+00:00,7.4,6.7,9.031594775973936,6,0.7000000000000002,0.7000000000000002,3.031594775973936,3.031594775973936,0.0,OK,11,Monday,2026-09-07
2026-09-07 11:45:00+00:00,2026-09-07 11:44:40.784925+00:00,0.3,4.4,5.931196569296316,16,-11.6,11.6,-10.068803430703685,10.068803430703685,0.0,OK,11,Monday,2026-09-07
2026-09-07 11:48:00+00:00,2026-09-07 11:44:40.784925+00:00,3.3,4.5,6.065996491325778,6,-1.5,1.5,0.06599649132577756,0.06599649132577756,0.0,OK,11,Monday,2026-09-07
2026-09-07 11:51:00+00:00,2026-09-07 11:44:40.784925+00:00,6.3,4.7,6.335596335384701,10,-5.3,5.3,-3.664403664615299,3.664403664615299,0.0,OK,11,Monday,2026-09-07
2026-09-07 11:54:00+00:00,2026-09-07 11:54:37.176623+00:00,-0.6,5.2,7.009595945532009,4,1.2000000000000002,1.2000000000000002,3.009595945532009,3.009595945532009,0.0,OK,11,Monday,2026-09-07
2026-09-07 11:57:00+00:00,2026-09-07 11:54:37.176623+00:00,2.4,5.1,6.874796023502547,2,3.0999999999999996,3.0999999999999996,4.874796023502547,4.874796023502547,0.0,OK,11,Monday,2026-09-07
2026-09-07 12:00:00+00:00,2026-09-07 11:54:37.176623+00:00,5.4,4.9,6.605196179443625,1,3.9000000000000004,3.9000000000000004,5.605196179443625,5.605196179443625,0.0,OK,12,Monday,2026-09-07
2026-09-07 12:03:00+00:00,2026-09-07 11:54:37.176623+00:00,8.4,4.7,6.335596335384701,5,-0.2999999999999998,0.2999999999999998,1.3355963353847011,1.3355963353847011,0.0,OK,12,Monday,2026-09-07
2026-09-07 12:06:00+00:00,2026-09-07 12:04:46.806433+00:00,1.2,3.2,4.313597504942775,3,0.20000000000000018,0.20000000000000018,1.3135975049427753,1.3135975049427753,0.0,OK,12,Monday,2026-09-07
2026-09-07 12:09:00+00:00,2026-09-07 12:04:46.806433+00:00,4.2,3.3,4.448397426972236,2,1.2999999999999998,1.2999999999999998,2.448397426972236,2.448397426972236,0.0,OK,12,Monday,2026-09-07
2026-09-07 12:12:00+00:00,2026-09-07 12:04:46.806433+00:00,7.2,3.5,4.71799727103116,11,-7.5,7.5,-6.28200272896884,6.28200272896884,0.0,OK,12,Monday,2026-09-07
2026-09-07 12:15:00+00:00,2026-09-07 12:14:35.074440+00:00,0.4,3.2,4.313597504942775,6,-2.8,2.8,-1.6864024950572247,1.6864024950572247,0.0,OK,12,Monday,2026-09-07
2026-09-07 12:21:00+00:00,2026-09-07 12:14:35.074440+00:00,6.4,3.4,4.583197349001698,8,-4.6,4.6,-3.416802650998302,3.416802650998302,0.0,OK,12,Monday,2026-09-07
2026-09-07 12:24:00+00:00,2026-09-07 12:24:29.906925+00:00,-0.5,5.2,7.009595945532009,5,0.20000000000000018,0.20000000000000018,2.009595945532009,2.009595945532009,0.0,OK,12,Monday,2026-09-07
2026-09-07 12:27:00+00:00,2026-09-07 12:24:29.906925+00:00,2.5,5.0,6.739996101473086,4,1.0,1.0,2.7399961014730856,2.7399961014730856,0.0,OK,12,Monday,2026-09-07
2026-09-07 12:30:00+00:00,2026-09-07 12:24:29.906925+00:00,5.5,4.8,6.470396257414162,2,2.8,2.8,4.470396257414162,4.470396257414162,0.0,OK,12,Monday,2026-09-07
2026-09-07 12:33:00+00:00,2026-09-07 12:24:29.906925+00:00,8.5,4.9,6.605196179443625,11,-6.1,6.1,-4.394803820556375,4.394803820556375,0.0,OK,12,Monday,2026-09-07
2026-09-07 12:36:00+00:00,2026-09-07 12:34:26.670196+00:00,1.6,3.9,5.257196959149007,9,-5.1,5.1,-3.742803040850993,3.742803040850993,0.0,OK,12,Monday,2026-09-07
2026-09-07 12:39:00+00:00,2026-09-07 12:34:26.670196+00:00,4.6,3.7,4.987597115090083,9,-5.3,5.3,-4.012402884909917,4.012402884909917,0.0,OK,12,Monday,2026-09-07
2026-09-07 12:42:00+00:00,2026-09-07 12:34:26.670196+00:00,7.6,3.9,5.257196959149007,12,-8.1,8.1,-6.742803040850993,6.742803040850993,0.0,OK,12,Monday,2026-09-07
2026-09-07 12:45:00+00:00,2026-09-07 12:44:29.004163+00:00,0.5,5.5,7.4139957116203945,20,-14.5,14.5,-12.586004288379605,12.586004288379605,0.0,OK,12,Monday,2026-09-07
2026-09-07 12:48:00+00:00,2026-09-07 12:44:29.004163+00:00,3.5,5.1,6.874796023502547,19,-13.9,13.9,-12.125203976497453,12.125203976497453,0.0,OK,12,Monday,2026-09-07
2026-09-07 12:51:00+00:00,2026-09-07 12:44:29.004163+00:00,6.5,5.1,6.874796023502547,13,-7.9,7.9,-6.125203976497453,6.125203976497453,0.0,OK,12,Monday,2026-09-07
2026-09-07 12:54:00+00:00,2026-09-07 12:54:24.642603+00:00,-0.4,9.5,12.805992592798862,10,-0.5,0.5,2.8059925927988623,2.8059925927988623,0.0,OK,12,Monday,2026-09-07
2026-09-07 12:57:00+00:00,2026-09-07 12:54:24.642603+00:00,2.6,8.6,11.592793294533708,9,-0.40000000000000036,0.40000000000000036,2.592793294533708,2.592793294533708,0.0,OK,12,Monday,2026-09-07
2026-09-07 13:00:00+00:00,2026-09-07 12:54:24.642603+00:00,5.6,7.9,10.649193840327476,8,-0.09999999999999964,0.09999999999999964,2.6491938403274755,2.6491938403274755,0.0,OK,13,Monday,2026-09-07
2026-09-07 13:03:00+00:00,2026-09-07 12:54:24.642603+00:00,8.6,7.7,10.379593996268552,8,-0.2999999999999998,0.2999999999999998,2.379593996268552,2.379593996268552,0.0,OK,13,Monday,2026-09-07
2026-09-07 13:06:00+00:00,2026-09-07 13:05:12.041536+00:00,0.8,6.7,9.031594775973936,25,-18.3,18.3,-15.968405224026064,15.968405224026064,0.0,OK,13,Monday,2026-09-07
2026-09-07 13:09:00+00:00,2026-09-07 13:05:12.041536+00:00,3.8,6.4,8.62719500988555,12,-5.6,5.6,-3.3728049901144495,3.3728049901144495,0.0,OK,13,Monday,2026-09-07
2026-09-07 13:12:00+00:00,2026-09-07 13:05:12.041536+00:00,6.8,6.4,8.62719500988555,9,-2.5999999999999996,2.5999999999999996,-0.37280499011444945,0.37280499011444945,0.0,OK,13,Monday,2026-09-07
2026-09-07 13:15:00+00:00,2026-09-07 13:14:20.473646+00:00,0.7,6.2,8.357595165826627,9,-2.8,2.8,-0.642404834173373,0.642404834173373,0.0,OK,13,Monday,2026-09-07
2026-09-07 13:18:00+00:00,2026-09-07 13:14:20.473646+00:00,3.7,6.0,8.087995321767703,4,2.0,2.0,4.087995321767703,4.087995321767703,0.0,OK,13,Monday,2026-09-07
2026-09-07 13:21:00+00:00,2026-09-07 13:14:20.473646+00:00,6.7,5.6,7.548795633649855,4,1.5999999999999996,1.5999999999999996,3.5487956336498554,3.5487956336498554,0.0,OK,13,Monday,2026-09-07
2026-09-07 13:24:00+00:00,2026-09-07 13:24:45.517299+00:00,-0.8,6.1,8.222795243797163,10,-3.9000000000000004,3.9000000000000004,-1.7772047562028366,1.7772047562028366,0.0,OK,13,Monday,2026-09-07
2026-09-07 13:27:00+00:00,2026-09-07 13:24:45.517299+00:00,2.2,6.0,8.087995321767703,10,-4.0,4.0,-1.9120046782322966,1.9120046782322966,0.0,OK,13,Monday,2026-09-07
2026-09-07 13:30:00+00:00,2026-09-07 13:24:45.517299+00:00,5.2,6.1,8.222795243797163,8,-1.9000000000000004,1.9000000000000004,0.22279524379716342,0.22279524379716342,0.0,OK,13,Monday,2026-09-07
2026-09-07 13:33:00+00:00,2026-09-07 13:24:45.517299+00:00,8.2,6.1,8.222795243797163,17,-10.9,10.9,-8.777204756202837,8.777204756202837,0.0,OK,13,Monday,2026-09-07
2026-09-07 13:36:00+00:00,2026-09-07 13:34:33.920393+00:00,1.4,6.8,9.166394698003396,21,-14.2,14.2,-11.833605301996604,11.833605301996604,0.0,OK,13,Monday,2026-09-07
2026-09-07 13:39:00+00:00,2026-09-07 13:34:33.920393+00:00,4.4,6.8,9.166394698003396,23,-16.2,16.2,-13.833605301996604,13.833605301996604,0.0,OK,13,Monday,2026-09-07
2026-09-07 13:42:00+00:00,2026-09-07 13:34:33.920393+00:00,7.4,6.7,9.031594775973936,16,-9.3,9.3,-6.968405224026064,6.968405224026064,0.0,OK,13,Monday,2026-09-07
2026-09-07 13:45:00+00:00,2026-09-07 13:44:34.335266+00:00,0.4,8.9,11.997193060622093,4,4.9,4.9,7.997193060622093,7.997193060622093,0.0,OK,13,Monday,2026-09-07
2026-09-07 13:48:00+00:00,2026-09-07 13:44:34.335266+00:00,3.4,7.5,10.109994152209628,6,1.5,1.5,4.109994152209628,4.109994152209628,0.0,OK,13,Monday,2026-09-07
2026-09-07 13:51:00+00:00,2026-09-07 13:44:34.335266+00:00,6.4,7.2,9.705594386121243,5,2.2,2.2,4.705594386121243,4.705594386121243,0.0,OK,13,Monday,2026-09-07
2026-09-07 13:54:00+00:00,2026-09-07 13:55:00.930908+00:00,-1.0,4.6,6.2007964133552385,13,-8.4,8.4,-6.7992035866447615,6.7992035866447615,0.0,OK,13,Monday,2026-09-07
2026-09-07 13:57:00+00:00,2026-09-07 13:55:00.930908+00:00,2.0,4.9,6.605196179443625,9,-4.1,4.1,-2.3948038205563753,2.3948038205563753,0.0,OK,13,Monday,2026-09-07
2026-09-07 14:00:00+00:00,2026-09-07 13:55:00.930908+00:00,5.0,5.4,7.279195789590933,15,-9.6,9.6,-7.720804210409067,7.720804210409067,0.0,OK,14,Monday,2026-09-07
2026-09-07 14:03:00+00:00,2026-09-07 13:55:00.930908+00:00,8.0,5.7,7.683595555679318,7,-1.2999999999999998,1.2999999999999998,0.6835955556793181,0.6835955556793181,0.0,OK,14,Monday,2026-09-07
2026-09-07 14:06:00+00:00,2026-09-07 14:04:33.145006+00:00,1.4,10.4,14.019191891064018,4,6.4,6.4,10.019191891064018,10.019191891064018,0.0,OK,14,Monday,2026-09-07
2026-09-07 14:09:00+00:00,2026-09-07 14:04:33.145006+00:00,4.4,9.8,13.21039235888725,12,-2.1999999999999993,2.1999999999999993,1.2103923588872494,1.2103923588872494,0.0,OK,14,Monday,2026-09-07
2026-09-07 14:12:00+00:00,2026-09-07 14:04:33.145006+00:00,7.4,9.4,12.671192670769402,10,-0.5999999999999996,0.5999999999999996,2.6711926707694023,2.6711926707694023,0.0,OK,14,Monday,2026-09-07
2026-09-07 14:15:00+00:00,2026-09-07 14:14:57.216862+00:00,0.0,4.7,6.335596335384701,6,-1.2999999999999998,1.2999999999999998,0.3355963353847011,0.3355963353847011,0.0,OK,14,Monday,2026-09-07
2026-09-07 14:18:00+00:00,2026-09-07 14:14:57.216862+00:00,3.0,4.7,6.335596335384701,5,-0.2999999999999998,0.2999999999999998,1.3355963353847011,1.3355963353847011,0.0,OK,14,Monday,2026-09-07
2026-09-07 14:21:00+00:00,2026-09-07 14:14:57.216862+00:00,6.0,4.7,6.335596335384701,3,1.7000000000000002,1.7000000000000002,3.335596335384701,3.335596335384701,0.0,OK,14,Monday,2026-09-07
2026-09-07 14:24:00+00:00,2026-09-07 14:24:22.694636+00:00,-0.4,5.0,6.739996101473086,3,2.0,2.0,3.7399961014730856,3.7399961014730856,0.0,OK,14,Monday,2026-09-07
2026-09-07 14:27:00+00:00,2026-09-07 14:24:22.694636+00:00,2.6,5.2,7.009595945532009,5,0.20000000000000018,0.20000000000000018,2.009595945532009,2.009595945532009,0.0,OK,14,Monday,2026-09-07
2026-09-07 14:30:00+00:00,2026-09-07 14:24:22.694636+00:00,5.6,5.6,7.548795633649855,5,0.5999999999999996,0.5999999999999996,2.5487956336498554,2.5487956336498554,0.0,OK,14,Monday,2026-09-07
2026-09-07 14:33:00+00:00,2026-09-07 14:24:22.694636+00:00,8.6,5.6,7.548795633649855,8,-2.4000000000000004,2.4000000000000004,-0.4512043663501446,0.4512043663501446,0.0,OK,14,Monday,2026-09-07
2026-09-07 14:36:00+00:00,2026-09-07 14:35:25.214734+00:00,0.6,5.4,7.279195789590933,3,2.4000000000000004,2.4000000000000004,4.279195789590933,4.279195789590933,0.0,OK,14,Monday,2026-09-07
2026-09-07 14:39:00+00:00,2026-09-07 14:35:25.214734+00:00,3.6,5.4,7.279195789590933,6,-0.5999999999999996,0.5999999999999996,1.2791957895909327,1.2791957895909327,0.0,OK,14,Monday,2026-09-07
2026-09-07 14:42:00+00:00,2026-09-07 14:35:25.214734+00:00,6.6,5.5,7.4139957116203945,6,-0.5,0.5,1.4139957116203945,1.4139957116203945,0.0,OK,14,Monday,2026-09-07
2026-09-07 14:45:00+00:00,2026-09-07 14:44:53.195191+00:00,0.1,5.6,7.548795633649855,5,0.5999999999999996,0.5999999999999996,2.5487956336498554,2.5487956336498554,0.0,OK,14,Monday,2026-09-07
2026-09-07 14:48:00+00:00,2026-09-07 14:44:53.195191+00:00,3.1,5.5,7.4139957116203945,6,-0.5,0.5,1.4139957116203945,1.4139957116203945,0.0,OK,14,Monday,2026-09-07
2026-09-07 14:51:00+00:00,2026-09-07 14:44:53.195191+00:00,6.1,5.8,7.818395477708779,10,-4.2,4.2,-2.181604522291221,2.181604522291221,0.0,OK,14,Monday,2026-09-07
2026-09-07 14:54:00+00:00,2026-09-07 14:54:38.843353+00:00,-0.6,6.9,9.30119462003286,9,-2.0999999999999996,2.0999999999999996,0.30119462003285946,0.30119462003285946,0.0,OK,14,Monday,2026-09-07
2026-09-07 14:57:00+00:00,2026-09-07 14:54:38.843353+00:00,2.4,7.0,9.43599454206232,10,-3.0,3.0,-0.5640054579376805,0.5640054579376805,0.0,OK,14,Monday,2026-09-07
2026-09-07 15:00:00+00:00,2026-09-07 14:54:38.843353+00:00,5.4,7.1,9.570794464091781,17,-9.9,9.9,-7.429205535908219,7.429205535908219,0.0,OK,15,Monday,2026-09-07
2026-09-07 15:03:00+00:00,2026-09-07 14:54:38.843353+00:00,8.4,7.2,9.705594386121243,12,-4.8,4.8,-2.294405613878757,2.294405613878757,0.0,OK,15,Monday,2026-09-07
2026-09-07 15:06:00+00:00,2026-09-07 15:05:04.488329+00:00,0.9,6.9,9.30119462003286,14,-7.1,7.1,-4.6988053799671405,4.6988053799671405,0.0,OK,15,Monday,2026-09-07
2026-09-07 15:09:00+00:00,2026-09-07 15:05:04.488329+00:00,3.9,6.7,9.031594775973936,15,-8.3,8.3,-5.968405224026064,5.968405224026064,0.0,OK,15,Monday,2026-09-07
2026-09-07 15:12:00+00:00,2026-09-07 15:05:04.488329+00:00,6.9,6.7,9.031594775973936,10,-3.3,3.3,-0.9684052240260641,0.9684052240260641,0.0,OK,15,Monday,2026-09-07
2026-09-07 15:15:00+00:00,2026-09-07 15:14:38.422914+00:00,0.4,8.5,11.457993372504246,10,-1.5,1.5,1.4579933725042462,1.4579933725042462,0.0,OK,15,Monday,2026-09-07
2026-09-07 15:18:00+00:00,2026-09-07 15:14:38.422914+00:00,3.4,8.0,10.783993762356937,11,-3.0,3.0,-0.2160062376430627,0.2160062376430627,0.0,OK,15,Monday,2026-09-07
2026-09-07 15:21:00+00:00,2026-09-07 15:14:38.422914+00:00,6.4,8.0,10.783993762356937,11,-3.0,3.0,-0.2160062376430627,0.2160062376430627,0.0,OK,15,Monday,2026-09-07
2026-09-07 15:24:00+00:00,2026-09-07 15:24:40.158755+00:00,-0.7,9.5,12.805992592798862,7,2.5,2.5,5.805992592798862,5.805992592798862,0.0,OK,15,Monday,2026-09-07
2026-09-07 15:27:00+00:00,2026-09-07 15:24:40.158755+00:00,2.3,9.6,12.940792514828324,13,-3.4000000000000004,3.4000000000000004,-0.059207485171675955,0.059207485171675955,0.0,OK,15,Monday,2026-09-07
2026-09-07 15:30:00+00:00,2026-09-07 15:24:40.158755+00:00,5.3,9.7,13.075592436857786,13,-3.3000000000000007,3.3000000000000007,0.07559243685778583,0.07559243685778583,0.0,OK,15,Monday,2026-09-07
2026-09-07 15:33:00+00:00,2026-09-07 15:24:40.158755+00:00,8.3,9.8,13.21039235888725,16,-6.199999999999999,6.199999999999999,-2.7896076411127506,2.7896076411127506,0.0,OK,15,Monday,2026-09-07
2026-09-07 15:36:00+00:00,2026-09-07 15:34:58.892414+00:00,1.0,11.0,14.827991423240789,13,-2.0,2.0,1.827991423240789,1.827991423240789,0.0,OK,15,Monday,2026-09-07
2026-09-07 15:39:00+00:00,2026-09-07 15:34:58.892414+00:00,4.0,10.7,14.423591657152402,8,2.6999999999999993,2.6999999999999993,6.423591657152402,6.423591657152402,0.0,OK,15,Monday,2026-09-07
2026-09-07 15:42:00+00:00,2026-09-07 15:34:58.892414+00:00,7.0,10.7,14.423591657152402,12,-1.3000000000000007,1.3000000000000007,2.423591657152402,2.423591657152402,0.0,OK,15,Monday,2026-09-07
2026-09-07 15:45:00+00:00,2026-09-07 15:45:21.785919+00:00,-0.4,6.9,9.30119462003286,12,-5.1,5.1,-2.6988053799671405,2.6988053799671405,0.0,OK,15,Monday,2026-09-07
2026-09-07 15:48:00+00:00,2026-09-07 15:45:21.785919+00:00,2.6,7.0,9.43599454206232,10,-3.0,3.0,-0.5640054579376805,0.5640054579376805,0.0,OK,15,Monday,2026-09-07
2026-09-07 15:51:00+00:00,2026-09-07 15:45:21.785919+00:00,5.6,7.2,9.705594386121243,23,-15.8,15.8,-13.294405613878757,13.294405613878757,0.0,OK,15,Monday,2026-09-07
2026-09-07 15:54:00+00:00,2026-09-07 15:55:53.612037+00:00,-1.9,12.5,16.849990253682716,18,-5.5,5.5,-1.1500097463172843,1.1500097463172843,0.0,OK,15,Monday,2026-09-07
2026-09-07 15:57:00+00:00,2026-09-07 15:55:53.612037+00:00,1.1,12.6,16.984790175712178,21,-8.4,8.4,-4.0152098242878225,4.0152098242878225,0.0,OK,15,Monday,2026-09-07
2026-09-07 16:00:00+00:00,2026-09-07 15:55:53.612037+00:00,4.1,12.0,16.175990643535407,20,-8.0,8.0,-3.824009356464593,3.824009356464593,0.0,OK,16,Monday,2026-09-07
2026-09-07 16:03:00+00:00,2026-09-07 15:55:53.612037+00:00,7.1,11.7,15.77159087744702,10,1.6999999999999993,1.6999999999999993,5.77159087744702,5.77159087744702,0.0,OK,16,Monday,2026-09-07
2026-09-07 16:06:00+00:00,2026-09-07 16:04:56.359142+00:00,1.1,14.2,19.141588928183563,13,1.1999999999999993,1.1999999999999993,6.1415889281835625,6.1415889281835625,0.0,OK,16,Monday,2026-09-07
2026-09-07 16:09:00+00:00,2026-09-07 16:04:56.359142+00:00,4.1,13.5,18.19798947397733,6,7.5,7.5,12.19798947397733,12.19798947397733,0.0,OK,16,Monday,2026-09-07
2026-09-07 16:12:00+00:00,2026-09-07 16:04:56.359142+00:00,7.1,12.8,17.2543900197711,16,-3.1999999999999993,3.1999999999999993,1.254390019771101,1.254390019771101,0.0,OK,16,Monday,2026-09-07
2026-09-07 16:15:00+00:00,2026-09-07 16:16:42.891535+00:00,-1.7,9.7,13.075592436857786,17,-7.300000000000001,7.300000000000001,-3.924407563142214,3.924407563142214,0.0,OK,16,Monday,2026-09-07
2026-09-07 16:18:00+00:00,2026-09-07 16:16:42.891535+00:00,1.3,9.9,13.345192280916711,20,-10.1,10.1,-6.654807719083289,6.654807719083289,0.0,OK,16,Monday,2026-09-07
2026-09-07 16:21:00+00:00,2026-09-07 16:16:42.891535+00:00,4.3,10.1,13.614792124975633,25,-14.9,14.9,-11.385207875024367,11.385207875024367,0.0,OK,16,Monday,2026-09-07
2026-09-07 16:24:00+00:00,2026-09-07 16:25:35.144509+00:00,-1.6,14.9,20.085188382389795,21,-6.1,6.1,-0.914811617610205,0.914811617610205,0.0,OK,16,Monday,2026-09-07
2026-09-07 16:27:00+00:00,2026-09-07 16:25:35.144509+00:00,1.4,13.9,18.73718916209518,22,-8.1,8.1,-3.2628108379048193,3.2628108379048193,0.0,OK,16,Monday,2026-09-07
2026-09-07 16:30:00+00:00,2026-09-07 16:25:35.144509+00:00,4.4,13.1,17.658789785859483,13,0.09999999999999964,0.09999999999999964,4.658789785859483,4.658789785859483,0.0,OK,16,Monday,2026-09-07
2026-09-07 16:33:00+00:00,2026-09-07 16:25:35.144509+00:00,7.4,12.4,16.715190331653254,11,1.4000000000000004,1.4000000000000004,5.715190331653254,5.715190331653254,0.0,OK,16,Monday,2026-09-07
2026-09-07 16:36:00+00:00,2026-09-07 16:35:08.650880+00:00,0.9,8.9,11.997193060622093,17,-8.1,8.1,-5.002806939377907,5.002806939377907,0.0,OK,16,Monday,2026-09-07
2026-09-07 16:39:00+00:00,2026-09-07 16:35:08.650880+00:00,3.9,8.9,11.997193060622093,13,-4.1,4.1,-1.0028069393779067,1.0028069393779067,0.0,OK,16,Monday,2026-09-07
2026-09-07 16:42:00+00:00,2026-09-07 16:35:08.650880+00:00,6.9,9.4,12.671192670769402,15,-5.6,5.6,-2.3288073292305977,2.3288073292305977,0.0,OK,16,Monday,2026-09-07
2026-09-07 16:45:00+00:00,2026-09-07 16:45:44.130842+00:00,-0.7,11.8,15.906390799476483,16,-4.199999999999999,4.199999999999999,-0.09360920052351673,0.09360920052351673,0.0,OK,16,Monday,2026-09-07
2026-09-07 16:48:00+00:00,2026-09-07 16:45:44.130842+00:00,2.3,11.9,16.041190721505945,14,-2.0999999999999996,2.0999999999999996,2.041190721505945,2.041190721505945,0.0,OK,16,Monday,2026-09-07
2026-09-07 16:51:00+00:00,2026-09-07 16:45:44.130842+00:00,5.3,11.8,15.906390799476483,14,-2.1999999999999993,2.1999999999999993,1.9063907994764833,1.9063907994764833,0.0,OK,16,Monday,2026-09-07
2026-09-07 16:54:00+00:00,2026-09-07 16:55:15.940101+00:00,-1.3,11.5,15.501991033388098,20,-8.5,8.5,-4.498008966611902,4.498008966611902,0.0,OK,16,Monday,2026-09-07
2026-09-07 16:57:00+00:00,2026-09-07 16:55:15.940101+00:00,1.7,10.9,14.693191501211327,11,-0.09999999999999964,0.09999999999999964,3.693191501211327,3.693191501211327,0.0,OK,16,Monday,2026-09-07
2026-09-07 17:00:00+00:00,2026-09-07 16:55:15.940101+00:00,4.7,10.9,14.693191501211327,20,-9.1,9.1,-5.306808498788673,5.306808498788673,0.0,OK,17,Monday,2026-09-07
2026-09-07 17:03:00+00:00,2026-09-07 16:55:15.940101+00:00,7.7,10.9,14.693191501211327,20,-9.1,9.1,-5.306808498788673,5.306808498788673,0.0,OK,17,Monday,2026-09-07
2026-09-07 17:06:00+00:00,2026-09-07 17:04:29.624714+00:00,1.5,13.7,18.467589318036254,19,-5.300000000000001,5.300000000000001,-0.5324106819637464,0.5324106819637464,0.0,OK,17,Monday,2026-09-07
2026-09-07 17:09:00+00:00,2026-09-07 17:04:29.624714+00:00,4.5,13.4,18.063189551947872,9,4.4,4.4,9.063189551947872,9.063189551947872,0.0,OK,17,Monday,2026-09-07
2026-09-07 17:12:00+00:00,2026-09-07 17:04:29.624714+00:00,7.5,12.7,17.119590097741636,19,-6.300000000000001,6.300000000000001,-1.8804099022583642,1.8804099022583642,0.0,OK,17,Monday,2026-09-07
2026-09-07 17:15:00+00:00,2026-09-07 17:14:49.433976+00:00,0.2,8.0,10.783993762356937,16,-8.0,8.0,-5.216006237643063,5.216006237643063,0.0,OK,17,Monday,2026-09-07
2026-09-07 17:18:00+00:00,2026-09-07 17:14:49.433976+00:00,3.2,7.6,10.24479407423909,11,-3.4000000000000004,3.4000000000000004,-0.7552059257609098,0.7552059257609098,0.0,OK,17,Monday,2026-09-07
2026-09-07 17:21:00+00:00,2026-09-07 17:14:49.433976+00:00,6.2,7.7,10.379593996268552,8,-0.2999999999999998,0.2999999999999998,2.379593996268552,2.379593996268552,0.0,OK,17,Monday,2026-09-07
2026-09-07 17:24:00+00:00,2026-09-07 17:24:58.689696+00:00,-1.0,8.8,11.862393138592632,11,-2.1999999999999993,2.1999999999999993,0.8623931385926316,0.8623931385926316,0.0,OK,17,Monday,2026-09-07
2026-09-07 17:27:00+00:00,2026-09-07 17:24:58.689696+00:00,2.0,8.4,11.323193450474784,11,-2.5999999999999996,2.5999999999999996,0.3231934504747844,0.3231934504747844,0.0,OK,17,Monday,2026-09-07
2026-09-07 17:30:00+00:00,2026-09-07 17:24:58.689696+00:00,5.0,8.5,11.457993372504246,13,-4.5,4.5,-1.5420066274957538,1.5420066274957538,0.0,OK,17,Monday,2026-09-07
2026-09-07 17:33:00+00:00,2026-09-07 17:24:58.689696+00:00,8.0,8.7,11.727593216563168,12,-3.3000000000000007,3.3000000000000007,-0.272406783436832,0.272406783436832,0.0,OK,17,Monday,2026-09-07
2026-09-07 17:36:00+00:00,2026-09-07 17:35:12.514754+00:00,0.8,11.3,15.232391189329174,7,4.300000000000001,4.300000000000001,8.232391189329174,8.232391189329174,0.0,OK,17,Monday,2026-09-07
2026-09-07 17:39:00+00:00,2026-09-07 17:35:12.514754+00:00,3.8,10.9,14.693191501211327,16,-5.1,5.1,-1.3068084987886728,1.3068084987886728,0.0,OK,17,Monday,2026-09-07
2026-09-07 17:42:00+00:00,2026-09-07 17:35:12.514754+00:00,6.8,10.5,14.15399181309348,17,-6.5,6.5,-2.84600818690652,2.84600818690652,0.0,OK,17,Monday,2026-09-07
2026-09-07 17:45:00+00:00,2026-09-07 17:44:16.090006+00:00,0.7,7.3,9.840394308150705,7,0.2999999999999998,0.2999999999999998,2.840394308150705,2.840394308150705,0.0,OK,17,Monday,2026-09-07
2026-09-07 17:48:00+00:00,2026-09-07 17:44:16.090006+00:00,3.7,7.0,9.43599454206232,3,4.0,4.0,6.4359945420623195,6.4359945420623195,0.0,OK,17,Monday,2026-09-07
2026-09-07 17:51:00+00:00,2026-09-07 17:44:16.090006+00:00,6.7,7.1,9.570794464091781,10,-2.9000000000000004,2.9000000000000004,-0.42920553590821875,0.42920553590821875,0.0,OK,17,Monday,2026-09-07
2026-09-07 17:54:00+00:00,2026-09-07 17:54:03.817195+00:00,-0.1,5.6,7.548795633649855,7,-1.4000000000000004,1.4000000000000004,0.5487956336498554,0.5487956336498554,0.0,OK,17,Monday,2026-09-07
2026-09-07 17:57:00+00:00,2026-09-07 17:54:03.817195+00:00,2.9,6.0,8.087995321767703,6,0.0,0.0,2.0879953217677034,2.0879953217677034,0.0,OK,17,Monday,2026-09-07
2026-09-07 18:00:00+00:00,2026-09-07 17:54:03.817195+00:00,5.9,5.4,7.279195789590933,14,-8.6,8.6,-6.720804210409067,6.720804210409067,0.0,OK,18,Monday,2026-09-07
2026-09-07 18:03:00+00:00,2026-09-07 18:04:13.351566+00:00,-1.2,7.9,10.649193840327476,12,-4.1,4.1,-1.3508061596725245,1.3508061596725245,0.0,OK,18,Monday,2026-09-07
2026-09-07 18:06:00+00:00,2026-09-07 18:04:13.351566+00:00,1.8,7.7,10.379593996268552,15,-7.3,7.3,-4.620406003731448,4.620406003731448,0.0,OK,18,Monday,2026-09-07
2026-09-07 18:09:00+00:00,2026-09-07 18:04:13.351566+00:00,4.8,7.2,9.705594386121243,13,-5.8,5.8,-3.294405613878757,3.294405613878757,0.0,OK,18,Monday,2026-09-07
2026-09-07 18:12:00+00:00,2026-09-07 18:04:13.351566+00:00,7.8,6.9,9.30119462003286,9,-2.0999999999999996,2.0999999999999996,0.30119462003285946,0.30119462003285946,0.0,OK,18,Monday,2026-09-07
2026-09-07 18:15:00+00:00,2026-09-07 18:14:20.994651+00:00,0.7,6.1,8.222795243797163,1,5.1,5.1,7.222795243797163,7.222795243797163,0.0,OK,18,Monday,2026-09-07
2026-09-07 18:24:00+00:00,2026-09-07 18:24:05.175333+00:00,-0.1,4.8,6.470396257414162,3,1.7999999999999998,1.7999999999999998,3.470396257414162,3.470396257414162,0.0,OK,18,Monday,2026-09-07
2026-09-07 18:27:00+00:00,2026-09-07 18:24:05.175333+00:00,2.9,4.4,5.931196569296316,2,2.4000000000000004,2.4000000000000004,3.931196569296316,3.931196569296316,0.0,OK,18,Monday,2026-09-07
2026-09-08 06:30:00+00:00,2026-09-08 06:25:00.375549+00:00,5.0,3.7,4.987597115090083,5,-1.2999999999999998,1.2999999999999998,-0.0124028849099167,0.0124028849099167,0.0,OK,6,Tuesday,2026-09-08
2026-09-08 06:33:00+00:00,2026-09-08 06:25:00.375549+00:00,8.0,3.5,4.71799727103116,7,-3.5,3.5,-2.2820027289688403,2.2820027289688403,0.0,OK,6,Tuesday,2026-09-08
2026-09-08 06:36:00+00:00,2026-09-08 06:34:57.334039+00:00,1.0,5.0,6.739996101473086,5,0.0,0.0,1.7399961014730856,1.7399961014730856,0.0,OK,6,Tuesday,2026-09-08
2026-09-08 06:39:00+00:00,2026-09-08 06:34:57.334039+00:00,4.0,4.8,6.470396257414162,4,0.7999999999999998,0.7999999999999998,2.470396257414162,2.470396257414162,0.0,OK,6,Tuesday,2026-09-08
2026-09-08 06:42:00+00:00,2026-09-08 06:34:57.334039+00:00,7.0,4.9,6.605196179443625,6,-1.0999999999999996,1.0999999999999996,0.6051961794436247,0.6051961794436247,0.0,OK,6,Tuesday,2026-09-08
2026-09-08 06:45:00+00:00,2026-09-08 06:45:05.744878+00:00,-0.1,4.1,5.5267968032079295,7,-2.9000000000000004,2.9000000000000004,-1.4732031967920705,1.4732031967920705,0.0,OK,6,Tuesday,2026-09-08
2026-09-08 06:48:00+00:00,2026-09-08 06:45:05.744878+00:00,2.9,4.1,5.5267968032079295,5,-0.9000000000000004,0.9000000000000004,0.5267968032079295,0.5267968032079295,0.0,OK,6,Tuesday,2026-09-08
2026-09-08 06:51:00+00:00,2026-09-08 06:45:05.744878+00:00,5.9,4.5,6.065996491325778,6,-1.5,1.5,0.06599649132577756,0.06599649132577756,0.0,OK,6,Tuesday,2026-09-08
2026-09-08 06:54:00+00:00,2026-09-08 06:54:54.769763+00:00,-0.9,5.0,6.739996101473086,3,2.0,2.0,3.7399961014730856,3.7399961014730856,0.0,OK,6,Tuesday,2026-09-08
2026-09-08 06:57:00+00:00,2026-09-08 06:54:54.769763+00:00,2.1,5.0,6.739996101473086,1,4.0,4.0,5.739996101473086,5.739996101473086,0.0,OK,6,Tuesday,2026-09-08
2026-09-08 07:00:00+00:00,2026-09-08 06:54:54.769763+00:00,5.1,5.1,6.874796023502547,3,2.0999999999999996,2.0999999999999996,3.8747960235025474,3.8747960235025474,0.0,OK,7,Tuesday,2026-09-08
2026-09-08 07:03:00+00:00,2026-09-08 06:54:54.769763+00:00,8.1,5.4,7.279195789590933,1,4.4,4.4,6.279195789590933,6.279195789590933,0.0,OK,7,Tuesday,2026-09-08
2026-09-08 07:06:00+00:00,2026-09-08 07:05:58.937199+00:00,0.0,4.1,5.5267968032079295,9,-4.9,4.9,-3.4732031967920705,3.4732031967920705,0.0,OK,7,Tuesday,2026-09-08
2026-09-08 07:09:00+00:00,2026-09-08 07:05:58.937199+00:00,3.0,4.5,6.065996491325778,15,-10.5,10.5,-8.934003508674223,8.934003508674223,0.0,OK,7,Tuesday,2026-09-08
2026-09-08 07:12:00+00:00,2026-09-08 07:05:58.937199+00:00,6.0,4.7,6.335596335384701,10,-5.3,5.3,-3.664403664615299,3.664403664615299,0.0,OK,7,Tuesday,2026-09-08
2026-09-08 07:15:00+00:00,2026-09-08 07:15:06.195847+00:00,-0.1,6.0,8.087995321767703,3,3.0,3.0,5.087995321767703,5.087995321767703,0.0,OK,7,Tuesday,2026-09-08
2026-09-08 07:18:00+00:00,2026-09-08 07:15:06.195847+00:00,2.9,5.7,7.683595555679318,6,-0.2999999999999998,0.2999999999999998,1.683595555679318,1.683595555679318,0.0,OK,7,Tuesday,2026-09-08
2026-09-08 07:21:00+00:00,2026-09-08 07:15:06.195847+00:00,5.9,5.7,7.683595555679318,6,-0.2999999999999998,0.2999999999999998,1.683595555679318,1.683595555679318,0.0,OK,7,Tuesday,2026-09-08
2026-09-08 07:24:00+00:00,2026-09-08 07:25:09.878489+00:00,-1.2,5.2,7.009595945532009,4,1.2000000000000002,1.2000000000000002,3.009595945532009,3.009595945532009,0.0,OK,7,Tuesday,2026-09-08
2026-09-08 07:27:00+00:00,2026-09-08 07:25:09.878489+00:00,1.8,5.3,7.144395867561471,11,-5.7,5.7,-3.855604132438529,3.855604132438529,0.0,OK,7,Tuesday,2026-09-08
2026-09-08 07:30:00+00:00,2026-09-08 07:25:09.878489+00:00,4.8,5.4,7.279195789590933,9,-3.5999999999999996,3.5999999999999996,-1.7208042104090673,1.7208042104090673,0.0,OK,7,Tuesday,2026-09-08
2026-09-08 07:33:00+00:00,2026-09-08 07:25:09.878489+00:00,7.8,5.6,7.548795633649855,3,2.5999999999999996,2.5999999999999996,4.548795633649855,4.548795633649855,0.0,OK,7,Tuesday,2026-09-08
2026-09-08 07:36:00+00:00,2026-09-08 07:34:59.401376+00:00,1.0,8.6,11.592793294533708,7,1.5999999999999996,1.5999999999999996,4.592793294533708,4.592793294533708,0.0,OK,7,Tuesday,2026-09-08
2026-09-08 07:39:00+00:00,2026-09-08 07:34:59.401376+00:00,4.0,8.3,11.188393528445323,17,-8.7,8.7,-5.811606471554677,5.811606471554677,0.0,OK,7,Tuesday,2026-09-08
2026-09-08 07:42:00+00:00,2026-09-08 07:34:59.401376+00:00,7.0,8.1,10.918793684386399,4,4.1,4.1,6.918793684386399,6.918793684386399,0.0,OK,7,Tuesday,2026-09-08
2026-09-08 07:45:00+00:00,2026-09-08 07:45:10.683657+00:00,-0.2,6.1,8.222795243797163,5,1.0999999999999996,1.0999999999999996,3.2227952437971634,3.2227952437971634,0.0,OK,7,Tuesday,2026-09-08
2026-09-08 07:48:00+00:00,2026-09-08 07:45:10.683657+00:00,2.8,5.8,7.818395477708779,5,0.7999999999999998,0.7999999999999998,2.818395477708779,2.818395477708779,0.0,OK,7,Tuesday,2026-09-08
2026-09-08 07:51:00+00:00,2026-09-08 07:45:10.683657+00:00,5.8,6.0,8.087995321767703,4,2.0,2.0,4.087995321767703,4.087995321767703,0.0,OK,7,Tuesday,2026-09-08
2026-09-08 07:54:00+00:00,2026-09-08 07:54:58.801425+00:00,-1.0,5.6,7.548795633649855,7,-1.4000000000000004,1.4000000000000004,0.5487956336498554,0.5487956336498554,0.0,OK,7,Tuesday,2026-09-08
2026-09-08 07:57:00+00:00,2026-09-08 07:54:58.801425+00:00,2.0,5.6,7.548795633649855,12,-6.4,6.4,-4.451204366350145,4.451204366350145,0.0,OK,7,Tuesday,2026-09-08
2026-09-08 08:00:00+00:00,2026-09-08 07:54:58.801425+00:00,5.0,5.7,7.683595555679318,13,-7.3,7.3,-5.316404444320682,5.316404444320682,0.0,OK,8,Tuesday,2026-09-08
2026-09-08 08:03:00+00:00,2026-09-08 07:54:58.801425+00:00,8.0,5.7,7.683595555679318,9,-3.3,3.3,-1.316404444320682,1.316404444320682,0.0,OK,8,Tuesday,2026-09-08
2026-09-08 08:06:00+00:00,2026-09-08 08:05:04.506321+00:00,0.9,10.5,14.15399181309348,7,3.5,3.5,7.15399181309348,7.15399181309348,0.0,OK,8,Tuesday,2026-09-08
2026-09-08 08:09:00+00:00,2026-09-08 08:05:04.506321+00:00,3.9,9.8,13.21039235888725,2,7.800000000000001,7.800000000000001,11.21039235888725,11.21039235888725,0.0,OK,8,Tuesday,2026-09-08
2026-09-08 08:12:00+00:00,2026-09-08 08:05:04.506321+00:00,6.9,9.5,12.805992592798862,10,-0.5,0.5,2.8059925927988623,2.8059925927988623,0.0,OK,8,Tuesday,2026-09-08
2026-09-08 08:15:00+00:00,2026-09-08 08:14:52.426342+00:00,0.1,6.2,8.357595165826627,4,2.2,2.2,4.357595165826627,4.357595165826627,0.0,OK,8,Tuesday,2026-09-08
2026-09-08 08:18:00+00:00,2026-09-08 08:14:52.426342+00:00,3.1,6.0,8.087995321767703,13,-7.0,7.0,-4.912004678232297,4.912004678232297,0.0,OK,8,Tuesday,2026-09-08
2026-09-08 08:21:00+00:00,2026-09-08 08:14:52.426342+00:00,6.1,6.2,8.357595165826627,6,0.20000000000000018,0.20000000000000018,2.357595165826627,2.357595165826627,0.0,OK,8,Tuesday,2026-09-08
2026-09-08 08:24:00+00:00,2026-09-08 08:24:56.555679+00:00,-0.9,6.8,9.166394698003396,6,0.7999999999999998,0.7999999999999998,3.166394698003396,3.166394698003396,0.0,OK,8,Tuesday,2026-09-08
2026-09-08 08:27:00+00:00,2026-09-08 08:24:56.555679+00:00,2.1,6.7,9.031594775973936,3,3.7,3.7,6.031594775973936,6.031594775973936,0.0,OK,8,Tuesday,2026-09-08
2026-09-08 08:30:00+00:00,2026-09-08 08:24:56.555679+00:00,5.1,6.7,9.031594775973936,1,5.7,5.7,8.031594775973936,8.031594775973936,0.0,OK,8,Tuesday,2026-09-08
2026-09-08 08:33:00+00:00,2026-09-08 08:24:56.555679+00:00,8.1,6.8,9.166394698003396,3,3.8,3.8,6.166394698003396,6.166394698003396,0.0,OK,8,Tuesday,2026-09-08
2026-09-08 08:36:00+00:00,2026-09-08 08:35:35.930086+00:00,0.4,5.0,6.739996101473086,2,3.0,3.0,4.739996101473086,4.739996101473086,0.0,OK,8,Tuesday,2026-09-08
2026-09-08 08:39:00+00:00,2026-09-08 08:35:35.930086+00:00,3.4,5.0,6.739996101473086,3,2.0,2.0,3.7399961014730856,3.7399961014730856,0.0,OK,8,Tuesday,2026-09-08
2026-09-08 08:42:00+00:00,2026-09-08 08:35:35.930086+00:00,6.4,5.1,6.874796023502547,8,-2.9000000000000004,2.9000000000000004,-1.1252039764974526,1.1252039764974526,0.0,OK,8,Tuesday,2026-09-08
2026-09-08 08:45:00+00:00,2026-09-08 08:45:22.476356+00:00,-0.4,4.8,6.470396257414162,12,-7.2,7.2,-5.529603742585838,5.529603742585838,0.0,OK,8,Tuesday,2026-09-08
2026-09-08 08:48:00+00:00,2026-09-08 08:45:22.476356+00:00,2.6,4.8,6.470396257414162,14,-9.2,9.2,-7.529603742585838,7.529603742585838,0.0,OK,8,Tuesday,2026-09-08
2026-09-08 08:51:00+00:00,2026-09-08 08:45:22.476356+00:00,5.6,5.0,6.739996101473086,15,-10.0,10.0,-8.260003898526914,8.260003898526914,0.0,OK,8,Tuesday,2026-09-08
2026-09-08 08:54:00+00:00,2026-09-08 08:54:50.638566+00:00,-0.8,9.1,12.266792904681015,18,-8.9,8.9,-5.733207095318985,5.733207095318985,0.0,OK,8,Tuesday,2026-09-08
2026-09-08 08:57:00+00:00,2026-09-08 08:54:50.638566+00:00,2.2,8.6,11.592793294533708,13,-4.4,4.4,-1.407206705466292,1.407206705466292,0.0,OK,8,Tuesday,2026-09-08
2026-09-08 09:00:00+00:00,2026-09-08 08:54:50.638566+00:00,5.2,8.0,10.783993762356937,14,-6.0,6.0,-3.2160062376430627,3.2160062376430627,0.0,OK,9,Tuesday,2026-09-08
2026-09-08 09:03:00+00:00,2026-09-08 08:54:50.638566+00:00,8.2,7.6,10.24479407423909,15,-7.4,7.4,-4.75520592576091,4.75520592576091,0.0,OK,9,Tuesday,2026-09-08
2026-09-08 09:06:00+00:00,2026-09-08 09:04:55.559243+00:00,1.1,10.0,13.479992202946171,13,-3.0,3.0,0.4799922029461712,0.4799922029461712,0.0,OK,9,Tuesday,2026-09-08
2026-09-08 09:09:00+00:00,2026-09-08 09:04:55.559243+00:00,4.1,9.5,12.805992592798862,5,4.5,4.5,7.805992592798862,7.805992592798862,0.0,OK,9,Tuesday,2026-09-08
2026-09-08 09:12:00+00:00,2026-09-08 09:04:55.559243+00:00,7.1,9.1,12.266792904681015,9,0.09999999999999964,0.09999999999999964,3.266792904681015,3.266792904681015,0.0,OK,9,Tuesday,2026-09-08
2026-09-08 09:15:00+00:00,2026-09-08 09:15:01.732939+00:00,-0.0,6.3,8.492395087856089,10,-3.7,3.7,-1.5076049121439112,1.5076049121439112,0.0,OK,9,Tuesday,2026-09-08
2026-09-08 09:18:00+00:00,2026-09-08 09:15:01.732939+00:00,3.0,6.3,8.492395087856089,10,-3.7,3.7,-1.5076049121439112,1.5076049121439112,0.0,OK,9,Tuesday,2026-09-08
2026-09-08 09:21:00+00:00,2026-09-08 09:15:01.732939+00:00,6.0,6.7,9.031594775973936,8,-1.2999999999999998,1.2999999999999998,1.031594775973936,1.031594775973936,0.0,OK,9,Tuesday,2026-09-08
2026-09-08 09:24:00+00:00,2026-09-08 09:24:53.542787+00:00,-0.9,8.6,11.592793294533708,9,-0.40000000000000036,0.40000000000000036,2.592793294533708,2.592793294533708,0.0,OK,9,Tuesday,2026-09-08
2026-09-08 09:27:00+00:00,2026-09-08 09:24:53.542787+00:00,2.1,8.7,11.727593216563168,12,-3.3000000000000007,3.3000000000000007,-0.272406783436832,0.272406783436832,0.0,OK,9,Tuesday,2026-09-08
2026-09-08 09:30:00+00:00,2026-09-08 09:24:53.542787+00:00,5.1,9.0,12.131992982651555,9,0.0,0.0,3.131992982651555,3.131992982651555,0.0,OK,9,Tuesday,2026-09-08
2026-09-08 09:33:00+00:00,2026-09-08 09:24:53.542787+00:00,8.1,9.0,12.131992982651555,4,5.0,5.0,8.131992982651555,8.131992982651555,0.0,OK,9,Tuesday,2026-09-08
2026-09-08 09:36:00+00:00,2026-09-08 09:35:11.513516+00:00,0.8,9.4,12.671192670769402,3,6.4,6.4,9.671192670769402,9.671192670769402,0.0,OK,9,Tuesday,2026-09-08
2026-09-08 09:39:00+00:00,2026-09-08 09:35:11.513516+00:00,3.8,9.3,12.53639274873994,9,0.3000000000000007,0.3000000000000007,3.5363927487399405,3.5363927487399405,0.0,OK,9,Tuesday,2026-09-08
2026-09-08 09:42:00+00:00,2026-09-08 09:35:11.513516+00:00,6.8,9.2,12.401592826710477,8,1.1999999999999993,1.1999999999999993,4.401592826710477,4.401592826710477,0.0,OK,9,Tuesday,2026-09-08
2026-09-08 09:45:00+00:00,2026-09-08 09:45:04.099525+00:00,-0.1,6.5,8.761994931915012,7,-0.5,0.5,1.7619949319150123,1.7619949319150123,0.0,OK,9,Tuesday,2026-09-08
2026-09-08 09:48:00+00:00,2026-09-08 09:45:04.099525+00:00,2.9,6.5,8.761994931915012,7,-0.5,0.5,1.7619949319150123,1.7619949319150123,0.0,OK,9,Tuesday,2026-09-08
2026-09-08 09:51:00+00:00,2026-09-08 09:45:04.099525+00:00,5.9,6.6,8.896794853944472,17,-10.4,10.4,-8.103205146055528,8.103205146055528,0.0,OK,9,Tuesday,2026-09-08
2026-09-08 09:54:00+00:00,2026-09-08 09:54:55.612856+00:00,-0.9,8.9,11.997193060622093,14,-5.1,5.1,-2.0028069393779067,2.0028069393779067,0.0,OK,9,Tuesday,2026-09-08
2026-09-08 09:57:00+00:00,2026-09-08 09:54:55.612856+00:00,2.1,9.0,12.131992982651555,7,2.0,2.0,5.131992982651555,5.131992982651555,0.0,OK,9,Tuesday,2026-09-08
2026-09-08 10:00:00+00:00,2026-09-08 09:54:55.612856+00:00,5.1,9.1,12.266792904681015,5,4.1,4.1,7.266792904681015,7.266792904681015,0.0,OK,10,Tuesday,2026-09-08
2026-09-08 10:03:00+00:00,2026-09-08 09:54:55.612856+00:00,8.1,9.2,12.401592826710477,16,-6.800000000000001,6.800000000000001,-3.598407173289523,3.598407173289523,0.0,OK,10,Tuesday,2026-09-08
2026-09-08 10:06:00+00:00,2026-09-08 10:04:53.265412+00:00,1.1,7.7,10.379593996268552,10,-2.3,2.3,0.37959399626855195,0.37959399626855195,0.0,OK,10,Tuesday,2026-09-08
2026-09-08 10:09:00+00:00,2026-09-08 10:04:53.265412+00:00,4.1,7.5,10.109994152209628,23,-15.5,15.5,-12.890005847790372,12.890005847790372,0.0,OK,10,Tuesday,2026-09-08
2026-09-08 10:12:00+00:00,2026-09-08 10:04:53.265412+00:00,7.1,7.6,10.24479407423909,35,-27.4,27.4,-24.75520592576091,24.75520592576091,0.0,OK,10,Tuesday,2026-09-08
2026-09-08 10:15:00+00:00,2026-09-08 10:15:53.597687+00:00,-0.9,16.0,21.567987524713875,20,-4.0,4.0,1.5679875247138746,1.5679875247138746,0.0,OK,10,Tuesday,2026-09-08
2026-09-08 10:18:00+00:00,2026-09-08 10:15:53.597687+00:00,2.1,13.8,18.60238924006572,25,-11.2,11.2,-6.397610759934281,6.397610759934281,0.0,OK,10,Tuesday,2026-09-08
2026-09-08 10:21:00+00:00,2026-09-08 10:15:53.597687+00:00,5.1,12.5,16.849990253682716,12,0.5,0.5,4.849990253682716,4.849990253682716,0.0,OK,10,Tuesday,2026-09-08
2026-09-08 10:24:00+00:00,2026-09-08 10:26:21.479553+00:00,-2.4,12.9,17.389189941800563,12,0.9000000000000004,0.9000000000000004,5.389189941800563,5.389189941800563,0.0,OK,10,Tuesday,2026-09-08
2026-09-08 10:27:00+00:00,2026-09-08 10:26:21.479553+00:00,0.6,11.9,16.041190721505945,19,-7.1,7.1,-2.958809278494055,2.958809278494055,0.0,OK,10,Tuesday,2026-09-08
2026-09-08 10:30:00+00:00,2026-09-08 10:26:21.479553+00:00,3.6,11.5,15.501991033388098,10,1.5,1.5,5.501991033388098,5.501991033388098,0.0,OK,10,Tuesday,2026-09-08
2026-09-08 10:33:00+00:00,2026-09-08 10:26:21.479553+00:00,6.6,11.2,15.09759126729971,11,0.1999999999999993,0.1999999999999993,4.097591267299711,4.097591267299711,0.0,OK,10,Tuesday,2026-09-08
2026-09-08 10:36:00+00:00,2026-09-08 10:35:35.384161+00:00,0.4,10.6,14.288791735122942,11,-0.40000000000000036,0.40000000000000036,3.288791735122942,3.288791735122942,0.0,OK,10,Tuesday,2026-09-08
2026-09-08 10:39:00+00:00,2026-09-08 10:35:35.384161+00:00,3.4,10.4,14.019191891064018,21,-10.6,10.6,-6.980808108935982,6.980808108935982,0.0,OK,10,Tuesday,2026-09-08
2026-09-08 10:42:00+00:00,2026-09-08 10:35:35.384161+00:00,6.4,10.6,14.288791735122942,16,-5.4,5.4,-1.7112082648770581,1.7112082648770581,0.0,OK,10,Tuesday,2026-09-08
2026-09-08 10:45:00+00:00,2026-09-08 10:44:43.780639+00:00,0.3,8.1,10.918793684386399,8,0.09999999999999964,0.09999999999999964,2.918793684386399,2.918793684386399,0.0,OK,10,Tuesday,2026-09-08
2026-09-08 10:48:00+00:00,2026-09-08 10:44:43.780639+00:00,3.3,8.0,10.783993762356937,9,-1.0,1.0,1.7839937623569373,1.7839937623569373,0.0,OK,10,Tuesday,2026-09-08
2026-09-08 10:51:00+00:00,2026-09-08 10:44:43.780639+00:00,6.3,8.1,10.918793684386399,5,3.0999999999999996,3.0999999999999996,5.918793684386399,5.918793684386399,0.0,OK,10,Tuesday,2026-09-08
2026-09-08 10:54:00+00:00,2026-09-08 10:54:49.912013+00:00,-0.8,6.7,9.031594775973936,5,1.7000000000000002,1.7000000000000002,4.031594775973936,4.031594775973936,0.0,OK,10,Tuesday,2026-09-08
2026-09-08 10:57:00+00:00,2026-09-08 10:54:49.912013+00:00,2.2,6.6,8.896794853944472,10,-3.4000000000000004,3.4000000000000004,-1.1032051460555277,1.1032051460555277,0.0,OK,10,Tuesday,2026-09-08
2026-09-08 11:00:00+00:00,2026-09-08 10:54:49.912013+00:00,5.2,6.7,9.031594775973936,5,1.7000000000000002,1.7000000000000002,4.031594775973936,4.031594775973936,0.0,OK,11,Tuesday,2026-09-08
2026-09-08 11:03:00+00:00,2026-09-08 10:54:49.912013+00:00,8.2,6.3,8.492395087856089,10,-3.7,3.7,-1.5076049121439112,1.5076049121439112,0.0,OK,11,Tuesday,2026-09-08
2026-09-08 11:06:00+00:00,2026-09-08 11:04:15.755315+00:00,1.7,5.9,7.953195399738242,7,-1.0999999999999996,1.0999999999999996,0.9531953997382416,0.9531953997382416,0.0,OK,11,Tuesday,2026-09-08
2026-09-08 11:09:00+00:00,2026-09-08 11:04:15.755315+00:00,4.7,5.9,7.953195399738242,5,0.9000000000000004,0.9000000000000004,2.9531953997382416,2.9531953997382416,0.0,OK,11,Tuesday,2026-09-08
2026-09-08 11:12:00+00:00,2026-09-08 11:04:15.755315+00:00,7.7,5.6,7.548795633649855,8,-2.4000000000000004,2.4000000000000004,-0.4512043663501446,0.4512043663501446,0.0,OK,11,Tuesday,2026-09-08
2026-09-08 11:15:00+00:00,2026-09-08 11:14:36.851121+00:00,0.4,4.7,6.335596335384701,7,-2.3,2.3,-0.6644036646152989,0.6644036646152989,0.0,OK,11,Tuesday,2026-09-08
2026-09-08 11:18:00+00:00,2026-09-08 11:14:36.851121+00:00,3.4,4.4,5.931196569296316,8,-3.5999999999999996,3.5999999999999996,-2.068803430703684,2.068803430703684,0.0,OK,11,Tuesday,2026-09-08
2026-09-08 11:21:00+00:00,2026-09-08 11:14:36.851121+00:00,6.4,4.5,6.065996491325778,7,-2.5,2.5,-0.9340035086742224,0.9340035086742224,0.0,OK,11,Tuesday,2026-09-08
2026-09-08 11:24:00+00:00,2026-09-08 11:24:31.165075+00:00,-0.5,5.3,7.144395867561471,2,3.3,3.3,5.144395867561471,5.144395867561471,0.0,OK,11,Tuesday,2026-09-08
2026-09-08 11:27:00+00:00,2026-09-08 11:24:31.165075+00:00,2.5,4.8,6.470396257414162,14,-9.2,9.2,-7.529603742585838,7.529603742585838,0.0,OK,11,Tuesday,2026-09-08
2026-09-08 11:30:00+00:00,2026-09-08 11:24:31.165075+00:00,5.5,4.9,6.605196179443625,10,-5.1,5.1,-3.3948038205563753,3.3948038205563753,0.0,OK,11,Tuesday,2026-09-08
2026-09-08 11:33:00+00:00,2026-09-08 11:34:36.438671+00:00,-1.6,8.0,10.783993762356937,7,1.0,1.0,3.7839937623569373,3.7839937623569373,0.0,OK,11,Tuesday,2026-09-08
2026-09-08 11:36:00+00:00,2026-09-08 11:34:36.438671+00:00,1.4,7.9,10.649193840327476,13,-5.1,5.1,-2.3508061596725245,2.3508061596725245,0.0,OK,11,Tuesday,2026-09-08
2026-09-08 11:39:00+00:00,2026-09-08 11:34:36.438671+00:00,4.4,7.4,9.975194230180167,17,-9.6,9.6,-7.024805769819833,7.024805769819833,0.0,OK,11,Tuesday,2026-09-08
2026-09-08 11:42:00+00:00,2026-09-08 11:34:36.438671+00:00,7.4,7.2,9.705594386121243,9,-1.7999999999999998,1.7999999999999998,0.705594386121243,0.705594386121243,0.0,OK,11,Tuesday,2026-09-08
2026-09-08 11:45:00+00:00,2026-09-08 11:47:11.697989+00:00,-2.2,6.9,9.30119462003286,9,-2.0999999999999996,2.0999999999999996,0.30119462003285946,0.30119462003285946,0.0,OK,11,Tuesday,2026-09-08
2026-09-08 11:48:00+00:00,2026-09-08 11:47:11.697989+00:00,0.8,6.4,8.62719500988555,3,3.4000000000000004,3.4000000000000004,5.6271950098855505,5.6271950098855505,0.0,OK,11,Tuesday,2026-09-08
2026-09-08 11:51:00+00:00,2026-09-08 11:47:11.697989+00:00,3.8,6.3,8.492395087856089,4,2.3,2.3,4.492395087856089,4.492395087856089,0.0,OK,11,Tuesday,2026-09-08
2026-09-08 11:54:00+00:00,2026-09-08 11:55:00.577844+00:00,-1.0,4.3,5.796396647266854,15,-10.7,10.7,-9.203603352733147,9.203603352733147,0.0,OK,11,Tuesday,2026-09-08
2026-09-08 11:57:00+00:00,2026-09-08 11:55:00.577844+00:00,2.0,4.5,6.065996491325778,10,-5.5,5.5,-3.9340035086742224,3.9340035086742224,0.0,OK,11,Tuesday,2026-09-08
2026-09-08 12:00:00+00:00,2026-09-08 11:55:00.577844+00:00,5.0,4.6,6.2007964133552385,7,-2.4000000000000004,2.4000000000000004,-0.7992035866447615,0.7992035866447615,0.0,OK,12,Tuesday,2026-09-08
2026-09-08 12:03:00+00:00,2026-09-08 11:55:00.577844+00:00,8.0,4.8,6.470396257414162,9,-4.2,4.2,-2.529603742585838,2.529603742585838,0.0,OK,12,Tuesday,2026-09-08
2026-09-08 12:06:00+00:00,2026-09-08 12:04:36.681746+00:00,1.4,7.4,9.975194230180167,9,-1.5999999999999996,1.5999999999999996,0.9751942301801666,0.9751942301801666,0.0,OK,12,Tuesday,2026-09-08
2026-09-08 12:09:00+00:00,2026-09-08 12:04:36.681746+00:00,4.4,7.4,9.975194230180167,13,-5.6,5.6,-3.0248057698198334,3.0248057698198334,0.0,OK,12,Tuesday,2026-09-08
2026-09-08 12:12:00+00:00,2026-09-08 12:04:36.681746+00:00,7.4,7.3,9.840394308150705,9,-1.7000000000000002,1.7000000000000002,0.8403943081507048,0.8403943081507048,0.0,OK,12,Tuesday,2026-09-08
2026-09-08 12:15:00+00:00,2026-09-08 12:14:34.576079+00:00,0.4,5.7,7.683595555679318,7,-1.2999999999999998,1.2999999999999998,0.6835955556793181,0.6835955556793181,0.0,OK,12,Tuesday,2026-09-08
2026-09-08 12:18:00+00:00,2026-09-08 12:14:34.576079+00:00,3.4,5.3,7.144395867561471,6,-0.7000000000000002,0.7000000000000002,1.144395867561471,1.144395867561471,0.0,OK,12,Tuesday,2026-09-08
2026-09-08 12:21:00+00:00,2026-09-08 12:14:34.576079+00:00,6.4,5.3,7.144395867561471,12,-6.7,6.7,-4.855604132438529,4.855604132438529,0.0,OK,12,Tuesday,2026-09-08
2026-09-08 12:24:00+00:00,2026-09-08 12:24:47.710297+00:00,-0.8,5.4,7.279195789590933,9,-3.5999999999999996,3.5999999999999996,-1.7208042104090673,1.7208042104090673,0.0,OK,12,Tuesday,2026-09-08
2026-09-08 12:27:00+00:00,2026-09-08 12:24:47.710297+00:00,2.2,5.1,6.874796023502547,12,-6.9,6.9,-5.125203976497453,5.125203976497453,0.0,OK,12,Tuesday,2026-09-08
2026-09-08 12:30:00+00:00,2026-09-08 12:24:47.710297+00:00,5.2,5.2,7.009595945532009,12,-6.8,6.8,-4.990404054467991,4.990404054467991,0.0,OK,12,Tuesday,2026-09-08
2026-09-08 12:33:00+00:00,2026-09-08 12:24:47.710297+00:00,8.2,5.2,7.009595945532009,2,3.2,3.2,5.009595945532009,5.009595945532009,0.0,OK,12,Tuesday,2026-09-08
2026-09-08 12:36:00+00:00,2026-09-08 12:34:23.049741+00:00,1.6,8.7,11.727593216563168,3,5.699999999999999,5.699999999999999,8.727593216563168,8.727593216563168,0.0,OK,12,Tuesday,2026-09-08
2026-09-08 12:39:00+00:00,2026-09-08 12:34:23.049741+00:00,4.6,8.2,11.053593606415859,7,1.1999999999999993,1.1999999999999993,4.053593606415859,4.053593606415859,0.0,OK,12,Tuesday,2026-09-08
2026-09-08 12:42:00+00:00,2026-09-08 12:34:23.049741+00:00,7.6,7.7,10.379593996268552,5,2.7,2.7,5.379593996268552,5.379593996268552,0.0,OK,12,Tuesday,2026-09-08
2026-09-08 12:45:00+00:00,2026-09-08 12:44:19.136116+00:00,0.7,4.1,5.5267968032079295,19,-14.9,14.9,-13.47320319679207,13.47320319679207,0.0,OK,12,Tuesday,2026-09-08
2026-09-08 12:48:00+00:00,2026-09-08 12:44:19.136116+00:00,3.7,4.0,5.391996881178469,6,-2.0,2.0,-0.6080031188215314,0.6080031188215314,0.0,OK,12,Tuesday,2026-09-08
2026-09-08 12:51:00+00:00,2026-09-08 12:44:19.136116+00:00,6.7,4.2,5.661596725237392,3,1.2000000000000002,1.2000000000000002,2.661596725237392,2.661596725237392,0.0,OK,12,Tuesday,2026-09-08
2026-09-08 12:54:00+00:00,2026-09-08 12:54:30.217533+00:00,-0.5,4.7,6.335596335384701,7,-2.3,2.3,-0.6644036646152989,0.6644036646152989,0.0,OK,12,Tuesday,2026-09-08
2026-09-08 12:57:00+00:00,2026-09-08 12:54:30.217533+00:00,2.5,4.6,6.2007964133552385,9,-4.4,4.4,-2.7992035866447615,2.7992035866447615,0.0,OK,12,Tuesday,2026-09-08
2026-09-08 13:00:00+00:00,2026-09-08 12:54:30.217533+00:00,5.5,4.5,6.065996491325778,9,-4.5,4.5,-2.9340035086742224,2.9340035086742224,0.0,OK,13,Tuesday,2026-09-08
2026-09-08 13:03:00+00:00,2026-09-08 12:54:30.217533+00:00,8.5,4.5,6.065996491325778,4,0.5,0.5,2.0659964913257776,2.0659964913257776,0.0,OK,13,Tuesday,2026-09-08
2026-09-08 13:06:00+00:00,2026-09-08 13:04:44.354752+00:00,1.3,6.4,8.62719500988555,12,-5.6,5.6,-3.3728049901144495,3.3728049901144495,0.0,OK,13,Tuesday,2026-09-08
2026-09-08 13:09:00+00:00,2026-09-08 13:04:44.354752+00:00,4.3,6.3,8.492395087856089,6,0.2999999999999998,0.2999999999999998,2.4923950878560888,2.4923950878560888,0.0,OK,13,Tuesday,2026-09-08
2026-09-08 13:12:00+00:00,2026-09-08 13:04:44.354752+00:00,7.3,5.9,7.953195399738242,4,1.9000000000000004,1.9000000000000004,3.9531953997382416,3.9531953997382416,0.0,OK,13,Tuesday,2026-09-08
2026-09-08 13:15:00+00:00,2026-09-08 13:14:48.003406+00:00,0.2,4.9,6.605196179443625,9,-4.1,4.1,-2.3948038205563753,2.3948038205563753,0.0,OK,13,Tuesday,2026-09-08
2026-09-08 13:18:00+00:00,2026-09-08 13:14:48.003406+00:00,3.2,5.0,6.739996101473086,6,-1.0,1.0,0.7399961014730856,0.7399961014730856,0.0,OK,13,Tuesday,2026-09-08
2026-09-08 13:21:00+00:00,2026-09-08 13:14:48.003406+00:00,6.2,5.2,7.009595945532009,6,-0.7999999999999998,0.7999999999999998,1.0095959455320092,1.0095959455320092,0.0,OK,13,Tuesday,2026-09-08
2026-09-08 13:24:00+00:00,2026-09-08 13:24:28.502965+00:00,-0.5,5.9,7.953195399738242,5,0.9000000000000004,0.9000000000000004,2.9531953997382416,2.9531953997382416,0.0,OK,13,Tuesday,2026-09-08
2026-09-08 13:27:00+00:00,2026-09-08 13:24:28.502965+00:00,2.5,5.7,7.683595555679318,13,-7.3,7.3,-5.316404444320682,5.316404444320682,0.0,OK,13,Tuesday,2026-09-08
2026-09-08 13:30:00+00:00,2026-09-08 13:24:28.502965+00:00,5.5,5.8,7.818395477708779,11,-5.2,5.2,-3.181604522291221,3.181604522291221,0.0,OK,13,Tuesday,2026-09-08
2026-09-08 13:33:00+00:00,2026-09-08 13:24:28.502965+00:00,8.5,6.0,8.087995321767703,3,3.0,3.0,5.087995321767703,5.087995321767703,0.0,OK,13,Tuesday,2026-09-08
2026-09-08 13:36:00+00:00,2026-09-08 13:35:25.618854+00:00,0.6,7.5,10.109994152209628,14,-6.5,6.5,-3.8900058477903716,3.8900058477903716,0.0,OK,13,Tuesday,2026-09-08
2026-09-08 13:39:00+00:00,2026-09-08 13:35:25.618854+00:00,3.6,7.2,9.705594386121243,10,-2.8,2.8,-0.29440561387875697,0.29440561387875697,0.0,OK,13,Tuesday,2026-09-08
2026-09-08 13:42:00+00:00,2026-09-08 13:35:25.618854+00:00,6.6,7.0,9.43599454206232,12,-5.0,5.0,-2.5640054579376805,2.5640054579376805,0.0,OK,13,Tuesday,2026-09-08
2026-09-08 13:45:00+00:00,2026-09-08 13:45:02.138089+00:00,-0.0,5.7,7.683595555679318,22,-16.3,16.3,-14.316404444320682,14.316404444320682,0.0,OK,13,Tuesday,2026-09-08
2026-09-08 13:48:00+00:00,2026-09-08 13:45:02.138089+00:00,3.0,5.6,7.548795633649855,9,-3.4000000000000004,3.4000000000000004,-1.4512043663501446,1.4512043663501446,0.0,OK,13,Tuesday,2026-09-08
2026-09-08 13:51:00+00:00,2026-09-08 13:45:02.138089+00:00,6.0,5.7,7.683595555679318,12,-6.3,6.3,-4.316404444320682,4.316404444320682,0.0,OK,13,Tuesday,2026-09-08
2026-09-08 13:54:00+00:00,2026-09-08 13:55:24.772667+00:00,-1.4,6.3,8.492395087856089,16,-9.7,9.7,-7.507604912143911,7.507604912143911,0.0,OK,13,Tuesday,2026-09-08
2026-09-08 13:57:00+00:00,2026-09-08 13:55:24.772667+00:00,1.6,6.4,8.62719500988555,13,-6.6,6.6,-4.3728049901144495,4.3728049901144495,0.0,OK,13,Tuesday,2026-09-08
2026-09-08 14:00:00+00:00,2026-09-08 13:55:24.772667+00:00,4.6,6.4,8.62719500988555,20,-13.6,13.6,-11.37280499011445,11.37280499011445,0.0,OK,14,Tuesday,2026-09-08
2026-09-08 14:03:00+00:00,2026-09-08 13:55:24.772667+00:00,7.6,6.4,8.62719500988555,12,-5.6,5.6,-3.3728049901144495,3.3728049901144495,0.0,OK,14,Tuesday,2026-09-08
2026-09-08 14:06:00+00:00,2026-09-08 14:06:13.262229+00:00,-0.2,12.2,16.445590487594327,10,2.1999999999999993,2.1999999999999993,6.445590487594327,6.445590487594327,0.0,OK,14,Tuesday,2026-09-08
2026-09-08 14:09:00+00:00,2026-09-08 14:06:13.262229+00:00,2.8,11.9,16.041190721505945,14,-2.0999999999999996,2.0999999999999996,2.041190721505945,2.041190721505945,0.0,OK,14,Tuesday,2026-09-08
2026-09-08 14:12:00+00:00,2026-09-08 14:06:13.262229+00:00,5.8,11.0,14.827991423240789,17,-6.0,6.0,-2.172008576759211,2.172008576759211,0.0,OK,14,Tuesday,2026-09-08
2026-09-08 14:15:00+00:00,2026-09-08 14:18:38.997455+00:00,-3.6,9.0,12.131992982651555,11,-2.0,2.0,1.1319929826515551,1.1319929826515551,0.0,OK,14,Tuesday,2026-09-08
2026-09-08 14:18:00+00:00,2026-09-08 14:18:38.997455+00:00,-0.6,9.0,12.131992982651555,17,-8.0,8.0,-4.868007017348445,4.868007017348445,0.0,OK,14,Tuesday,2026-09-08
2026-09-08 14:21:00+00:00,2026-09-08 14:18:38.997455+00:00,2.4,8.7,11.727593216563168,8,0.6999999999999993,0.6999999999999993,3.727593216563168,3.727593216563168,0.0,OK,14,Tuesday,2026-09-08
2026-09-08 14:24:00+00:00,2026-09-08 14:26:27.173766+00:00,-2.5,7.6,10.24479407423909,7,0.5999999999999996,0.5999999999999996,3.24479407423909,3.24479407423909,0.0,OK,14,Tuesday,2026-09-08
2026-09-08 14:27:00+00:00,2026-09-08 14:26:27.173766+00:00,0.5,7.1,9.570794464091781,9,-1.9000000000000004,1.9000000000000004,0.5707944640917813,0.5707944640917813,0.0,OK,14,Tuesday,2026-09-08
2026-09-08 14:30:00+00:00,2026-09-08 14:26:27.173766+00:00,3.5,7.2,9.705594386121243,11,-3.8,3.8,-1.294405613878757,1.294405613878757,0.0,OK,14,Tuesday,2026-09-08
2026-09-08 14:33:00+00:00,2026-09-08 14:26:27.173766+00:00,6.5,7.2,9.705594386121243,12,-4.8,4.8,-2.294405613878757,2.294405613878757,0.0,OK,14,Tuesday,2026-09-08
2026-09-08 14:36:00+00:00,2026-09-08 14:34:37.104791+00:00,1.4,8.3,11.188393528445323,7,1.3000000000000007,1.3000000000000007,4.188393528445323,4.188393528445323,0.0,OK,14,Tuesday,2026-09-08
2026-09-08 14:39:00+00:00,2026-09-08 14:34:37.104791+00:00,4.4,8.4,11.323193450474784,5,3.4000000000000004,3.4000000000000004,6.323193450474784,6.323193450474784,0.0,OK,14,Tuesday,2026-09-08
2026-09-08 14:42:00+00:00,2026-09-08 14:40:52.303023+00:00,1.1,5.7,7.683595555679318,17,-11.3,11.3,-9.316404444320682,9.316404444320682,0.0,OK,14,Tuesday,2026-09-08
2026-09-08 14:45:00+00:00,2026-09-08 14:45:18.921477+00:00,-0.3,6.1,8.222795243797163,7,-0.9000000000000004,0.9000000000000004,1.2227952437971634,1.2227952437971634,0.0,OK,14,Tuesday,2026-09-08
2026-09-08 14:48:00+00:00,2026-09-08 14:45:18.921477+00:00,2.7,6.4,8.62719500988555,8,-1.5999999999999996,1.5999999999999996,0.6271950098855505,0.6271950098855505,0.0,OK,14,Tuesday,2026-09-08
2026-09-08 14:51:00+00:00,2026-09-08 14:45:18.921477+00:00,5.7,6.4,8.62719500988555,11,-4.6,4.6,-2.3728049901144495,2.3728049901144495,0.0,OK,14,Tuesday,2026-09-08
2026-09-08 14:54:00+00:00,2026-09-08 14:55:30.094037+00:00,-1.5,7.3,9.840394308150705,21,-13.7,13.7,-11.159605691849295,11.159605691849295,0.0,OK,14,Tuesday,2026-09-08
2026-09-08 14:57:00+00:00,2026-09-08 14:57:45.223197+00:00,-0.8,9.1,12.266792904681015,14,-4.9,4.9,-1.7332070953189849,1.7332070953189849,0.0,OK,14,Tuesday,2026-09-08
2026-09-08 15:00:00+00:00,2026-09-08 14:57:45.223197+00:00,2.2,9.0,12.131992982651555,7,2.0,2.0,5.131992982651555,5.131992982651555,0.0,OK,15,Tuesday,2026-09-08
2026-09-08 15:03:00+00:00,2026-09-08 14:57:45.223197+00:00,5.2,8.6,11.592793294533708,9,-0.40000000000000036,0.40000000000000036,2.592793294533708,2.592793294533708,0.0,OK,15,Tuesday,2026-09-08
2026-09-08 15:06:00+00:00,2026-09-08 15:04:34.930969+00:00,1.4,9.1,12.266792904681015,16,-6.9,6.9,-3.733207095318985,3.733207095318985,0.0,OK,15,Tuesday,2026-09-08
2026-09-08 15:09:00+00:00,2026-09-08 15:04:34.930969+00:00,4.4,8.6,11.592793294533708,13,-4.4,4.4,-1.407206705466292,1.407206705466292,0.0,OK,15,Tuesday,2026-09-08
2026-09-08 15:12:00+00:00,2026-09-08 15:04:34.930969+00:00,7.4,8.3,11.188393528445323,17,-8.7,8.7,-5.811606471554677,5.811606471554677,0.0,OK,15,Tuesday,2026-09-08
2026-09-08 15:15:00+00:00,2026-09-08 15:14:41.036222+00:00,0.3,8.9,11.997193060622093,13,-4.1,4.1,-1.0028069393779067,1.0028069393779067,0.0,OK,15,Tuesday,2026-09-08
2026-09-08 15:18:00+00:00,2026-09-08 15:14:41.036222+00:00,3.3,8.7,11.727593216563168,16,-7.300000000000001,7.300000000000001,-4.272406783436832,4.272406783436832,0.0,OK,15,Tuesday,2026-09-08
2026-09-08 15:21:00+00:00,2026-09-08 15:14:41.036222+00:00,6.3,8.8,11.862393138592632,10,-1.1999999999999993,1.1999999999999993,1.8623931385926316,1.8623931385926316,0.0,OK,15,Tuesday,2026-09-08
2026-09-08 15:24:00+00:00,2026-09-08 15:25:55.312443+00:00,-1.9,9.4,12.671192670769402,9,0.40000000000000036,0.40000000000000036,3.6711926707694023,3.6711926707694023,0.0,OK,15,Tuesday,2026-09-08
2026-09-08 15:27:00+00:00,2026-09-08 15:25:55.312443+00:00,1.1,9.4,12.671192670769402,8,1.4000000000000004,1.4000000000000004,4.671192670769402,4.671192670769402,0.0,OK,15,Tuesday,2026-09-08
2026-09-08 15:30:00+00:00,2026-09-08 15:30:12.716369+00:00,-0.2,7.6,10.24479407423909,7,0.5999999999999996,0.5999999999999996,3.24479407423909,3.24479407423909,0.0,OK,15,Tuesday,2026-09-08
2026-09-08 15:33:00+00:00,2026-09-08 15:30:12.716369+00:00,2.8,7.8,10.514393918298014,18,-10.2,10.2,-7.485606081701986,7.485606081701986,0.0,OK,15,Tuesday,2026-09-08
2026-09-08 15:36:00+00:00,2026-09-08 15:34:30.294624+00:00,1.5,7.6,10.24479407423909,17,-9.4,9.4,-6.75520592576091,6.75520592576091,0.0,OK,15,Tuesday,2026-09-08
2026-09-08 15:39:00+00:00,2026-09-08 15:34:30.294624+00:00,4.5,7.8,10.514393918298014,13,-5.2,5.2,-2.4856060817019863,2.4856060817019863,0.0,OK,15,Tuesday,2026-09-08
2026-09-08 15:42:00+00:00,2026-09-08 15:34:30.294624+00:00,7.5,7.9,10.649193840327476,14,-6.1,6.1,-3.3508061596725245,3.3508061596725245,0.0,OK,15,Tuesday,2026-09-08
2026-09-08 15:45:00+00:00,2026-09-08 15:46:56.632399+00:00,-1.9,9.0,12.131992982651555,17,-8.0,8.0,-4.868007017348445,4.868007017348445,0.0,OK,15,Tuesday,2026-09-08
2026-09-08 15:48:00+00:00,2026-09-08 15:46:56.632399+00:00,1.1,9.0,12.131992982651555,13,-4.0,4.0,-0.8680070173484449,0.8680070173484449,0.0,OK,15,Tuesday,2026-09-08
2026-09-08 15:51:00+00:00,2026-09-08 15:46:56.632399+00:00,4.1,9.0,12.131992982651555,13,-4.0,4.0,-0.8680070173484449,0.8680070173484449,0.0,OK,15,Tuesday,2026-09-08
2026-09-08 15:54:00+00:00,2026-09-08 15:54:53.995539+00:00,-0.9,9.7,13.075592436857786,11,-1.3000000000000007,1.3000000000000007,2.075592436857786,2.075592436857786,0.0,OK,15,Tuesday,2026-09-08
2026-09-08 15:57:00+00:00,2026-09-08 15:54:53.995539+00:00,2.1,9.6,12.940792514828324,9,0.5999999999999996,0.5999999999999996,3.940792514828324,3.940792514828324,0.0,OK,15,Tuesday,2026-09-08
2026-09-08 16:00:00+00:00,2026-09-08 15:54:53.995539+00:00,5.1,9.6,12.940792514828324,10,-0.40000000000000036,0.40000000000000036,2.940792514828324,2.940792514828324,0.0,OK,16,Tuesday,2026-09-08
2026-09-08 16:03:00+00:00,2026-09-08 16:03:01.454208+00:00,-0.0,8.6,11.592793294533708,24,-15.4,15.4,-12.407206705466292,12.407206705466292,0.0,OK,16,Tuesday,2026-09-08
2026-09-08 16:06:00+00:00,2026-09-08 16:06:56.501119+00:00,-0.9,9.0,12.131992982651555,21,-12.0,12.0,-8.868007017348445,8.868007017348445,0.0,OK,16,Tuesday,2026-09-08
2026-09-08 16:09:00+00:00,2026-09-08 16:06:56.501119+00:00,2.1,9.3,12.53639274873994,29,-19.7,19.7,-16.463607251260058,16.463607251260058,0.0,OK,16,Tuesday,2026-09-08
2026-09-08 16:12:00+00:00,2026-09-08 16:06:56.501119+00:00,5.1,9.7,13.075592436857786,21,-11.3,11.3,-7.924407563142214,7.924407563142214,0.0,OK,16,Tuesday,2026-09-08
2026-09-08 16:15:00+00:00,2026-09-08 16:16:37.826492+00:00,-1.6,12.2,16.445590487594327,15,-2.8000000000000007,2.8000000000000007,1.4455904875943268,1.4455904875943268,0.0,OK,16,Tuesday,2026-09-08
2026-09-08 16:18:00+00:00,2026-09-08 16:16:37.826492+00:00,1.4,11.7,15.77159087744702,11,0.6999999999999993,0.6999999999999993,4.77159087744702,4.77159087744702,0.0,OK,16,Tuesday,2026-09-08
2026-09-08 16:21:00+00:00,2026-09-08 16:19:32.341592+00:00,1.5,13.4,18.063189551947872,24,-10.6,10.6,-5.936810448052128,5.936810448052128,0.0,OK,16,Tuesday,2026-09-08
2026-09-08 16:24:00+00:00,2026-09-08 16:25:57.717571+00:00,-2.0,14.4,19.411188772242486,21,-6.6,6.6,-1.588811227757514,1.588811227757514,0.0,OK,16,Tuesday,2026-09-08
2026-09-08 16:27:00+00:00,2026-09-08 16:25:57.717571+00:00,1.0,14.5,19.545988694271948,12,2.5,2.5,7.545988694271948,7.545988694271948,0.0,OK,16,Tuesday,2026-09-08
2026-09-08 16:30:00+00:00,2026-09-08 16:25:57.717571+00:00,4.0,14.5,19.545988694271948,28,-13.5,13.5,-8.454011305728052,8.454011305728052,0.0,OK,16,Tuesday,2026-09-08
2026-09-08 16:33:00+00:00,2026-09-08 16:25:57.717571+00:00,7.0,14.3,19.276388850213028,23,-8.7,8.7,-3.723611149786972,3.723611149786972,0.0,OK,16,Tuesday,2026-09-08
2026-09-08 16:36:00+00:00,2026-09-08 16:35:52.241857+00:00,0.1,16.8,22.64638690094957,15,1.8000000000000007,1.8000000000000007,7.646386900949569,7.646386900949569,0.0,OK,16,Tuesday,2026-09-08
2026-09-08 16:39:00+00:00,2026-09-08 16:35:52.241857+00:00,3.1,15.5,20.893987914566566,18,-2.5,2.5,2.8939879145665657,2.8939879145665657,0.0,OK,16,Tuesday,2026-09-08
2026-09-08 16:42:00+00:00,2026-09-08 16:35:52.241857+00:00,6.1,14.4,19.411188772242486,21,-6.6,6.6,-1.588811227757514,1.588811227757514,0.0,OK,16,Tuesday,2026-09-08
2026-09-08 16:45:00+00:00,2026-09-08 16:45:44.051154+00:00,-0.7,11.4,15.367191111358636,23,-11.6,11.6,-7.632808888641364,7.632808888641364,0.0,OK,16,Tuesday,2026-09-08
2026-09-08 16:48:00+00:00,2026-09-08 16:45:44.051154+00:00,2.3,11.7,15.77159087744702,17,-5.300000000000001,5.300000000000001,-1.2284091225529803,1.2284091225529803,0.0,OK,16,Tuesday,2026-09-08
2026-09-08 16:51:00+00:00,2026-09-08 16:45:44.051154+00:00,5.3,11.8,15.906390799476483,18,-6.199999999999999,6.199999999999999,-2.0936092005235167,2.0936092005235167,0.0,OK,16,Tuesday,2026-09-08
2026-09-08 16:54:00+00:00,2026-09-08 16:55:44.879142+00:00,-1.7,13.9,18.73718916209518,17,-3.0999999999999996,3.0999999999999996,1.7371891620951807,1.7371891620951807,0.0,OK,16,Tuesday,2026-09-08
2026-09-08 16:57:00+00:00,2026-09-08 16:55:44.879142+00:00,1.3,14.0,18.87198908412464,24,-10.0,10.0,-5.128010915875361,5.128010915875361,0.0,OK,16,Tuesday,2026-09-08
2026-09-08 17:00:00+00:00,2026-09-08 16:55:44.879142+00:00,4.3,14.0,18.87198908412464,13,1.0,1.0,5.871989084124639,5.871989084124639,0.0,OK,17,Tuesday,2026-09-08
2026-09-08 17:03:00+00:00,2026-09-08 16:55:44.879142+00:00,7.3,13.7,18.467589318036254,13,0.6999999999999993,0.6999999999999993,5.467589318036254,5.467589318036254,0.0,OK,17,Tuesday,2026-09-08
2026-09-08 17:06:00+00:00,2026-09-08 17:04:50.425382+00:00,1.2,13.3,17.92838962991841,13,0.3000000000000007,0.3000000000000007,4.92838962991841,4.92838962991841,0.0,OK,17,Tuesday,2026-09-08
2026-09-08 17:09:00+00:00,2026-09-08 17:08:56.067627+00:00,0.1,9.8,13.21039235888725,24,-14.2,14.2,-10.78960764111275,10.78960764111275,0.0,OK,17,Tuesday,2026-09-08
2026-09-08 17:12:00+00:00,2026-09-08 17:08:56.067627+00:00,3.1,9.5,12.805992592798862,12,-2.5,2.5,0.8059925927988623,0.8059925927988623,0.0,OK,17,Tuesday,2026-09-08
2026-09-08 17:15:00+00:00,2026-09-08 17:15:23.202809+00:00,-0.4,10.3,13.884391969034558,27,-16.7,16.7,-13.115608030965442,13.115608030965442,0.0,OK,17,Tuesday,2026-09-08
2026-09-08 17:18:00+00:00,2026-09-08 17:15:23.202809+00:00,2.6,10.0,13.479992202946171,11,-1.0,1.0,2.479992202946171,2.479992202946171,0.0,OK,17,Tuesday,2026-09-08
2026-09-08 17:21:00+00:00,2026-09-08 17:15:23.202809+00:00,5.6,10.0,13.479992202946171,20,-10.0,10.0,-6.520007797053829,6.520007797053829,0.0,OK,17,Tuesday,2026-09-08
2026-09-08 17:24:00+00:00,2026-09-08 17:26:39.199026+00:00,-2.7,10.7,14.423591657152402,17,-6.300000000000001,6.300000000000001,-2.576408342847598,2.576408342847598,0.0,OK,17,Tuesday,2026-09-08
2026-09-08 17:27:00+00:00,2026-09-08 17:26:39.199026+00:00,0.3,10.7,14.423591657152402,23,-12.3,12.3,-8.576408342847598,8.576408342847598,0.0,OK,17,Tuesday,2026-09-08
2026-09-08 17:30:00+00:00,2026-09-08 17:26:39.199026+00:00,3.3,10.5,14.15399181309348,8,2.5,2.5,6.15399181309348,6.15399181309348,0.0,OK,17,Tuesday,2026-09-08
2026-09-08 17:33:00+00:00,2026-09-08 17:26:39.199026+00:00,6.3,10.5,14.15399181309348,14,-3.5,3.5,0.1539918130934801,0.1539918130934801,0.02,OK,17,Tuesday,2026-09-08
2026-09-08 17:36:00+00:00,2026-09-08 17:35:09.790434+00:00,0.8,10.8,14.558391579181865,19,-8.2,8.2,-4.441608420818135,4.441608420818135,0.14,OK,17,Tuesday,2026-09-08
2026-09-08 17:39:00+00:00,2026-09-08 17:35:09.790434+00:00,3.8,10.2,13.749592047005095,19,-8.8,8.8,-5.250407952994905,5.250407952994905,0.0,OK,17,Tuesday,2026-09-08
2026-09-08 17:42:00+00:00,2026-09-08 17:42:05.462629+00:00,-0.1,10.3,13.884391969034558,21,-10.7,10.7,-7.115608030965442,7.115608030965442,0.0,OK,17,Tuesday,2026-09-08
2026-09-08 17:45:00+00:00,2026-09-08 17:44:58.446054+00:00,0.0,11.1,14.96279134527025,13,-1.9000000000000004,1.9000000000000004,1.9627913452702508,1.9627913452702508,0.0,OK,17,Tuesday,2026-09-08
2026-09-08 17:48:00+00:00,2026-09-08 17:44:58.446054+00:00,3.0,10.5,14.15399181309348,8,2.5,2.5,6.15399181309348,6.15399181309348,0.0,OK,17,Tuesday,2026-09-08
2026-09-08 17:51:00+00:00,2026-09-08 17:44:58.446054+00:00,6.0,10.1,13.614792124975633,16,-5.9,5.9,-2.385207875024367,2.385207875024367,0.0,OK,17,Tuesday,2026-09-08
2026-09-08 17:54:00+00:00,2026-09-08 17:54:53.297344+00:00,-0.9,9.2,12.401592826710477,15,-5.800000000000001,5.800000000000001,-2.598407173289523,2.598407173289523,0.0,OK,17,Tuesday,2026-09-08
2026-09-08 17:57:00+00:00,2026-09-08 17:54:53.297344+00:00,2.1,8.9,11.997193060622093,14,-5.1,5.1,-2.0028069393779067,2.0028069393779067,0.0,OK,17,Tuesday,2026-09-08
2026-09-08 18:00:00+00:00,2026-09-08 17:58:14.328324+00:00,1.8,8.5,11.457993372504246,11,-2.5,2.5,0.4579933725042462,0.4579933725042462,0.0,OK,18,Tuesday,2026-09-08
2026-09-08 18:03:00+00:00,2026-09-08 17:58:14.328324+00:00,4.8,8.2,11.053593606415859,5,3.1999999999999993,3.1999999999999993,6.053593606415859,6.053593606415859,0.0,OK,18,Tuesday,2026-09-08
2026-09-08 18:06:00+00:00,2026-09-08 18:04:55.098449+00:00,1.1,10.2,13.749592047005095,4,6.199999999999999,6.199999999999999,9.749592047005095,9.749592047005095,0.0,OK,18,Tuesday,2026-09-08
2026-09-08 18:09:00+00:00,2026-09-08 18:04:55.098449+00:00,4.1,10.0,13.479992202946171,5,5.0,5.0,8.479992202946171,8.479992202946171,0.0,OK,18,Tuesday,2026-09-08
2026-09-08 18:12:00+00:00,2026-09-08 18:04:55.098449+00:00,7.1,9.5,12.805992592798862,3,6.5,6.5,9.805992592798862,9.805992592798862,0.0,OK,18,Tuesday,2026-09-08
2026-09-08 18:15:00+00:00,2026-09-08 18:14:43.625280+00:00,0.3,4.0,5.391996881178469,14,-10.0,10.0,-8.608003118821532,8.608003118821532,0.0,OK,18,Tuesday,2026-09-08
2026-09-08 18:24:00+00:00,2026-09-08 18:24:25.470860+00:00,-0.4,7.0,9.43599454206232,6,1.0,1.0,3.4359945420623195,3.4359945420623195,0.0,OK,18,Tuesday,2026-09-08
2026-09-08 18:27:00+00:00,2026-09-08 18:24:25.470860+00:00,2.6,6.4,8.62719500988555,7,-0.5999999999999996,0.5999999999999996,1.6271950098855505,1.6271950098855505,0.0,OK,18,Tuesday,2026-09-08
2026-09-09 12:48:00+00:00,2026-09-09 12:43:18.757315+00:00,4.7,5.3,7.144395867561471,1,4.3,4.3,6.144395867561471,6.144395867561471,0.0,OK,12,Wednesday,2026-09-09
2026-09-09 12:51:00+00:00,2026-09-09 12:43:18.757315+00:00,7.7,5.2,7.009595945532009,6,-0.7999999999999998,0.7999999999999998,1.0095959455320092,1.0095959455320092,0.0,OK,12,Wednesday,2026-09-09
2026-09-09 12:54:00+00:00,2026-09-09 12:43:18.757315+00:00,10.7,5.3,7.144395867561471,12,-6.7,6.7,-4.855604132438529,4.855604132438529,0.0,OK,12,Wednesday,2026-09-09
2026-09-09 12:57:00+00:00,2026-09-09 12:43:18.757315+00:00,13.7,5.3,7.144395867561471,9,-3.7,3.7,-1.855604132438529,1.855604132438529,0.0,OK,12,Wednesday,2026-09-09
2026-09-09 13:00:00+00:00,2026-09-09 13:00:08.380924+00:00,-0.1,7.9,10.649193840327476,18,-10.1,10.1,-7.3508061596725245,7.3508061596725245,0.0,OK,13,Wednesday,2026-09-09
2026-09-09 13:03:00+00:00,2026-09-09 13:00:08.380924+00:00,2.9,8.1,10.918793684386399,10,-1.9000000000000004,1.9000000000000004,0.9187936843863991,0.9187936843863991,0.0,OK,13,Wednesday,2026-09-09
2026-09-09 13:06:00+00:00,2026-09-09 13:06:29.647414+00:00,-0.5,11.0,14.827991423240789,8,3.0,3.0,6.827991423240789,6.827991423240789,0.0,OK,13,Wednesday,2026-09-09
2026-09-09 13:09:00+00:00,2026-09-09 13:07:46.848332+00:00,1.2,6.0,8.087995321767703,14,-8.0,8.0,-5.912004678232297,5.912004678232297,0.0,OK,13,Wednesday,2026-09-09
2026-09-09 13:12:00+00:00,2026-09-09 13:07:46.848332+00:00,4.2,5.7,7.683595555679318,1,4.7,4.7,6.683595555679318,6.683595555679318,0.0,OK,13,Wednesday,2026-09-09
2026-09-09 13:15:00+00:00,2026-09-09 13:14:25.561802+00:00,0.6,5.7,7.683595555679318,5,0.7000000000000002,0.7000000000000002,2.683595555679318,2.683595555679318,0.0,OK,13,Wednesday,2026-09-09
2026-09-09 13:18:00+00:00,2026-09-09 13:18:58.389540+00:00,-1.0,5.4,7.279195789590933,3,2.4000000000000004,2.4000000000000004,4.279195789590933,4.279195789590933,0.0,OK,13,Wednesday,2026-09-09
2026-09-09 13:21:00+00:00,2026-09-09 13:18:58.389540+00:00,2.0,5.7,7.683595555679318,19,-13.3,13.3,-11.316404444320682,11.316404444320682,0.0,OK,13,Wednesday,2026-09-09
2026-09-09 13:24:00+00:00,2026-09-09 13:25:44.426748+00:00,-1.7,8.2,11.053593606415859,7,1.1999999999999993,1.1999999999999993,4.053593606415859,4.053593606415859,0.0,OK,13,Wednesday,2026-09-09
2026-09-09 13:27:00+00:00,2026-09-09 13:25:44.426748+00:00,1.3,8.2,11.053593606415859,7,1.1999999999999993,1.1999999999999993,4.053593606415859,4.053593606415859,0.0,OK,13,Wednesday,2026-09-09
2026-09-09 13:30:00+00:00,2026-09-09 13:25:44.426748+00:00,4.3,8.0,10.783993762356937,13,-5.0,5.0,-2.2160062376430627,2.2160062376430627,0.0,OK,13,Wednesday,2026-09-09
2026-09-09 13:33:00+00:00,2026-09-09 13:25:44.426748+00:00,7.3,7.6,10.24479407423909,11,-3.4000000000000004,3.4000000000000004,-0.7552059257609098,0.7552059257609098,0.0,OK,13,Wednesday,2026-09-09
2026-09-09 13:36:00+00:00,2026-09-09 13:35:10.657159+00:00,0.8,8.3,11.188393528445323,6,2.3000000000000007,2.3000000000000007,5.188393528445323,5.188393528445323,0.0,OK,13,Wednesday,2026-09-09
2026-09-09 13:39:00+00:00,2026-09-09 13:35:10.657159+00:00,3.8,8.1,10.918793684386399,8,0.09999999999999964,0.09999999999999964,2.918793684386399,2.918793684386399,0.0,OK,13,Wednesday,2026-09-09
2026-09-09 13:42:00+00:00,2026-09-09 13:35:10.657159+00:00,6.8,7.7,10.379593996268552,13,-5.3,5.3,-2.620406003731448,2.620406003731448,0.0,OK,13,Wednesday,2026-09-09
2026-09-09 13:45:00+00:00,2026-09-09 13:45:01.763054+00:00,-0.0,5.2,7.009595945532009,9,-3.8,3.8,-1.9904040544679908,1.9904040544679908,0.0,OK,13,Wednesday,2026-09-09
2026-09-09 13:48:00+00:00,2026-09-09 13:45:01.763054+00:00,3.0,4.9,6.605196179443625,5,-0.09999999999999964,0.09999999999999964,1.6051961794436247,1.6051961794436247,0.0,OK,13,Wednesday,2026-09-09
2026-09-09 13:51:00+00:00,2026-09-09 13:45:01.763054+00:00,6.0,5.1,6.874796023502547,13,-7.9,7.9,-6.125203976497453,6.125203976497453,0.0,OK,13,Wednesday,2026-09-09
2026-09-09 13:54:00+00:00,2026-09-09 13:54:19.426682+00:00,-0.3,7.0,9.43599454206232,23,-16.0,16.0,-13.56400545793768,13.56400545793768,0.0,OK,13,Wednesday,2026-09-09
2026-09-09 13:57:00+00:00,2026-09-09 13:54:19.426682+00:00,2.7,7.3,9.840394308150705,13,-5.7,5.7,-3.159605691849295,3.159605691849295,0.0,OK,13,Wednesday,2026-09-09
2026-09-09 14:00:00+00:00,2026-09-09 13:54:19.426682+00:00,5.7,7.4,9.975194230180167,13,-5.6,5.6,-3.0248057698198334,3.0248057698198334,0.0,OK,14,Wednesday,2026-09-09
2026-09-09 14:03:00+00:00,2026-09-09 13:54:19.426682+00:00,8.7,7.6,10.24479407423909,7,0.5999999999999996,0.5999999999999996,3.24479407423909,3.24479407423909,0.0,OK,14,Wednesday,2026-09-09
2026-09-09 14:06:00+00:00,2026-09-09 14:04:19.201351+00:00,1.7,9.6,12.940792514828324,12,-2.4000000000000004,2.4000000000000004,0.940792514828324,0.940792514828324,0.0,OK,14,Wednesday,2026-09-09
2026-09-09 14:09:00+00:00,2026-09-09 14:04:19.201351+00:00,4.7,9.3,12.53639274873994,7,2.3000000000000007,2.3000000000000007,5.5363927487399405,5.5363927487399405,0.0,OK,14,Wednesday,2026-09-09
2026-09-09 14:12:00+00:00,2026-09-09 14:04:19.201351+00:00,7.7,8.9,11.997193060622093,6,2.9000000000000004,2.9000000000000004,5.997193060622093,5.997193060622093,0.0,OK,14,Wednesday,2026-09-09
2026-09-09 14:15:00+00:00,2026-09-09 14:15:02.629524+00:00,-0.0,5.7,7.683595555679318,10,-4.3,4.3,-2.316404444320682,2.316404444320682,0.0,OK,14,Wednesday,2026-09-09
2026-09-09 14:18:00+00:00,2026-09-09 14:15:02.629524+00:00,3.0,5.8,7.818395477708779,6,-0.20000000000000018,0.20000000000000018,1.818395477708779,1.818395477708779,0.0,OK,14,Wednesday,2026-09-09
2026-09-09 14:21:00+00:00,2026-09-09 14:15:02.629524+00:00,6.0,6.0,8.087995321767703,11,-5.0,5.0,-2.9120046782322966,2.9120046782322966,0.0,OK,14,Wednesday,2026-09-09
2026-09-09 14:24:00+00:00,2026-09-09 14:24:34.384571+00:00,-0.6,6.4,8.62719500988555,11,-4.6,4.6,-2.3728049901144495,2.3728049901144495,0.0,OK,14,Wednesday,2026-09-09
2026-09-09 14:27:00+00:00,2026-09-09 14:24:34.384571+00:00,2.4,6.5,8.761994931915012,8,-1.5,1.5,0.7619949319150123,0.7619949319150123,0.0,OK,14,Wednesday,2026-09-09
2026-09-09 14:30:00+00:00,2026-09-09 14:24:34.384571+00:00,5.4,6.6,8.896794853944472,10,-3.4000000000000004,3.4000000000000004,-1.1032051460555277,1.1032051460555277,0.0,OK,14,Wednesday,2026-09-09
2026-09-09 14:33:00+00:00,2026-09-09 14:24:34.384571+00:00,8.4,6.9,9.30119462003286,8,-1.0999999999999996,1.0999999999999996,1.3011946200328595,1.3011946200328595,0.0,OK,14,Wednesday,2026-09-09
2026-09-09 14:36:00+00:00,2026-09-09 14:34:59.570114+00:00,1.0,7.6,10.24479407423909,5,2.5999999999999996,2.5999999999999996,5.24479407423909,5.24479407423909,0.0,OK,14,Wednesday,2026-09-09
2026-09-09 14:39:00+00:00,2026-09-09 14:34:59.570114+00:00,4.0,7.3,9.840394308150705,10,-2.7,2.7,-0.15960569184929518,0.15960569184929518,0.0,OK,14,Wednesday,2026-09-09
2026-09-09 14:42:00+00:00,2026-09-09 14:34:59.570114+00:00,7.0,7.4,9.975194230180167,6,1.4000000000000004,1.4000000000000004,3.9751942301801666,3.9751942301801666,0.0,OK,14,Wednesday,2026-09-09
2026-09-09 14:45:00+00:00,2026-09-09 14:44:42.065816+00:00,0.3,5.9,7.953195399738242,11,-5.1,5.1,-3.0468046002617584,3.0468046002617584,0.0,OK,14,Wednesday,2026-09-09
2026-09-09 14:48:00+00:00,2026-09-09 14:44:42.065816+00:00,3.3,6.1,8.222795243797163,9,-2.9000000000000004,2.9000000000000004,-0.7772047562028366,0.7772047562028366,0.0,OK,14,Wednesday,2026-09-09
2026-09-09 14:51:00+00:00,2026-09-09 14:44:42.065816+00:00,6.3,6.4,8.62719500988555,11,-4.6,4.6,-2.3728049901144495,2.3728049901144495,0.0,OK,14,Wednesday,2026-09-09
2026-09-09 14:54:00+00:00,2026-09-09 14:55:07.024140+00:00,-1.1,7.5,10.109994152209628,8,-0.5,0.5,2.1099941522096284,2.1099941522096284,0.0,OK,14,Wednesday,2026-09-09
2026-09-09 14:57:00+00:00,2026-09-09 14:55:07.024140+00:00,1.9,7.2,9.705594386121243,8,-0.7999999999999998,0.7999999999999998,1.705594386121243,1.705594386121243,0.0,OK,14,Wednesday,2026-09-09
2026-09-09 15:00:00+00:00,2026-09-09 14:55:07.024140+00:00,4.9,7.1,9.570794464091781,10,-2.9000000000000004,2.9000000000000004,-0.42920553590821875,0.42920553590821875,0.0,OK,15,Wednesday,2026-09-09
2026-09-09 15:03:00+00:00,2026-09-09 14:55:07.024140+00:00,7.9,7.1,9.570794464091781,6,1.0999999999999996,1.0999999999999996,3.5707944640917813,3.5707944640917813,0.0,OK,15,Wednesday,2026-09-09
2026-09-09 15:06:00+00:00,2026-09-09 15:04:32.058857+00:00,1.5,8.4,11.323193450474784,15,-6.6,6.6,-3.6768065495252156,3.6768065495252156,0.0,OK,15,Wednesday,2026-09-09
2026-09-09 15:09:00+00:00,2026-09-09 15:04:32.058857+00:00,4.5,8.4,11.323193450474784,8,0.40000000000000036,0.40000000000000036,3.3231934504747844,3.3231934504747844,0.0,OK,15,Wednesday,2026-09-09
2026-09-09 15:12:00+00:00,2026-09-09 15:04:32.058857+00:00,7.5,8.5,11.457993372504246,5,3.5,3.5,6.457993372504246,6.457993372504246,0.0,OK,15,Wednesday,2026-09-09
2026-09-09 15:15:00+00:00,2026-09-09 15:15:53.334002+00:00,-0.9,7.0,9.43599454206232,5,2.0,2.0,4.4359945420623195,4.4359945420623195,0.0,OK,15,Wednesday,2026-09-09
2026-09-09 15:18:00+00:00,2026-09-09 15:15:53.334002+00:00,2.1,6.8,9.166394698003396,14,-7.2,7.2,-4.833605301996604,4.833605301996604,0.0,OK,15,Wednesday,2026-09-09
2026-09-09 15:21:00+00:00,2026-09-09 15:15:53.334002+00:00,5.1,6.9,9.30119462003286,6,0.9000000000000004,0.9000000000000004,3.3011946200328595,3.3011946200328595,0.0,OK,15,Wednesday,2026-09-09
2026-09-09 15:24:00+00:00,2026-09-09 15:24:53.719470+00:00,-0.9,6.7,9.031594775973936,12,-5.3,5.3,-2.968405224026064,2.968405224026064,0.0,OK,15,Wednesday,2026-09-09
2026-09-09 15:27:00+00:00,2026-09-09 15:24:53.719470+00:00,2.1,6.8,9.166394698003396,18,-11.2,11.2,-8.833605301996604,8.833605301996604,0.0,OK,15,Wednesday,2026-09-09
2026-09-09 15:30:00+00:00,2026-09-09 15:24:53.719470+00:00,5.1,7.2,9.705594386121243,11,-3.8,3.8,-1.294405613878757,1.294405613878757,0.0,OK,15,Wednesday,2026-09-09
2026-09-09 15:33:00+00:00,2026-09-09 15:24:53.719470+00:00,8.1,7.4,9.975194230180167,12,-4.6,4.6,-2.0248057698198334,2.0248057698198334,0.0,OK,15,Wednesday,2026-09-09
2026-09-09 15:36:00+00:00,2026-09-09 15:35:23.005263+00:00,0.6,8.1,10.918793684386399,12,-3.9000000000000004,3.9000000000000004,-1.081206315613601,1.081206315613601,0.0,OK,15,Wednesday,2026-09-09
2026-09-09 15:39:00+00:00,2026-09-09 15:35:23.005263+00:00,3.6,8.0,10.783993762356937,13,-5.0,5.0,-2.2160062376430627,2.2160062376430627,0.0,OK,15,Wednesday,2026-09-09
2026-09-09 15:42:00+00:00,2026-09-09 15:35:23.005263+00:00,6.6,8.0,10.783993762356937,17,-9.0,9.0,-6.216006237643063,6.216006237643063,0.0,OK,15,Wednesday,2026-09-09
2026-09-09 15:45:00+00:00,2026-09-09 15:44:57.413515+00:00,0.0,8.8,11.862393138592632,20,-11.2,11.2,-8.137606861407368,8.137606861407368,0.0,OK,15,Wednesday,2026-09-09
2026-09-09 15:48:00+00:00,2026-09-09 15:44:57.413515+00:00,3.0,8.5,11.457993372504246,12,-3.5,3.5,-0.5420066274957538,0.5420066274957538,0.0,OK,15,Wednesday,2026-09-09
2026-09-09 15:51:00+00:00,2026-09-09 15:44:57.413515+00:00,6.0,8.7,11.727593216563168,10,-1.3000000000000007,1.3000000000000007,1.727593216563168,1.727593216563168,0.0,OK,15,Wednesday,2026-09-09
2026-09-09 15:54:00+00:00,2026-09-09 15:54:17.719080+00:00,-0.3,9.7,13.075592436857786,12,-2.3000000000000007,2.3000000000000007,1.0755924368577858,1.0755924368577858,0.0,OK,15,Wednesday,2026-09-09
2026-09-09 15:57:00+00:00,2026-09-09 15:54:17.719080+00:00,2.7,9.7,13.075592436857786,17,-7.300000000000001,7.300000000000001,-3.924407563142214,3.924407563142214,0.0,OK,15,Wednesday,2026-09-09
2026-09-09 16:00:00+00:00,2026-09-09 15:54:17.719080+00:00,5.7,9.9,13.345192280916711,16,-6.1,6.1,-2.654807719083289,2.654807719083289,0.0,OK,16,Wednesday,2026-09-09
2026-09-09 16:03:00+00:00,2026-09-09 15:54:17.719080+00:00,8.7,10.2,13.749592047005095,12,-1.8000000000000007,1.8000000000000007,1.7495920470050947,1.7495920470050947,0.0,OK,16,Wednesday,2026-09-09
2026-09-09 16:06:00+00:00,2026-09-09 16:04:34.398879+00:00,1.4,12.9,17.389189941800563,17,-4.1,4.1,0.3891899418005629,0.3891899418005629,0.0,OK,16,Wednesday,2026-09-09
2026-09-09 16:09:00+00:00,2026-09-09 16:04:34.398879+00:00,4.4,12.2,16.445590487594327,21,-8.8,8.8,-4.554409512405673,4.554409512405673,0.0,OK,16,Wednesday,2026-09-09
2026-09-09 16:12:00+00:00,2026-09-09 16:04:34.398879+00:00,7.4,12.1,16.31079056556487,17,-4.9,4.9,-0.6892094344351314,0.6892094344351314,0.0,OK,16,Wednesday,2026-09-09
2026-09-09 16:15:00+00:00,2026-09-09 16:14:40.727732+00:00,0.3,11.4,15.367191111358636,15,-3.5999999999999996,3.5999999999999996,0.36719111135863614,0.36719111135863614,0.0,OK,16,Wednesday,2026-09-09
2026-09-09 16:18:00+00:00,2026-09-09 16:14:40.727732+00:00,3.3,11.2,15.09759126729971,14,-2.8000000000000007,2.8000000000000007,1.0975912672997108,1.0975912672997108,0.0,OK,16,Wednesday,2026-09-09
2026-09-09 16:21:00+00:00,2026-09-09 16:14:40.727732+00:00,6.3,11.5,15.501991033388098,16,-4.5,4.5,-0.4980089666119021,0.4980089666119021,0.0,OK,16,Wednesday,2026-09-09
2026-09-09 16:24:00+00:00,2026-09-09 16:24:30.301683+00:00,-0.5,12.5,16.849990253682716,14,-1.5,1.5,2.8499902536827157,2.8499902536827157,0.0,OK,16,Wednesday,2026-09-09
2026-09-09 16:27:00+00:00,2026-09-09 16:24:30.301683+00:00,2.5,12.9,17.389189941800563,11,1.9000000000000004,1.9000000000000004,6.389189941800563,6.389189941800563,0.0,OK,16,Wednesday,2026-09-09
2026-09-09 16:30:00+00:00,2026-09-09 16:24:30.301683+00:00,5.5,13.0,17.523989863830025,24,-11.0,11.0,-6.476010136169975,6.476010136169975,0.0,OK,16,Wednesday,2026-09-09
2026-09-09 16:33:00+00:00,2026-09-09 16:24:30.301683+00:00,8.5,13.0,17.523989863830025,12,1.0,1.0,5.523989863830025,5.523989863830025,0.0,OK,16,Wednesday,2026-09-09
2026-09-09 16:36:00+00:00,2026-09-09 16:35:05.407353+00:00,0.9,15.3,20.624388070507642,19,-3.6999999999999993,3.6999999999999993,1.6243880705076421,1.6243880705076421,0.0,OK,16,Wednesday,2026-09-09
2026-09-09 16:39:00+00:00,2026-09-09 16:35:05.407353+00:00,3.9,14.5,19.545988694271948,13,1.5,1.5,6.545988694271948,6.545988694271948,0.0,OK,16,Wednesday,2026-09-09
2026-09-09 16:42:00+00:00,2026-09-09 16:35:05.407353+00:00,6.9,14.0,18.87198908412464,12,2.0,2.0,6.871989084124639,6.871989084124639,0.0,OK,16,Wednesday,2026-09-09
2026-09-09 16:45:00+00:00,2026-09-09 16:44:22.650648+00:00,0.6,10.1,13.614792124975633,10,0.09999999999999964,0.09999999999999964,3.614792124975633,3.614792124975633,0.0,OK,16,Wednesday,2026-09-09
2026-09-09 16:48:00+00:00,2026-09-09 16:44:22.650648+00:00,3.6,9.8,13.21039235888725,14,-4.199999999999999,4.199999999999999,-0.7896076411127506,0.7896076411127506,0.0,OK,16,Wednesday,2026-09-09
2026-09-09 16:51:00+00:00,2026-09-09 16:44:22.650648+00:00,6.6,10.0,13.479992202946171,18,-8.0,8.0,-4.520007797053829,4.520007797053829,0.0,OK,16,Wednesday,2026-09-09
2026-09-09 16:54:00+00:00,2026-09-09 16:55:31.516948+00:00,-1.5,10.9,14.693191501211327,13,-2.0999999999999996,2.0999999999999996,1.6931915012113272,1.6931915012113272,0.0,OK,16,Wednesday,2026-09-09
2026-09-09 16:57:00+00:00,2026-09-09 16:55:31.516948+00:00,1.5,10.8,14.558391579181865,29,-18.2,18.2,-14.441608420818135,14.441608420818135,0.0,OK,16,Wednesday,2026-09-09
2026-09-09 17:00:00+00:00,2026-09-09 16:55:31.516948+00:00,4.5,10.7,14.423591657152402,20,-9.3,9.3,-5.576408342847598,5.576408342847598,0.0,OK,17,Wednesday,2026-09-09
2026-09-09 17:03:00+00:00,2026-09-09 16:55:31.516948+00:00,7.5,10.5,14.15399181309348,23,-12.5,12.5,-8.84600818690652,8.84600818690652,0.0,OK,17,Wednesday,2026-09-09
2026-09-09 17:06:00+00:00,2026-09-09 17:04:46.169941+00:00,1.2,15.8,21.29838768065495,14,1.8000000000000007,1.8000000000000007,7.298387680654951,7.298387680654951,0.0,OK,17,Wednesday,2026-09-09
2026-09-09 17:09:00+00:00,2026-09-09 17:04:46.169941+00:00,4.2,14.7,19.81558853833087,15,-0.3000000000000007,0.3000000000000007,4.815588538330871,4.815588538330871,0.0,OK,17,Wednesday,2026-09-09
2026-09-09 17:12:00+00:00,2026-09-09 17:04:46.169941+00:00,7.2,14.2,19.141588928183563,16,-1.8000000000000007,1.8000000000000007,3.1415889281835625,3.1415889281835625,0.0,OK,17,Wednesday,2026-09-09
2026-09-09 17:15:00+00:00,2026-09-09 17:15:10.026932+00:00,-0.2,10.7,14.423591657152402,14,-3.3000000000000007,3.3000000000000007,0.4235916571524019,0.4235916571524019,0.0,OK,17,Wednesday,2026-09-09
2026-09-09 17:18:00+00:00,2026-09-09 17:15:10.026932+00:00,2.8,10.6,14.288791735122942,12,-1.4000000000000004,1.4000000000000004,2.288791735122942,2.288791735122942,0.0,OK,17,Wednesday,2026-09-09
2026-09-09 17:21:00+00:00,2026-09-09 17:15:10.026932+00:00,5.8,10.5,14.15399181309348,18,-7.5,7.5,-3.84600818690652,3.84600818690652,0.0,OK,17,Wednesday,2026-09-09
2026-09-09 17:24:00+00:00,2026-09-09 17:24:47.713368+00:00,-0.8,11.8,15.906390799476483,18,-6.199999999999999,6.199999999999999,-2.0936092005235167,2.0936092005235167,0.0,OK,17,Wednesday,2026-09-09
2026-09-09 17:27:00+00:00,2026-09-09 17:24:47.713368+00:00,2.2,11.6,15.636790955417558,14,-2.4000000000000004,2.4000000000000004,1.636790955417558,1.636790955417558,0.0,OK,17,Wednesday,2026-09-09
2026-09-09 17:30:00+00:00,2026-09-09 17:24:47.713368+00:00,5.2,11.4,15.367191111358636,20,-8.6,8.6,-4.632808888641364,4.632808888641364,0.0,OK,17,Wednesday,2026-09-09
2026-09-09 17:33:00+00:00,2026-09-09 17:24:47.713368+00:00,8.2,11.1,14.96279134527025,13,-1.9000000000000004,1.9000000000000004,1.9627913452702508,1.9627913452702508,0.0,OK,17,Wednesday,2026-09-09
2026-09-09 17:36:00+00:00,2026-09-09 17:34:31.304938+00:00,1.5,13.4,18.063189551947872,18,-4.6,4.6,0.06318955194787179,0.06318955194787179,0.0,OK,17,Wednesday,2026-09-09
2026-09-09 17:39:00+00:00,2026-09-09 17:34:31.304938+00:00,4.5,12.9,17.389189941800563,12,0.9000000000000004,0.9000000000000004,5.389189941800563,5.389189941800563,0.0,OK,17,Wednesday,2026-09-09
2026-09-09 17:42:00+00:00,2026-09-09 17:34:31.304938+00:00,7.5,12.2,16.445590487594327,11,1.1999999999999993,1.1999999999999993,5.445590487594327,5.445590487594327,0.0,OK,17,Wednesday,2026-09-09
2026-09-09 17:45:00+00:00,2026-09-09 17:44:40.179776+00:00,0.3,8.7,11.727593216563168,17,-8.3,8.3,-5.272406783436832,5.272406783436832,0.0,OK,17,Wednesday,2026-09-09
2026-09-09 17:48:00+00:00,2026-09-09 17:44:40.179776+00:00,3.3,8.3,11.188393528445323,16,-7.699999999999999,7.699999999999999,-4.811606471554677,4.811606471554677,0.0,OK,17,Wednesday,2026-09-09
2026-09-09 17:51:00+00:00,2026-09-09 17:44:40.179776+00:00,6.3,8.2,11.053593606415859,13,-4.800000000000001,4.800000000000001,-1.946406393584141,1.946406393584141,0.0,OK,17,Wednesday,2026-09-09
2026-09-09 17:54:00+00:00,2026-09-09 17:54:13.379909+00:00,-0.2,10.2,13.749592047005095,12,-1.8000000000000007,1.8000000000000007,1.7495920470050947,1.7495920470050947,0.0,OK,17,Wednesday,2026-09-09
2026-09-09 17:57:00+00:00,2026-09-09 17:54:13.379909+00:00,2.8,9.8,13.21039235888725,14,-4.199999999999999,4.199999999999999,-0.7896076411127506,0.7896076411127506,0.0,OK,17,Wednesday,2026-09-09
2026-09-09 18:00:00+00:00,2026-09-09 17:54:13.379909+00:00,5.8,9.2,12.401592826710477,13,-3.8000000000000007,3.8000000000000007,-0.5984071732895231,0.5984071732895231,0.0,OK,18,Wednesday,2026-09-09
2026-09-09 18:03:00+00:00,2026-09-09 17:54:13.379909+00:00,8.8,8.6,11.592793294533708,9,-0.40000000000000036,0.40000000000000036,2.592793294533708,2.592793294533708,0.0,OK,18,Wednesday,2026-09-09
2026-09-09 18:06:00+00:00,2026-09-09 18:04:10.300728+00:00,1.8,9.4,12.671192670769402,5,4.4,4.4,7.671192670769402,7.671192670769402,0.0,OK,18,Wednesday,2026-09-09
2026-09-09 18:09:00+00:00,2026-09-09 18:04:10.300728+00:00,4.8,8.9,11.997193060622093,6,2.9000000000000004,2.9000000000000004,5.997193060622093,5.997193060622093,0.0,OK,18,Wednesday,2026-09-09
2026-09-09 18:12:00+00:00,2026-09-09 18:04:10.300728+00:00,7.8,8.2,11.053593606415859,4,4.199999999999999,4.199999999999999,7.053593606415859,7.053593606415859,0.0,OK,18,Wednesday,2026-09-09
2026-09-09 18:15:00+00:00,2026-09-09 18:14:01.861956+00:00,1.0,4.9,6.605196179443625,1,3.9000000000000004,3.9000000000000004,5.605196179443625,5.605196179443625,0.0,OK,18,Wednesday,2026-09-09
2026-09-09 18:21:00+00:00,2026-09-09 18:14:01.861956+00:00,7.0,4.4,5.931196569296316,3,1.4000000000000004,1.4000000000000004,2.931196569296316,2.931196569296316,0.0,OK,18,Wednesday,2026-09-09
2026-09-09 18:24:00+00:00,2026-09-09 18:23:55.832572+00:00,0.1,3.8,5.122397037119545,5,-1.2000000000000002,1.2000000000000002,0.12239703711954508,0.12239703711954508,0.0,OK,18,Wednesday,2026-09-09
2026-09-09 18:27:00+00:00,2026-09-09 18:23:55.832572+00:00,3.1,3.7,4.987597115090083,3,0.7000000000000002,0.7000000000000002,1.9875971150900833,1.9875971150900833,0.0,OK,18,Wednesday,2026-09-09
